h3_id,date,ndvi,ndbi,bai,cloud_pct
88a8ac8491fffff,2026-03-28,0.5525,-0.215,,2.4
88a8ac8491fffff,2026-04-17,0.5325,-0.208,,0.1
88a8ac8491fffff,2026-05-05,0.5022,-0.165,,0.2
88a8ac8491fffff,2026-06-19,0.4347,-0.1244,,0.1
88a8ac8491fffff,2026-07-29,0.3085,0.0055,,0.0
88a8ac8491fffff,2026-08-18,0.3112,0.0197,,0.0
88a8ac8493fffff,2026-03-28,0.5056,-0.173,,2.4
88a8ac8493fffff,2026-04-17,0.4932,-0.1754,,0.1
88a8ac8493fffff,2026-05-05,0.471,-0.1447,,0.2
88a8ac8493fffff,2026-06-19,0.4301,-0.1277,,0.1
88a8ac8493fffff,2026-07-29,0.3718,-0.0592,,0.0
88a8ac8493fffff,2026-08-18,0.3728,-0.0407,,0.0
88a8ac8497fffff,2026-03-28,0.5384,-0.2007,,2.4
88a8ac8497fffff,2026-04-17,0.5252,-0.2004,,0.1
88a8ac8497fffff,2026-05-05,0.4939,-0.1546,,0.2
88a8ac8497fffff,2026-06-19,0.4279,-0.121,,0.1
88a8ac8497fffff,2026-07-29,0.3358,-0.0068,,0.0
88a8ac8497fffff,2026-08-18,0.3497,0.0029,,0.0
88a8ac8499fffff,2026-03-28,0.5279,-0.1801,,2.4
88a8ac8499fffff,2026-04-17,0.5132,-0.1812,,0.1
88a8ac8499fffff,2026-05-05,0.4831,-0.1387,,0.2
88a8ac8499fffff,2026-06-19,0.4264,-0.1148,,0.1
88a8ac8499fffff,2026-07-29,0.3354,-0.0175,,0.0
88a8ac8499fffff,2026-08-18,0.3655,-0.0205,,0.0
88a8ac849bfffff,2026-03-28,0.4838,-0.1343,,2.4
88a8ac849bfffff,2026-04-17,0.4792,-0.1485,,0.1
88a8ac849bfffff,2026-05-05,0.4436,-0.1108,,0.2
88a8ac849bfffff,2026-06-19,0.4162,-0.1241,,0.1
88a8ac849bfffff,2026-07-29,0.3768,-0.0682,,0.0
88a8ac849bfffff,2026-08-18,0.35,-0.0228,,0.0
88a8aca001fffff,2026-03-28,0.5521,-0.2222,,2.4
88a8aca001fffff,2026-04-20,0.5477,-0.2335,,0.4
88a8aca001fffff,2026-05-05,0.5325,-0.213,,0.2
88a8aca001fffff,2026-06-19,0.507,-0.2044,,0.6
88a8aca001fffff,2026-07-09,0.5058,-0.1981,,0.0
88a8aca001fffff,2026-08-18,0.4931,-0.1677,,0.0
88a8aca003fffff,2026-03-28,0.5481,-0.2218,,2.4
88a8aca003fffff,2026-04-20,0.5425,-0.2331,,0.4
88a8aca003fffff,2026-05-05,0.5241,-0.2124,,0.2
88a8aca003fffff,2026-06-19,0.4879,-0.1988,,0.6
88a8aca003fffff,2026-07-09,0.4859,-0.1888,,0.0
88a8aca003fffff,2026-08-18,0.4822,-0.1703,,0.0
88a8aca005fffff,2026-03-28,0.5495,-0.2178,,2.4
88a8aca005fffff,2026-04-20,0.5407,-0.2245,,0.4
88a8aca005fffff,2026-05-05,0.51,-0.1911,,0.2
88a8aca005fffff,2026-06-19,0.4708,-0.1587,,0.6
88a8aca005fffff,2026-07-09,0.4613,-0.1407,,0.0
88a8aca005fffff,2026-08-18,0.4332,-0.0896,,0.0
88a8aca007fffff,2026-03-28,0.5373,-0.1982,,2.4
88a8aca007fffff,2026-04-20,0.5254,-0.2023,,0.4
88a8aca007fffff,2026-05-05,0.4964,-0.1658,,0.2
88a8aca007fffff,2026-06-19,0.4475,-0.1241,,0.6
88a8aca007fffff,2026-07-09,0.4432,-0.1072,,0.0
88a8aca007fffff,2026-08-18,0.4045,-0.0466,,0.0
88a8aca009fffff,2026-03-28,0.5545,-0.2197,,2.4
88a8aca009fffff,2026-04-20,0.5486,-0.2294,,0.4
88a8aca009fffff,2026-05-05,0.5231,-0.1995,,0.2
88a8aca009fffff,2026-06-19,0.4934,-0.1853,,0.6
88a8aca009fffff,2026-07-09,0.4879,-0.1735,,0.0
88a8aca009fffff,2026-08-18,0.4672,-0.1289,,0.0
88a8aca00bfffff,2026-03-28,0.5425,-0.2191,,2.4
88a8aca00bfffff,2026-04-20,0.5413,-0.2345,,0.4
88a8aca00bfffff,2026-05-05,0.5253,-0.2164,,0.2
88a8aca00bfffff,2026-06-19,0.4985,-0.2095,,0.6
88a8aca00bfffff,2026-07-09,0.5011,-0.2065,,0.0
88a8aca00bfffff,2026-08-18,0.4947,-0.184,,0.0
88a8aca00dfffff,2026-03-28,0.5582,-0.2277,,2.4
88a8aca00dfffff,2026-04-20,0.553,-0.2403,,0.4
88a8aca00dfffff,2026-05-05,0.5247,-0.2073,,0.2
88a8aca00dfffff,2026-06-19,0.4797,-0.1753,,0.6
88a8aca00dfffff,2026-07-09,0.4729,-0.1575,,0.0
88a8aca00dfffff,2026-08-18,0.4408,-0.0988,,0.0
88a8aca01dfffff,2026-03-28,0.5392,-0.2111,,2.4
88a8aca01dfffff,2026-04-20,0.5408,-0.2308,,0.4
88a8aca01dfffff,2026-05-05,0.5264,-0.2151,,0.2
88a8aca01dfffff,2026-06-19,0.5013,-0.2102,,0.6
88a8aca01dfffff,2026-07-09,0.5044,-0.2055,,0.0
88a8aca01dfffff,2026-08-18,0.4995,-0.1879,,0.0
88a8aca021fffff,2026-03-28,0.4974,-0.1462,,2.4
88a8aca021fffff,2026-04-17,0.4742,-0.1362,,0.1
88a8aca021fffff,2026-05-05,0.4573,-0.1105,,0.2
88a8aca021fffff,2026-06-19,0.3847,-0.0519,,0.1
88a8aca021fffff,2026-07-29,0.3148,0.0203,,0.0
88a8aca021fffff,2026-08-18,0.2986,0.044,,0.0
88a8aca023fffff,2026-03-28,0.5461,-0.2044,,2.4
88a8aca023fffff,2026-04-20,0.5335,-0.2084,,0.4
88a8aca023fffff,2026-05-05,0.5076,-0.1686,,0.2
88a8aca023fffff,2026-06-19,0.4516,-0.124,,0.6
88a8aca023fffff,2026-07-09,0.4402,-0.1033,,0.0
88a8aca023fffff,2026-08-18,0.4037,-0.0434,,0.0
88a8aca025fffff,2026-03-28,0.5264,-0.1979,,2.4
88a8aca025fffff,2026-04-17,0.5131,-0.1957,,0.1
88a8aca025fffff,2026-05-05,0.4832,-0.1558,,0.2
88a8aca025fffff,2026-06-19,0.4143,-0.1085,,0.1
88a8aca025fffff,2026-07-29,0.3337,-0.0174,,0.0
88a8aca025fffff,2026-08-18,0.3226,0.0104,,0.0
88a8aca027fffff,2026-03-28,0.4937,-0.1386,,2.4
88a8aca027fffff,2026-04-17,0.4849,-0.144,,0.1
88a8aca027fffff,2026-05-05,0.4655,-0.1182,,0.2
88a8aca027fffff,2026-06-19,0.4145,-0.0914,,0.1
88a8aca027fffff,2026-07-29,0.3573,-0.0256,,0.0
88a8aca027fffff,2026-08-18,0.3615,-0.0117,,0.0
88a8aca029fffff,2026-03-28,0.5429,-0.2311,,2.4
88a8aca029fffff,2026-04-17,0.5129,-0.218,,0.1
88a8aca029fffff,2026-05-05,0.513,-0.2145,,0.2
88a8aca029fffff,2026-06-19,0.4775,-0.2067,,0.1
88a8aca029fffff,2026-07-29,0.4551,-0.1689,,0.0
88a8aca029fffff,2026-08-18,0.4565,-0.1591,,0.0
88a8aca02bfffff,2026-03-28,0.5422,-0.199,,2.4
88a8aca02bfffff,2026-04-20,0.537,-0.2164,,0.4
88a8aca02bfffff,2026-05-05,0.5049,-0.1777,,0.2
88a8aca02bfffff,2026-06-19,0.4554,-0.1351,,0.6
88a8aca02bfffff,2026-07-09,0.4426,-0.1128,,0.0
88a8aca02bfffff,2026-08-18,0.3857,-0.0291,,0.0
88a8aca02dfffff,2026-03-28,0.5271,-0.1987,,2.4
88a8aca02dfffff,2026-04-17,0.5045,-0.1938,,0.1
88a8aca02dfffff,2026-05-05,0.495,-0.1817,,0.2
88a8aca02dfffff,2026-06-19,0.4587,-0.1718,,0.1
88a8aca02dfffff,2026-07-29,0.4312,-0.1319,,0.0
88a8aca02dfffff,2026-08-18,0.4343,-0.1252,,0.0
88a8aca031fffff,2026-03-28,0.534,-0.1864,,2.4
88a8aca031fffff,2026-04-20,0.529,-0.1993,,0.4
88a8aca031fffff,2026-05-05,0.4968,-0.1551,,0.2
88a8aca031fffff,2026-06-19,0.4155,-0.0804,,0.6
88a8aca031fffff,2026-07-09,0.3988,-0.0563,,0.0
88a8aca031fffff,2026-08-18,0.3313,0.0242,,0.0
88a8aca033fffff,2026-03-28,0.5157,-0.1591,,2.4
88a8aca033fffff,2026-04-20,0.504,-0.1616,,0.4
88a8aca033fffff,2026-05-05,0.4677,-0.1098,,0.2
88a8aca033fffff,2026-06-19,0.3961,-0.0501,,0.6
88a8aca033fffff,2026-07-09,0.3887,-0.0355,,0.0
88a8aca033fffff,2026-08-18,0.3384,0.0266,,0.0
88a8aca035fffff,2026-03-28,0.5404,-0.1957,,2.4
88a8aca035fffff,2026-04-20,0.5345,-0.2087,,0.4
88a8aca035fffff,2026-05-05,0.5097,-0.1749,,0.2
88a8aca035fffff,2026-06-19,0.4505,-0.1217,,0.6
88a8aca035fffff,2026-07-09,0.4321,-0.1004,,0.0
88a8aca035fffff,2026-08-18,0.3709,-0.0256,,0.0
88a8aca037fffff,2026-03-28,0.5273,-0.1767,,2.4
88a8aca037fffff,2026-04-20,0.5067,-0.1722,,0.4
88a8aca037fffff,2026-05-05,0.4706,-0.1169,,0.2
88a8aca037fffff,2026-06-19,0.3944,-0.0521,,0.6
88a8aca037fffff,2026-07-09,0.3937,-0.0496,,0.0
88a8aca037fffff,2026-08-18,0.3532,0.013,,0.0
88a8aca039fffff,2026-03-28,0.5427,-0.2089,,2.4
88a8aca039fffff,2026-04-20,0.5324,-0.2148,,0.4
88a8aca039fffff,2026-05-05,0.4947,-0.1656,,0.2
88a8aca039fffff,2026-06-19,0.4096,-0.0813,,0.6
88a8aca039fffff,2026-07-09,0.3836,-0.0463,,0.0
88a8aca039fffff,2026-08-18,0.3191,0.0271,,0.0
88a8aca03dfffff,2026-03-28,0.5413,-0.2053,,2.4
88a8aca03dfffff,2026-04-20,0.541,-0.2194,,0.4
88a8aca03dfffff,2026-05-05,0.5203,-0.1898,,0.2
88a8aca03dfffff,2026-06-19,0.4788,-0.1611,,0.6
88a8aca03dfffff,2026-07-09,0.4722,-0.1446,,0.0
88a8aca03dfffff,2026-08-18,0.4461,-0.0924,,0.0
88a8aca041fffff,2026-03-28,0.5042,-0.1609,,2.4
88a8aca041fffff,2026-04-20,0.4931,-0.173,,0.4
88a8aca041fffff,2026-05-05,0.4623,-0.1262,,0.2
88a8aca041fffff,2026-06-19,0.3914,-0.0679,,0.6
88a8aca041fffff,2026-07-09,0.3757,-0.0445,,0.0
88a8aca041fffff,2026-08-18,0.3372,0.0131,,0.0
88a8aca043fffff,2026-03-28,0.5428,-0.1897,,2.4
88a8aca043fffff,2026-04-20,0.5343,-0.1985,,0.4
88a8aca043fffff,2026-05-05,0.5021,-0.1576,,0.2
88a8aca043fffff,2026-06-19,0.4521,-0.1246,,0.6
88a8aca043fffff,2026-07-09,0.4299,-0.0987,,0.0
88a8aca043fffff,2026-08-18,0.3837,-0.0296,,0.0
88a8aca045fffff,2026-03-28,0.5147,-0.1703,,2.4
88a8aca045fffff,2026-04-20,0.5007,-0.1729,,0.4
88a8aca045fffff,2026-05-05,0.4715,-0.1268,,0.2
88a8aca045fffff,2026-06-19,0.4054,-0.0759,,0.6
88a8aca045fffff,2026-07-09,0.391,-0.0576,,0.0
88a8aca045fffff,2026-08-18,0.359,0.0073,,0.0
88a8aca047fffff,2026-03-28,0.5385,-0.1929,,2.4
88a8aca047fffff,2026-04-20,0.5293,-0.203,,0.4
88a8aca047fffff,2026-05-05,0.5004,-0.1613,,0.2
88a8aca047fffff,2026-06-19,0.4356,-0.1184,,0.6
88a8aca047fffff,2026-07-09,0.4214,-0.0942,,0.0
88a8aca047fffff,2026-08-18,0.3926,-0.0322,,0.0
88a8aca049fffff,2026-03-28,0.4891,-0.141,,2.4
88a8aca049fffff,2026-04-20,0.4705,-0.1438,,0.4
88a8aca049fffff,2026-05-05,0.444,-0.1056,,0.2
88a8aca049fffff,2026-06-19,0.3778,-0.0596,,0.6
88a8aca049fffff,2026-07-09,0.3718,-0.0462,,0.0
88a8aca049fffff,2026-08-18,0.3435,0.0028,,0.0
88a8aca04bfffff,2026-03-28,0.4879,-0.1378,,2.4
88a8aca04bfffff,2026-04-20,0.4677,-0.1381,,0.4
88a8aca04bfffff,2026-05-05,0.4543,-0.1098,,0.2
88a8aca04bfffff,2026-06-19,0.3995,-0.0737,,0.6
88a8aca04bfffff,2026-07-09,0.3759,-0.0467,,0.0
88a8aca04bfffff,2026-08-18,0.3343,0.0166,,0.0
88a8aca04dfffff,2026-03-28,0.4942,-0.1483,,2.4
88a8aca04dfffff,2026-04-20,0.4806,-0.151,,0.4
88a8aca04dfffff,2026-05-05,0.4551,-0.1111,,0.2
88a8aca04dfffff,2026-06-19,0.384,-0.0606,,0.6
88a8aca04dfffff,2026-07-09,0.3659,-0.0386,,0.0
88a8aca04dfffff,2026-08-18,0.3282,0.0152,,0.0
88a8aca051fffff,2026-03-28,0.5541,-0.2326,,2.4
88a8aca051fffff,2026-04-20,0.5575,-0.2504,,0.4
88a8aca051fffff,2026-05-05,0.5398,-0.2269,,0.2
88a8aca051fffff,2026-06-19,0.5128,-0.2147,,0.6
88a8aca051fffff,2026-07-09,0.5108,-0.2077,,0.0
88a8aca051fffff,2026-08-18,0.4974,-0.1791,,0.0
88a8aca055fffff,2026-03-28,0.5765,-0.24,,2.4
88a8aca055fffff,2026-04-20,0.5807,-0.2578,,0.4
88a8aca055fffff,2026-05-05,0.5588,-0.2303,,0.2
88a8aca055fffff,2026-06-19,0.5307,-0.217,,0.6
88a8aca055fffff,2026-07-09,0.5284,-0.2049,,0.0
88a8aca055fffff,2026-08-18,0.5089,-0.1702,,0.0
88a8aca057fffff,2026-03-28,0.548,-0.2254,,2.4
88a8aca057fffff,2026-04-20,0.5513,-0.2417,,0.4
88a8aca057fffff,2026-05-05,0.5379,-0.2254,,0.2
88a8aca057fffff,2026-06-19,0.515,-0.2191,,0.6
88a8aca057fffff,2026-07-09,0.5167,-0.2143,,0.0
88a8aca057fffff,2026-08-18,0.5049,-0.1876,,0.0
88a8aca059fffff,2026-03-28,0.5595,-0.2344,,2.4
88a8aca059fffff,2026-04-20,0.5611,-0.2476,,0.4
88a8aca059fffff,2026-05-05,0.5471,-0.228,,0.2
88a8aca059fffff,2026-06-19,0.5233,-0.2194,,0.6
88a8aca059fffff,2026-07-09,0.5178,-0.2073,,0.0
88a8aca059fffff,2026-08-18,0.4974,-0.1667,,0.0
88a8aca05bfffff,2026-03-28,0.5497,-0.229,,2.4
88a8aca05bfffff,2026-04-20,0.5473,-0.24,,0.4
88a8aca05bfffff,2026-05-05,0.5401,-0.2251,,0.2
88a8aca05bfffff,2026-06-19,0.5179,-0.2177,,0.6
88a8aca05bfffff,2026-07-09,0.5147,-0.2089,,0.0
88a8aca05bfffff,2026-08-18,0.5053,-0.1848,,0.0
88a8aca05dfffff,2026-03-28,0.568,-0.2303,,2.4
88a8aca05dfffff,2026-04-20,0.5633,-0.2401,,0.4
88a8aca05dfffff,2026-05-05,0.5133,-0.1801,,0.2
88a8aca05dfffff,2026-06-19,0.461,-0.141,,0.6
88a8aca05dfffff,2026-07-09,0.419,-0.0915,,0.0
88a8aca05dfffff,2026-08-18,0.3506,-0.0013,,0.0
88a8aca061fffff,2026-03-28,0.5125,-0.1632,,2.4
88a8aca061fffff,2026-04-17,0.4966,-0.1698,,0.1
88a8aca061fffff,2026-05-05,0.4652,-0.1209,,0.2
88a8aca061fffff,2026-06-19,0.3894,-0.0646,,0.1
88a8aca061fffff,2026-07-29,0.3436,-0.0064,,0.0
88a8aca061fffff,2026-08-18,0.3381,0.0186,,0.0
88a8aca063fffff,2026-03-28,0.535,-0.1969,,2.4
88a8aca063fffff,2026-04-20,0.5266,-0.2055,,0.4
88a8aca063fffff,2026-05-05,0.507,-0.1741,,0.2
88a8aca063fffff,2026-06-19,0.4524,-0.1356,,0.6
88a8aca063fffff,2026-07-09,0.4362,-0.1087,,0.0
88a8aca063fffff,2026-08-18,0.4043,-0.048,,0.0
88a8aca065fffff,2026-03-28,0.5334,-0.1902,,2.4
88a8aca065fffff,2026-04-17,0.5122,-0.1846,,0.1
88a8aca065fffff,2026-05-05,0.4972,-0.1594,,0.2
88a8aca065fffff,2026-06-19,0.4385,-0.1254,,0.1
88a8aca065fffff,2026-07-29,0.3773,-0.0499,,0.0
88a8aca065fffff,2026-08-18,0.3841,-0.0324,,0.0
88a8aca067fffff,2026-03-28,0.5501,-0.2301,,2.4
88a8aca067fffff,2026-04-17,0.5324,-0.2269,,0.1
88a8aca067fffff,2026-05-05,0.524,-0.217,,0.2
88a8aca067fffff,2026-06-19,0.4956,-0.2119,,0.1
88a8aca067fffff,2026-07-29,0.4694,-0.1727,,0.0
88a8aca067fffff,2026-08-18,0.468,-0.1597,,0.0
88a8aca069fffff,2026-03-28,0.4453,-0.0979,,2.4
88a8aca069fffff,2026-04-17,0.3868,-0.0598,,0.1
88a8aca069fffff,2026-05-05,0.4177,-0.0688,,0.2
88a8aca069fffff,2026-06-19,0.3048,0.0208,,0.1
88a8aca069fffff,2026-07-29,0.2612,0.066,,0.0
88a8aca069fffff,2026-08-18,0.2679,0.0692,,0.0
88a8aca06bfffff,2026-03-28,0.5044,-0.1575,,2.4
88a8aca06bfffff,2026-04-20,0.498,-0.1707,,0.4
88a8aca06bfffff,2026-05-05,0.4723,-0.1335,,0.2
88a8aca06bfffff,2026-06-19,0.4047,-0.0859,,0.6
88a8aca06bfffff,2026-07-09,0.3798,-0.0494,,0.0
88a8aca06bfffff,2026-08-18,0.3443,0.0123,,0.0
88a8aca06dfffff,2026-03-28,0.1588,0.0807,,2.4
88a8aca06dfffff,2026-04-17,0.154,0.0822,,0.1
88a8aca06dfffff,2026-05-05,0.1412,0.0954,,0.2
88a8aca06dfffff,2026-06-19,0.1446,0.0718,,0.1
88a8aca06dfffff,2026-07-29,0.1327,0.0942,,0.0
88a8aca06dfffff,2026-08-18,0.1329,0.0961,,0.0
88a8aca101fffff,2026-03-28,0.3027,0.0092,,2.4
88a8aca101fffff,2026-04-17,0.2983,-0.0011,,0.1
88a8aca101fffff,2026-05-05,0.2736,0.0173,,0.2
88a8aca101fffff,2026-06-19,0.2374,0.0378,,0.1
88a8aca101fffff,2026-07-29,0.2186,0.0603,,0.0
88a8aca101fffff,2026-08-18,0.2269,0.0609,,0.0
88a8aca103fffff,2026-03-28,0.4587,-0.1027,,2.4
88a8aca103fffff,2026-04-17,0.4413,-0.1032,,0.1
88a8aca103fffff,2026-05-05,0.4231,-0.0727,,0.2
88a8aca103fffff,2026-06-19,0.3614,-0.0323,,0.1
88a8aca103fffff,2026-07-29,0.3175,0.0166,,0.0
88a8aca103fffff,2026-08-18,0.3215,0.0298,,0.0
88a8aca105fffff,2026-03-28,0.322,-0.001,,2.4
88a8aca105fffff,2026-04-17,0.3072,-0.0022,,0.1
88a8aca105fffff,2026-05-05,0.3034,0.0113,,0.2
88a8aca105fffff,2026-06-19,0.2641,0.0151,,0.1
88a8aca105fffff,2026-07-29,0.2376,0.0545,,0.0
88a8aca105fffff,2026-08-18,0.2416,0.0687,,0.0
88a8aca107fffff,2026-03-28,0.5108,-0.1614,,2.4
88a8aca107fffff,2026-04-17,0.4987,-0.1651,,0.1
88a8aca107fffff,2026-05-05,0.4795,-0.1333,,0.2
88a8aca107fffff,2026-06-19,0.4102,-0.0912,,0.1
88a8aca107fffff,2026-07-29,0.3452,-0.0159,,0.0
88a8aca107fffff,2026-08-18,0.3378,0.0087,,0.0
88a8aca109fffff,2026-03-28,0.1274,0.1133,,2.4
88a8aca109fffff,2026-04-17,0.1251,0.1088,,0.1
88a8aca109fffff,2026-05-05,0.1207,0.1161,,0.2
88a8aca109fffff,2026-06-19,0.1141,0.0985,,0.1
88a8aca109fffff,2026-07-29,0.1064,0.1132,,0.0
88a8aca109fffff,2026-08-18,0.1086,0.1147,,0.0
88a8aca10bfffff,2026-03-28,0.2681,0.0164,,2.4
88a8aca10bfffff,2026-04-17,0.2688,0.0088,,0.1
88a8aca10bfffff,2026-05-05,0.2526,0.0253,,0.2
88a8aca10bfffff,2026-06-19,0.2245,0.0325,,0.1
88a8aca10bfffff,2026-07-29,0.2058,0.0664,,0.0
88a8aca10bfffff,2026-08-18,0.2068,0.0727,,0.0
88a8aca10dfffff,2026-03-28,0.1215,0.1018,,2.4
88a8aca10dfffff,2026-04-17,0.1218,0.0957,,0.1
88a8aca10dfffff,2026-05-05,0.1169,0.1042,,0.2
88a8aca10dfffff,2026-06-19,0.1137,0.0888,,0.1
88a8aca10dfffff,2026-07-29,0.1035,0.1041,,0.0
88a8aca10dfffff,2026-08-18,0.1042,0.1029,,0.0
88a8aca111fffff,2026-03-28,0.4315,-0.0916,,2.4
88a8aca111fffff,2026-04-17,0.4161,-0.0889,,0.1
88a8aca111fffff,2026-05-05,0.3881,-0.0632,,0.2
88a8aca111fffff,2026-06-19,0.3546,-0.0447,,0.1
88a8aca111fffff,2026-07-29,0.3105,0.0025,,0.0
88a8aca111fffff,2026-08-18,0.3117,0.0182,,0.0
88a8aca113fffff,2026-03-28,0.4441,-0.0984,,2.4
88a8aca113fffff,2026-04-17,0.4459,-0.104,,0.1
88a8aca113fffff,2026-05-05,0.4355,-0.0851,,0.2
88a8aca113fffff,2026-06-19,0.3978,-0.0692,,0.1
88a8aca113fffff,2026-07-29,0.35,-0.0179,,0.0
88a8aca113fffff,2026-08-18,0.3268,0.0157,,0.0
88a8aca115fffff,2026-03-28,0.5183,-0.1719,,2.4
88a8aca115fffff,2026-04-17,0.4976,-0.1678,,0.1
88a8aca115fffff,2026-05-05,0.4801,-0.1395,,0.2
88a8aca115fffff,2026-06-19,0.4052,-0.0921,,0.1
88a8aca115fffff,2026-07-29,0.3656,-0.0373,,0.0
88a8aca115fffff,2026-08-18,0.3699,-0.0229,,0.0
88a8aca117fffff,2026-03-28,0.4792,-0.1262,,2.4
88a8aca117fffff,2026-04-17,0.4699,-0.1272,,0.1
88a8aca117fffff,2026-05-05,0.4562,-0.1021,,0.2
88a8aca117fffff,2026-06-19,0.389,-0.0514,,0.1
88a8aca117fffff,2026-07-29,0.3361,0.0034,,0.0
88a8aca117fffff,2026-08-18,0.3334,0.0176,,0.0
88a8aca119fffff,2026-03-28,0.4532,-0.0888,,2.4
88a8aca119fffff,2026-04-17,0.4304,-0.0849,,0.1
88a8aca119fffff,2026-05-05,0.3521,-0.0473,,0.2
88a8aca119fffff,2026-06-19,0.3486,-0.0302,,0.1
88a8aca119fffff,2026-07-29,0.3053,0.0193,,0.0
88a8aca119fffff,2026-08-18,0.3135,0.0286,,0.0
88a8aca11bfffff,2026-03-28,0.5108,-0.1557,,2.4
88a8aca11bfffff,2026-04-17,0.4971,-0.1576,,0.1
88a8aca11bfffff,2026-05-05,0.4711,-0.1185,,0.2
88a8aca11bfffff,2026-06-19,0.3913,-0.0569,,0.1
88a8aca11bfffff,2026-07-29,0.3379,0.0036,,0.0
88a8aca11bfffff,2026-08-18,0.3394,0.0199,,0.0
88a8aca11dfffff,2026-03-28,0.2768,0.0194,,2.4
88a8aca11dfffff,2026-04-17,0.2514,0.0275,,0.1
88a8aca11dfffff,2026-05-05,0.2562,0.0307,,0.2
88a8aca11dfffff,2026-06-19,0.234,0.0291,,0.1
88a8aca11dfffff,2026-07-29,0.2148,0.0598,,0.0
88a8aca11dfffff,2026-08-18,0.2048,0.0689,,0.0
88a8aca121fffff,2026-03-28,0.3387,-0.0256,,2.4
88a8aca121fffff,2026-04-17,0.3358,-0.0239,,0.1
88a8aca121fffff,2026-05-05,0.3181,-0.003,,0.2
88a8aca121fffff,2026-06-19,0.2778,0.0247,,0.1
88a8aca121fffff,2026-07-29,0.2429,0.0607,,0.0
88a8aca121fffff,2026-08-18,0.2443,0.0657,,0.0
88a8aca123fffff,2026-03-28,0.4595,-0.1018,,2.4
88a8aca123fffff,2026-04-17,0.4485,-0.1038,,0.1
88a8aca123fffff,2026-05-05,0.4215,-0.0719,,0.2
88a8aca123fffff,2026-06-19,0.3341,-0.0071,,0.1
88a8aca123fffff,2026-07-29,0.2987,0.0387,,0.0
88a8aca123fffff,2026-08-18,0.2986,0.051,,0.0
88a8aca125fffff,2026-03-28,0.4497,-0.1091,,2.4
88a8aca125fffff,2026-04-17,0.4355,-0.109,,0.1
88a8aca125fffff,2026-05-05,0.4138,-0.072,,0.2
88a8aca125fffff,2026-06-19,0.3549,-0.0358,,0.1
88a8aca125fffff,2026-07-29,0.3081,0.0187,,0.0
88a8aca125fffff,2026-08-18,0.3226,0.0206,,0.0
88a8aca127fffff,2026-03-28,0.4907,-0.1325,,2.4
88a8aca127fffff,2026-04-17,0.4726,-0.1298,,0.1
88a8aca127fffff,2026-05-05,0.4438,-0.084,,0.2
88a8aca127fffff,2026-06-19,0.3547,-0.0231,,0.1
88a8aca127fffff,2026-07-29,0.3138,0.0276,,0.0
88a8aca127fffff,2026-08-18,0.3048,0.0532,,0.0
88a8aca129fffff,2026-03-28,0.2356,0.052,,2.4
88a8aca129fffff,2026-04-17,0.2418,0.0353,,0.1
88a8aca129fffff,2026-05-05,0.2357,0.0471,,0.2
88a8aca129fffff,2026-06-19,0.2095,0.0437,,0.1
88a8aca129fffff,2026-07-29,0.1948,0.0684,,0.0
88a8aca129fffff,2026-08-18,0.1961,0.0751,,0.0
88a8aca12bfffff,2026-03-28,0.5504,-0.2119,,2.4
88a8aca12bfffff,2026-04-17,0.5275,-0.2067,,0.1
88a8aca12bfffff,2026-05-05,0.5055,-0.1678,,0.2
88a8aca12bfffff,2026-06-19,0.4055,-0.0946,,0.1
88a8aca12bfffff,2026-07-29,0.3312,-0.0036,,0.0
88a8aca12bfffff,2026-08-18,0.3241,0.0222,,0.0
88a8aca12dfffff,2026-03-28,0.4276,-0.1049,,2.4
88a8aca12dfffff,2026-04-17,0.4321,-0.1141,,0.1
88a8aca12dfffff,2026-05-05,0.4188,-0.0874,,0.2
88a8aca12dfffff,2026-06-19,0.3726,-0.0647,,0.1
88a8aca12dfffff,2026-07-29,0.3447,-0.0243,,0.0
88a8aca12dfffff,2026-08-18,0.3517,-0.0163,,0.0
88a8aca131fffff,2026-03-28,0.57,-0.2296,,2.4
88a8aca131fffff,2026-04-17,0.5559,-0.2283,,0.1
88a8aca131fffff,2026-05-05,0.542,-0.2099,,0.2
88a8aca131fffff,2026-06-19,0.4826,-0.1717,,0.1
88a8aca131fffff,2026-07-29,0.4187,-0.1013,,0.0
88a8aca131fffff,2026-08-18,0.4024,-0.0658,,0.0
88a8aca133fffff,2026-03-28,0.4759,-0.1232,,2.4
88a8aca133fffff,2026-04-17,0.4591,-0.1062,,0.1
88a8aca133fffff,2026-05-05,0.429,-0.0603,,0.2
88a8aca133fffff,2026-06-19,0.3509,-0.0146,,0.1
88a8aca133fffff,2026-07-29,0.3124,0.0246,,0.0
88a8aca133fffff,2026-08-18,0.3287,0.0321,,0.0
88a8aca135fffff,2026-03-28,0.5468,-0.2011,,2.4
88a8aca135fffff,2026-04-17,0.5357,-0.2034,,0.1
88a8aca135fffff,2026-05-05,0.5129,-0.172,,0.2
88a8aca135fffff,2026-06-19,0.4392,-0.1202,,0.1
88a8aca135fffff,2026-07-29,0.3946,-0.0611,,0.0
88a8aca135fffff,2026-08-18,0.3966,-0.046,,0.0
88a8aca137fffff,2026-03-28,0.4234,-0.0486,,2.4
88a8aca137fffff,2026-04-17,0.4136,-0.0468,,0.1
88a8aca137fffff,2026-05-05,0.4031,-0.0405,,0.2
88a8aca137fffff,2026-06-19,0.3627,-0.0261,,0.1
88a8aca137fffff,2026-07-29,0.3541,-0.0246,,0.0
88a8aca137fffff,2026-08-18,0.3688,-0.0324,,0.0
88a8aca139fffff,2026-03-28,0.5336,-0.1927,,2.4
88a8aca139fffff,2026-04-17,0.5225,-0.1932,,0.1
88a8aca139fffff,2026-05-05,0.504,-0.1651,,0.2
88a8aca139fffff,2026-06-19,0.4412,-0.1339,,0.1
88a8aca139fffff,2026-07-29,0.3823,-0.0581,,0.0
88a8aca139fffff,2026-08-18,0.3755,-0.0261,,0.0
88a8aca13bfffff,2026-03-28,0.5346,-0.1776,,2.4
88a8aca13bfffff,2026-04-17,0.502,-0.1493,,0.1
88a8aca13bfffff,2026-05-05,0.4669,-0.1114,,0.2
88a8aca13bfffff,2026-06-19,0.377,-0.0441,,0.1
88a8aca13bfffff,2026-07-29,0.3372,0.0068,,0.0
88a8aca13bfffff,2026-08-18,0.3529,0.0081,,0.0
88a8aca13dfffff,2026-03-28,0.5528,-0.2118,,2.4
88a8aca13dfffff,2026-04-17,0.5354,-0.2109,,0.1
88a8aca13dfffff,2026-05-05,0.5173,-0.1773,,0.2
88a8aca13dfffff,2026-06-19,0.4354,-0.1244,,0.1
88a8aca13dfffff,2026-07-29,0.3657,-0.0435,,0.0
88a8aca13dfffff,2026-08-18,0.3635,-0.0168,,0.0
88a8aca141fffff,2026-03-28,0.1731,0.0424,,2.4
88a8aca141fffff,2026-04-17,0.1654,0.0442,,0.1
88a8aca141fffff,2026-05-05,0.1503,0.0593,,0.2
88a8aca141fffff,2026-06-19,0.145,0.0424,,0.1
88a8aca141fffff,2026-07-29,0.1326,0.0585,,0.0
88a8aca141fffff,2026-08-18,0.1308,0.0622,,0.0
88a8aca143fffff,2026-03-28,0.0871,0.1636,,2.4
88a8aca143fffff,2026-04-17,0.0858,0.1572,,0.1
88a8aca143fffff,2026-05-05,0.0835,0.1638,,0.2
88a8aca143fffff,2026-06-19,0.0803,0.1437,,0.1
88a8aca143fffff,2026-07-29,0.0762,0.1529,,0.0
88a8aca143fffff,2026-08-18,0.0784,0.1512,,0.0
88a8aca145fffff,2026-03-28,0.5211,-0.2071,,2.4
88a8aca145fffff,2026-04-17,0.5052,-0.2067,,0.1
88a8aca145fffff,2026-05-05,0.4975,-0.1903,,0.2
88a8aca145fffff,2026-06-19,0.4639,-0.1848,,0.1
88a8aca145fffff,2026-07-29,0.4308,-0.1378,,0.0
88a8aca145fffff,2026-08-18,0.4317,-0.1239,,0.0
88a8aca147fffff,2026-03-28,0.1274,0.0776,,2.4
88a8aca147fffff,2026-04-17,0.1199,0.0757,,0.1
88a8aca147fffff,2026-05-05,0.1202,0.0838,,0.2
88a8aca147fffff,2026-06-19,0.1112,0.0655,,0.1
88a8aca147fffff,2026-07-29,0.1021,0.0796,,0.0
88a8aca147fffff,2026-08-18,0.1057,0.0786,,0.0
88a8aca149fffff,2026-03-28,0.1163,0.1297,,2.4
88a8aca149fffff,2026-04-17,0.1152,0.1265,,0.1
88a8aca149fffff,2026-05-05,0.1055,0.1357,,0.2
88a8aca149fffff,2026-06-19,0.1071,0.1152,,0.1
88a8aca149fffff,2026-07-29,0.0979,0.1251,,0.0
88a8aca149fffff,2026-08-18,0.0968,0.1259,,0.0
88a8aca14bfffff,2026-03-28,0.1574,0.0509,,2.4
88a8aca14bfffff,2026-04-17,0.1539,0.0492,,0.1
88a8aca14bfffff,2026-05-05,0.1471,0.071,,0.2
88a8aca14bfffff,2026-06-19,0.1407,0.0455,,0.1
88a8aca14bfffff,2026-07-29,0.1287,0.0647,,0.0
88a8aca14bfffff,2026-08-18,0.1274,0.0691,,0.0
88a8aca14dfffff,2026-03-28,0.5032,-0.1712,,2.4
88a8aca14dfffff,2026-04-17,0.4765,-0.1637,,0.1
88a8aca14dfffff,2026-05-05,0.4677,-0.1433,,0.2
88a8aca14dfffff,2026-06-19,0.4084,-0.1132,,0.1
88a8aca14dfffff,2026-07-29,0.3717,-0.0661,,0.0
88a8aca14dfffff,2026-08-18,0.3633,-0.0408,,0.0
88a8aca151fffff,2026-03-28,0.2051,0.0563,,2.4
88a8aca151fffff,2026-04-17,0.2104,0.0468,,0.1
88a8aca151fffff,2026-05-05,0.193,0.0603,,0.2
88a8aca151fffff,2026-06-19,0.1646,0.0659,,0.1
88a8aca151fffff,2026-07-29,0.1522,0.0891,,0.0
88a8aca151fffff,2026-08-18,0.1571,0.0941,,0.0
88a8aca153fffff,2026-03-28,0.3982,-0.0652,,2.4
88a8aca153fffff,2026-04-17,0.3899,-0.0678,,0.1
88a8aca153fffff,2026-05-05,0.3686,-0.0455,,0.2
88a8aca153fffff,2026-06-19,0.3004,0.0152,,0.1
88a8aca153fffff,2026-07-29,0.2662,0.0589,,0.0
88a8aca153fffff,2026-08-18,0.2491,0.0765,,0.0
88a8aca155fffff,2026-03-28,0.1272,0.1421,,2.4
88a8aca155fffff,2026-04-17,0.1218,0.1411,,0.1
88a8aca155fffff,2026-05-05,0.1202,0.1475,,0.2
88a8aca155fffff,2026-06-19,0.1152,0.1338,,0.1
88a8aca155fffff,2026-07-29,0.1068,0.1453,,0.0
88a8aca155fffff,2026-08-18,0.1098,0.1428,,0.0
88a8aca157fffff,2026-03-28,0.2039,0.0513,,2.4
88a8aca157fffff,2026-04-17,0.202,0.0454,,0.1
88a8aca157fffff,2026-05-05,0.1874,0.0591,,0.2
88a8aca157fffff,2026-06-19,0.1595,0.0694,,0.1
88a8aca157fffff,2026-07-29,0.1519,0.0825,,0.0
88a8aca157fffff,2026-08-18,0.1512,0.0855,,0.0
88a8aca159fffff,2026-03-28,0.4628,-0.1191,,2.4
88a8aca159fffff,2026-04-17,0.4432,-0.1137,,0.1
88a8aca159fffff,2026-05-05,0.418,-0.0771,,0.2
88a8aca159fffff,2026-06-19,0.3587,-0.0462,,0.1
88a8aca159fffff,2026-07-29,0.3161,0.0034,,0.0
88a8aca159fffff,2026-08-18,0.3225,0.0109,,0.0
88a8aca15bfffff,2026-03-28,0.5443,-0.2114,,2.4
88a8aca15bfffff,2026-04-17,0.5228,-0.2044,,0.1
88a8aca15bfffff,2026-05-05,0.5137,-0.1916,,0.2
88a8aca15bfffff,2026-06-19,0.4799,-0.1835,,0.1
88a8aca15bfffff,2026-07-29,0.4545,-0.1449,,0.0
88a8aca15bfffff,2026-08-18,0.4539,-0.1334,,0.0
88a8aca15dfffff,2026-03-28,0.1017,0.1646,,2.4
88a8aca15dfffff,2026-04-17,0.099,0.1585,,0.1
88a8aca15dfffff,2026-05-05,0.0963,0.1641,,0.2
88a8aca15dfffff,2026-06-19,0.0947,0.1469,,0.1
88a8aca15dfffff,2026-07-29,0.089,0.1558,,0.0
88a8aca15dfffff,2026-08-18,0.0903,0.1557,,0.0
88a8aca161fffff,2026-03-28,0.4839,-0.1576,,2.4
88a8aca161fffff,2026-04-17,0.4801,-0.1657,,0.1
88a8aca161fffff,2026-05-05,0.4706,-0.1442,,0.2
88a8aca161fffff,2026-06-19,0.4236,-0.1261,,0.1
88a8aca161fffff,2026-07-29,0.3802,-0.0703,,0.0
88a8aca161fffff,2026-08-18,0.3891,-0.0627,,0.0
88a8aca163fffff,2026-03-28,0.2827,0.0095,,2.4
88a8aca163fffff,2026-04-17,0.263,0.0018,,0.1
88a8aca163fffff,2026-05-05,0.2616,0.0147,,0.2
88a8aca163fffff,2026-06-19,0.2366,0.0083,,0.1
88a8aca163fffff,2026-07-29,0.2192,0.042,,0.0
88a8aca163fffff,2026-08-18,0.2181,0.0495,,0.0
88a8aca165fffff,2026-03-28,0.4159,-0.0629,,2.4
88a8aca165fffff,2026-04-17,0.4463,-0.0968,,0.1
88a8aca165fffff,2026-05-05,0.4275,-0.0695,,0.2
88a8aca165fffff,2026-06-19,0.3611,-0.021,,0.1
88a8aca165fffff,2026-07-29,0.2935,0.0425,,0.0
88a8aca165fffff,2026-08-18,0.3012,0.0506,,0.0
88a8aca167fffff,2026-03-28,0.4378,-0.0862,,2.4
88a8aca167fffff,2026-04-17,0.4647,-0.1177,,0.1
88a8aca167fffff,2026-05-05,0.4567,-0.0954,,0.2
88a8aca167fffff,2026-06-19,0.4058,-0.0629,,0.1
88a8aca167fffff,2026-07-29,0.3652,-0.0122,,0.0
88a8aca167fffff,2026-08-18,0.3708,-0.0101,,0.0
88a8aca169fffff,2026-03-28,0.4781,-0.16,,2.4
88a8aca169fffff,2026-04-17,0.4816,-0.169,,0.1
88a8aca169fffff,2026-05-05,0.4793,-0.1524,,0.2
88a8aca169fffff,2026-06-19,0.4443,-0.1445,,0.1
88a8aca169fffff,2026-07-29,0.4032,-0.09,,0.0
88a8aca169fffff,2026-08-18,0.4074,-0.0763,,0.0
88a8aca16bfffff,2026-03-28,0.394,-0.0855,,2.4
88a8aca16bfffff,2026-04-17,0.3821,-0.0926,,0.1
88a8aca16bfffff,2026-05-05,0.3829,-0.0777,,0.2
88a8aca16bfffff,2026-06-19,0.3438,-0.0683,,0.1
88a8aca16bfffff,2026-07-29,0.2939,-0.0165,,0.0
88a8aca16bfffff,2026-08-18,0.2985,-0.0078,,0.0
88a8aca16dfffff,2026-03-28,0.4112,-0.09,,2.4
88a8aca16dfffff,2026-04-17,0.4092,-0.0974,,0.1
88a8aca16dfffff,2026-05-05,0.4018,-0.0857,,0.2
88a8aca16dfffff,2026-06-19,0.3471,-0.0674,,0.1
88a8aca16dfffff,2026-07-29,0.3061,-0.0198,,0.0
88a8aca16dfffff,2026-08-18,0.2944,-0.0086,,0.0
88a8aca181fffff,2026-03-28,0.5161,-0.164,,2.4
88a8aca181fffff,2026-04-17,0.482,-0.1303,,0.1
88a8aca181fffff,2026-05-05,0.4543,-0.0948,,0.2
88a8aca181fffff,2026-06-19,0.3789,-0.055,,0.1
88a8aca181fffff,2026-07-29,0.3351,-0.0023,,0.0
88a8aca181fffff,2026-08-18,0.3325,0.0239,,0.0
88a8aca183fffff,2026-03-28,0.5026,-0.1407,,2.4
88a8aca183fffff,2026-04-20,0.491,-0.1499,,0.4
88a8aca183fffff,2026-05-05,0.4687,-0.1141,,0.2
88a8aca183fffff,2026-06-19,0.4053,-0.0694,,0.6
88a8aca183fffff,2026-07-09,0.3874,-0.0494,,0.0
88a8aca183fffff,2026-08-18,0.3544,0.0141,,0.0
88a8aca185fffff,2026-03-28,0.4425,-0.0792,,2.4
88a8aca185fffff,2026-04-17,0.4228,-0.07,,0.1
88a8aca185fffff,2026-05-05,0.4117,-0.0477,,0.2
88a8aca185fffff,2026-06-19,0.3728,-0.0536,,0.1
88a8aca185fffff,2026-07-29,0.3385,-0.0044,,0.0
88a8aca185fffff,2026-08-18,0.3284,0.0331,,0.0
88a8aca187fffff,2026-03-28,0.4767,-0.1152,,2.4
88a8aca187fffff,2026-04-17,0.4706,-0.1192,,0.1
88a8aca187fffff,2026-05-05,0.451,-0.0871,,0.2
88a8aca187fffff,2026-06-19,0.3883,-0.0592,,0.1
88a8aca187fffff,2026-07-29,0.3376,0.0028,,0.0
88a8aca187fffff,2026-08-18,0.3486,0.0172,,0.0
88a8aca189fffff,2026-03-28,0.5229,-0.17,,2.4
88a8aca189fffff,2026-04-17,0.475,-0.1287,,0.1
88a8aca189fffff,2026-05-05,0.4748,-0.1114,,0.2
88a8aca189fffff,2026-06-19,0.385,-0.043,,0.1
88a8aca189fffff,2026-07-29,0.3336,0.0113,,0.0
88a8aca189fffff,2026-08-18,0.344,0.0255,,0.0
88a8aca18bfffff,2026-03-28,0.4935,-0.1332,,2.4
88a8aca18bfffff,2026-04-20,0.4731,-0.1312,,0.4
88a8aca18bfffff,2026-05-05,0.4523,-0.0957,,0.2
88a8aca18bfffff,2026-06-19,0.396,-0.0607,,0.6
88a8aca18bfffff,2026-07-09,0.3873,-0.0468,,0.0
88a8aca18bfffff,2026-08-18,0.3677,0.0009,,0.0
88a8aca18dfffff,2026-03-28,0.5209,-0.1553,,2.4
88a8aca18dfffff,2026-04-17,0.4899,-0.1455,,0.1
88a8aca18dfffff,2026-05-05,0.468,-0.1183,,0.2
88a8aca18dfffff,2026-06-19,0.3927,-0.0679,,0.1
88a8aca18dfffff,2026-07-29,0.3216,0.0146,,0.0
88a8aca18dfffff,2026-08-18,0.3238,0.04,,0.0
88a8aca19dfffff,2026-03-28,0.4838,-0.1036,,2.4
88a8aca19dfffff,2026-04-20,0.4735,-0.1143,,0.4
88a8aca19dfffff,2026-05-05,0.4559,-0.0792,,0.2
88a8aca19dfffff,2026-06-19,0.3944,-0.0421,,0.6
88a8aca19dfffff,2026-07-09,0.3742,-0.0156,,0.0
88a8aca19dfffff,2026-08-18,0.3475,0.0425,,0.0
88a8aca1a1fffff,2026-03-28,0.5088,-0.1549,,2.4
88a8aca1a1fffff,2026-04-17,0.5012,-0.1649,,0.1
88a8aca1a1fffff,2026-05-05,0.4734,-0.1281,,0.2
88a8aca1a1fffff,2026-06-19,0.3869,-0.0693,,0.1
88a8aca1a1fffff,2026-07-29,0.329,0.0037,,0.0
88a8aca1a1fffff,2026-08-18,0.3482,0.0143,,0.0
88a8aca1a3fffff,2026-03-28,0.471,-0.1079,,2.4
88a8aca1a3fffff,2026-04-17,0.4967,-0.1553,,0.1
88a8aca1a3fffff,2026-05-05,0.4703,-0.1268,,0.2
88a8aca1a3fffff,2026-06-19,0.4341,-0.1223,,0.1
88a8aca1a3fffff,2026-07-29,0.3555,-0.0311,,0.0
88a8aca1a3fffff,2026-08-18,0.3128,0.0439,,0.0
88a8aca1a5fffff,2026-03-28,0.4872,-0.1351,,2.4
88a8aca1a5fffff,2026-04-17,0.475,-0.1324,,0.1
88a8aca1a5fffff,2026-05-05,0.4519,-0.1047,,0.2
88a8aca1a5fffff,2026-06-19,0.4083,-0.0841,,0.1
88a8aca1a5fffff,2026-07-29,0.367,-0.0352,,0.0
88a8aca1a5fffff,2026-08-18,0.367,-0.0212,,0.0
88a8aca1a7fffff,2026-03-28,0.5164,-0.174,,2.4
88a8aca1a7fffff,2026-04-17,0.4954,-0.1551,,0.1
88a8aca1a7fffff,2026-05-05,0.4533,-0.1047,,0.2
88a8aca1a7fffff,2026-06-19,0.3882,-0.0724,,0.1
88a8aca1a7fffff,2026-07-29,0.3342,-0.0059,,0.0
88a8aca1a7fffff,2026-08-18,0.3297,0.0194,,0.0
88a8aca1a9fffff,2026-03-28,0.4761,-0.1171,,2.4
88a8aca1a9fffff,2026-04-17,0.51,-0.1721,,0.1
88a8aca1a9fffff,2026-05-05,0.4938,-0.1549,,0.2
88a8aca1a9fffff,2026-06-19,0.4438,-0.1324,,0.1
88a8aca1a9fffff,2026-07-29,0.3687,-0.0462,,0.0
88a8aca1a9fffff,2026-08-18,0.3621,-0.0188,,0.0
88a8aca1abfffff,2026-03-28,0.4388,-0.0645,,2.4
88a8aca1abfffff,2026-04-17,0.5069,-0.1957,,0.1
88a8aca1abfffff,2026-05-05,0.4977,-0.186,,0.2
88a8aca1abfffff,2026-06-19,0.4603,-0.1751,,0.1
88a8aca1abfffff,2026-07-29,0.3237,-0.007,,0.0
88a8aca1abfffff,2026-08-18,0.2504,0.0782,,0.0
88a8aca1adfffff,2026-03-28,0.4909,-0.1393,,2.4
88a8aca1adfffff,2026-04-17,0.4754,-0.1341,,0.1
88a8aca1adfffff,2026-05-05,0.4557,-0.1089,,0.2
88a8aca1adfffff,2026-06-19,0.4121,-0.0971,,0.1
88a8aca1adfffff,2026-07-29,0.3673,-0.0396,,0.0
88a8aca1adfffff,2026-08-18,0.3526,-0.0073,,0.0
88a8aca1b1fffff,2026-03-28,0.4755,-0.1036,,2.4
88a8aca1b1fffff,2026-04-17,0.4746,-0.1159,,0.1
88a8aca1b1fffff,2026-05-05,0.4554,-0.0879,,0.2
88a8aca1b1fffff,2026-06-19,0.3842,-0.0417,,0.1
88a8aca1b1fffff,2026-07-29,0.3355,0.016,,0.0
88a8aca1b1fffff,2026-08-18,0.3428,0.0202,,0.0
88a8aca1b5fffff,2026-03-28,0.4306,-0.0578,,2.4
88a8aca1b5fffff,2026-04-17,0.4414,-0.079,,0.1
88a8aca1b5fffff,2026-05-05,0.4004,-0.0465,,0.2
88a8aca1b5fffff,2026-06-19,0.3528,-0.0167,,0.1
88a8aca1b5fffff,2026-07-29,0.2951,0.0417,,0.0
88a8aca1b5fffff,2026-08-18,0.3212,0.0514,,0.0
88a8aca1b7fffff,2026-03-28,0.496,-0.1271,,2.4
88a8aca1b7fffff,2026-04-17,0.4837,-0.1285,,0.1
88a8aca1b7fffff,2026-05-05,0.4593,-0.0939,,0.2
88a8aca1b7fffff,2026-06-19,0.4124,-0.0562,,0.1
88a8aca1b7fffff,2026-07-29,0.369,-0.0087,,0.0
88a8aca1b7fffff,2026-08-18,0.4012,-0.0164,,0.0
88a8aca1b9fffff,2026-03-28,0.4797,-0.1229,,2.4
88a8aca1b9fffff,2026-04-17,0.4542,-0.1034,,0.1
88a8aca1b9fffff,2026-05-05,0.4437,-0.078,,0.2
88a8aca1b9fffff,2026-06-19,0.3805,-0.0437,,0.1
88a8aca1b9fffff,2026-07-29,0.3276,0.021,,0.0
88a8aca1b9fffff,2026-08-18,0.3423,0.0236,,0.0
88a8aca1bdfffff,2026-03-28,0.2994,0.0678,,2.4
88a8aca1bdfffff,2026-04-17,0.5128,-0.1651,,0.1
88a8aca1bdfffff,2026-05-05,0.5743,-0.2533,,0.2
88a8aca1bdfffff,2026-06-19,0.5536,-0.2686,,0.1
88a8aca1bdfffff,2026-07-29,0.3809,-0.0622,,0.0
88a8aca1bdfffff,2026-08-18,0.2446,0.0868,,0.0
88a8aca1c1fffff,2026-03-28,0.5515,-0.2055,,2.4
88a8aca1c1fffff,2026-04-17,0.5371,-0.1987,,0.1
88a8aca1c1fffff,2026-05-05,0.5162,-0.1775,,0.2
88a8aca1c1fffff,2026-06-19,0.4623,-0.1384,,0.1
88a8aca1c1fffff,2026-07-29,0.4147,-0.0756,,0.0
88a8aca1c1fffff,2026-08-18,0.4139,-0.0558,,0.0
88a8aca1c3fffff,2026-03-28,0.5353,-0.188,,2.4
88a8aca1c3fffff,2026-04-20,0.5154,-0.1845,,0.4
88a8aca1c3fffff,2026-05-05,0.4875,-0.1378,,0.2
88a8aca1c3fffff,2026-06-19,0.4056,-0.0703,,0.6
88a8aca1c3fffff,2026-07-09,0.3849,-0.0455,,0.0
88a8aca1c3fffff,2026-08-18,0.3466,0.0209,,0.0
88a8aca1c5fffff,2026-03-28,0.4995,-0.1467,,2.4
88a8aca1c5fffff,2026-04-17,0.4948,-0.1518,,0.1
88a8aca1c5fffff,2026-05-05,0.4805,-0.1347,,0.2
88a8aca1c5fffff,2026-06-19,0.4129,-0.0863,,0.1
88a8aca1c5fffff,2026-07-29,0.3476,-0.013,,0.0
88a8aca1c5fffff,2026-08-18,0.3515,0.0007,,0.0
88a8aca1c7fffff,2026-03-28,0.5292,-0.1667,,2.4
88a8aca1c7fffff,2026-04-17,0.5097,-0.1588,,0.1
88a8aca1c7fffff,2026-05-05,0.4844,-0.1241,,0.2
88a8aca1c7fffff,2026-06-19,0.4105,-0.0601,,0.1
88a8aca1c7fffff,2026-07-29,0.369,-0.0066,,0.0
88a8aca1c7fffff,2026-08-18,0.364,0.0161,,0.0
88a8aca1c9fffff,2026-03-28,0.504,-0.1542,,2.4
88a8aca1c9fffff,2026-04-17,0.4505,-0.1022,,0.1
88a8aca1c9fffff,2026-05-05,0.4614,-0.1132,,0.2
88a8aca1c9fffff,2026-06-19,0.3772,-0.0485,,0.1
88a8aca1c9fffff,2026-07-29,0.3375,-0.0031,,0.0
88a8aca1c9fffff,2026-08-18,0.3412,0.0049,,0.0
88a8aca1cbfffff,2026-03-28,0.5231,-0.1794,,2.4
88a8aca1cbfffff,2026-04-20,0.5087,-0.1757,,0.4
88a8aca1cbfffff,2026-05-05,0.4792,-0.132,,0.2
88a8aca1cbfffff,2026-06-19,0.3952,-0.0626,,0.6
88a8aca1cbfffff,2026-07-09,0.39,-0.0553,,0.0
88a8aca1cbfffff,2026-08-18,0.3587,-0.0018,,0.0
88a8aca1cdfffff,2026-03-28,0.4977,-0.151,,2.4
88a8aca1cdfffff,2026-04-17,0.4857,-0.1513,,0.1
88a8aca1cdfffff,2026-05-05,0.4699,-0.1241,,0.2
88a8aca1cdfffff,2026-06-19,0.402,-0.0852,,0.1
88a8aca1cdfffff,2026-07-29,0.3508,-0.021,,0.0
88a8aca1cdfffff,2026-08-18,0.359,-0.0072,,0.0
88a8aca1d1fffff,2026-03-28,0.4844,-0.1206,,2.4
88a8aca1d1fffff,2026-04-20,0.4762,-0.1313,,0.4
88a8aca1d1fffff,2026-05-05,0.4444,-0.0866,,0.2
88a8aca1d1fffff,2026-06-19,0.3815,-0.0441,,0.6
88a8aca1d1fffff,2026-07-09,0.3811,-0.035,,0.0
88a8aca1d1fffff,2026-08-18,0.3414,0.0242,,0.0
88a8aca1d5fffff,2026-03-28,0.5121,-0.1405,,2.4
88a8aca1d5fffff,2026-04-20,0.4681,-0.1095,,0.4
88a8aca1d5fffff,2026-05-05,0.4423,-0.0639,,0.2
88a8aca1d5fffff,2026-06-19,0.3812,-0.0378,,0.6
88a8aca1d5fffff,2026-07-09,0.364,-0.0198,,0.0
88a8aca1d5fffff,2026-08-18,0.3202,0.0499,,0.0
88a8aca1d7fffff,2026-03-28,0.4957,-0.122,,2.4
88a8aca1d7fffff,2026-04-20,0.4814,-0.1302,,0.4
88a8aca1d7fffff,2026-05-05,0.4614,-0.0979,,0.2
88a8aca1d7fffff,2026-06-19,0.4013,-0.0565,,0.6
88a8aca1d7fffff,2026-07-09,0.3869,-0.0378,,0.0
88a8aca1d7fffff,2026-08-18,0.3404,0.0292,,0.0
88a8aca1ddfffff,2026-03-28,0.5123,-0.1656,,2.4
88a8aca1ddfffff,2026-04-20,0.4872,-0.1599,,0.4
88a8aca1ddfffff,2026-05-05,0.4571,-0.1102,,0.2
88a8aca1ddfffff,2026-06-19,0.3907,-0.0621,,0.6
88a8aca1ddfffff,2026-07-09,0.3808,-0.0443,,0.0
88a8aca1ddfffff,2026-08-18,0.3508,0.0064,,0.0
88a8aca1e1fffff,2026-03-28,0.4417,-0.081,,2.4
88a8aca1e1fffff,2026-04-17,0.4418,-0.0925,,0.1
88a8aca1e1fffff,2026-05-05,0.4292,-0.0708,,0.2
88a8aca1e1fffff,2026-06-19,0.4213,-0.0906,,0.1
88a8aca1e1fffff,2026-07-29,0.3473,-0.0131,,0.0
88a8aca1e1fffff,2026-08-18,0.3455,0.0085,,0.0
88a8aca1e3fffff,2026-03-28,0.353,-0.0103,,2.4
88a8aca1e3fffff,2026-04-17,0.4692,-0.1305,,0.1
88a8aca1e3fffff,2026-05-05,0.446,-0.1122,,0.2
88a8aca1e3fffff,2026-06-19,0.4438,-0.1415,,0.1
88a8aca1e3fffff,2026-07-29,0.3212,0.0005,,0.0
88a8aca1e3fffff,2026-08-18,0.2984,0.0475,,0.0
88a8aca1e5fffff,2026-03-28,0.443,-0.0938,,2.4
88a8aca1e5fffff,2026-04-17,0.4408,-0.1037,,0.1
88a8aca1e5fffff,2026-05-05,0.4243,-0.083,,0.2
88a8aca1e5fffff,2026-06-19,0.3903,-0.0757,,0.1
88a8aca1e5fffff,2026-07-29,0.3411,-0.0198,,0.0
88a8aca1e5fffff,2026-08-18,0.3316,0.0081,,0.0
88a8aca1e7fffff,2026-03-28,0.4417,-0.0786,,2.4
88a8aca1e7fffff,2026-04-17,0.4931,-0.1539,,0.1
88a8aca1e7fffff,2026-05-05,0.4886,-0.1478,,0.2
88a8aca1e7fffff,2026-06-19,0.4394,-0.1273,,0.1
88a8aca1e7fffff,2026-07-29,0.328,0.0019,,0.0
88a8aca1e7fffff,2026-08-18,0.3376,0.0113,,0.0
88a8aca1e9fffff,2026-03-28,0.4423,-0.0952,,2.4
88a8aca1e9fffff,2026-04-17,0.4388,-0.0977,,0.1
88a8aca1e9fffff,2026-05-05,0.4196,-0.069,,0.2
88a8aca1e9fffff,2026-06-19,0.3609,-0.0346,,0.1
88a8aca1e9fffff,2026-07-29,0.305,0.0262,,0.0
88a8aca1e9fffff,2026-08-18,0.2962,0.0593,,0.0
88a8aca1ebfffff,2026-03-28,0.5092,-0.1402,,2.4
88a8aca1ebfffff,2026-04-17,0.4667,-0.1126,,0.1
88a8aca1ebfffff,2026-05-05,0.4283,-0.0782,,0.2
88a8aca1ebfffff,2026-06-19,0.3734,-0.037,,0.1
88a8aca1ebfffff,2026-07-29,0.3287,0.0127,,0.0
88a8aca1ebfffff,2026-08-18,0.3404,0.0256,,0.0
88a8aca1edfffff,2026-03-28,0.4511,-0.1015,,2.4
88a8aca1edfffff,2026-04-17,0.4365,-0.0904,,0.1
88a8aca1edfffff,2026-05-05,0.4207,-0.0719,,0.2
88a8aca1edfffff,2026-06-19,0.3623,-0.0273,,0.1
88a8aca1edfffff,2026-07-29,0.3024,0.0429,,0.0
88a8aca1edfffff,2026-08-18,0.3041,0.0559,,0.0
88a8aca201fffff,2026-03-28,0.4385,-0.1034,,2.4
88a8aca201fffff,2026-04-20,0.4308,-0.1069,,0.4
88a8aca201fffff,2026-05-05,0.4163,-0.0781,,0.2
88a8aca201fffff,2026-06-19,0.4608,-0.1656,,0.6
88a8aca201fffff,2026-07-09,0.4604,-0.1689,,0.0
88a8aca201fffff,2026-08-18,0.3014,0.0323,,0.0
88a8aca203fffff,2026-03-28,0.4928,-0.1363,,2.4
88a8aca203fffff,2026-04-20,0.4776,-0.1331,,0.4
88a8aca203fffff,2026-05-05,0.4581,-0.1051,,0.2
88a8aca203fffff,2026-06-19,0.4346,-0.1074,,0.6
88a8aca203fffff,2026-07-09,0.4234,-0.0909,,0.0
88a8aca203fffff,2026-08-18,0.3572,0.0027,,0.0
88a8aca205fffff,2026-03-28,0.4348,-0.0713,,2.4
88a8aca205fffff,2026-04-20,0.4261,-0.0678,,0.4
88a8aca205fffff,2026-05-05,0.4342,-0.0757,,0.2
88a8aca205fffff,2026-06-19,0.4532,-0.1317,,0.6
88a8aca205fffff,2026-07-09,0.4589,-0.1413,,0.0
88a8aca205fffff,2026-08-18,0.3308,0.0135,,0.0
88a8aca207fffff,2026-03-28,0.4849,-0.1386,,2.4
88a8aca207fffff,2026-04-20,0.4878,-0.156,,0.4
88a8aca207fffff,2026-05-05,0.4666,-0.1207,,0.2
88a8aca207fffff,2026-06-19,0.4448,-0.1397,,0.6
88a8aca207fffff,2026-07-09,0.4229,-0.1158,,0.0
88a8aca207fffff,2026-08-18,0.3315,0.0213,,0.0
88a8aca209fffff,2026-03-28,0.4758,-0.1369,,2.4
88a8aca209fffff,2026-04-20,0.5367,-0.2326,,0.4
88a8aca209fffff,2026-05-05,0.4649,-0.1412,,0.2
88a8aca209fffff,2026-06-19,0.4733,-0.1682,,0.6
88a8aca209fffff,2026-07-09,0.4951,-0.2051,,0.0
88a8aca209fffff,2026-08-18,0.4388,-0.1257,,0.0
88a8aca20bfffff,2026-03-28,0.4654,-0.1036,,2.4
88a8aca20bfffff,2026-04-20,0.456,-0.108,,0.4
88a8aca20bfffff,2026-05-05,0.4328,-0.0677,,0.2
88a8aca20bfffff,2026-06-19,0.4449,-0.1191,,0.6
88a8aca20bfffff,2026-07-09,0.4399,-0.1109,,0.0
88a8aca20bfffff,2026-08-18,0.379,-0.0203,,0.0
88a8aca20dfffff,2026-03-28,0.3663,-0.0331,,2.4
88a8aca20dfffff,2026-04-20,0.3876,-0.067,,0.4
88a8aca20dfffff,2026-05-05,0.4027,-0.0466,,0.2
88a8aca20dfffff,2026-06-19,0.4296,-0.1303,,0.6
88a8aca20dfffff,2026-07-09,0.4537,-0.1619,,0.0
88a8aca20dfffff,2026-08-18,0.3349,-0.0172,,0.0
88a8aca211fffff,2026-03-28,0.3495,-0.0159,,2.4
88a8aca211fffff,2026-04-20,0.3739,-0.0408,,0.4
88a8aca211fffff,2026-05-05,0.3802,-0.0388,,0.2
88a8aca211fffff,2026-06-19,0.4297,-0.1256,,0.6
88a8aca211fffff,2026-07-09,0.4272,-0.1066,,0.0
88a8aca211fffff,2026-08-18,0.333,0.0091,,0.0
88a8aca213fffff,2026-03-28,0.3737,-0.0107,,2.4
88a8aca213fffff,2026-04-20,0.3649,-0.0226,,0.4
88a8aca213fffff,2026-05-05,0.3777,-0.026,,0.2
88a8aca213fffff,2026-06-19,0.4389,-0.1163,,0.6
88a8aca213fffff,2026-07-09,0.4302,-0.0954,,0.0
88a8aca213fffff,2026-08-18,0.3178,0.0377,,0.0
88a8aca215fffff,2026-03-28,0.4682,-0.1118,,2.4
88a8aca215fffff,2026-04-20,0.4515,-0.1054,,0.4
88a8aca215fffff,2026-05-05,0.432,-0.0739,,0.2
88a8aca215fffff,2026-06-19,0.4071,-0.0794,,0.6
88a8aca215fffff,2026-07-09,0.4049,-0.0655,,0.0
88a8aca215fffff,2026-08-18,0.3699,-0.0137,,0.0
88a8aca217fffff,2026-03-28,0.4824,-0.1262,,2.4
88a8aca217fffff,2026-04-20,0.4729,-0.1286,,0.4
88a8aca217fffff,2026-05-05,0.4488,-0.0977,,0.2
88a8aca217fffff,2026-06-19,0.4,-0.0733,,0.6
88a8aca217fffff,2026-07-09,0.3929,-0.0587,,0.0
88a8aca217fffff,2026-08-18,0.376,-0.0202,,0.0
88a8aca219fffff,2026-03-28,0.48,-0.1325,,2.4
88a8aca219fffff,2026-04-20,0.464,-0.1239,,0.4
88a8aca219fffff,2026-05-05,0.4374,-0.0813,,0.2
88a8aca219fffff,2026-06-19,0.3743,-0.051,,0.6
88a8aca219fffff,2026-07-09,0.3866,-0.0497,,0.0
88a8aca219fffff,2026-08-18,0.3774,-0.0185,,0.0
88a8aca21bfffff,2026-03-28,0.4919,-0.1383,,2.4
88a8aca21bfffff,2026-04-20,0.4895,-0.1447,,0.4
88a8aca21bfffff,2026-05-05,0.4609,-0.1086,,0.2
88a8aca21bfffff,2026-06-19,0.424,-0.0977,,0.6
88a8aca21bfffff,2026-07-09,0.3974,-0.0581,,0.0
88a8aca21bfffff,2026-08-18,0.3481,0.0215,,0.0
88a8aca21dfffff,2026-03-28,0.459,-0.1076,,2.4
88a8aca21dfffff,2026-04-20,0.4508,-0.1087,,0.4
88a8aca21dfffff,2026-05-05,0.4392,-0.081,,0.2
88a8aca21dfffff,2026-06-19,0.4029,-0.0742,,0.6
88a8aca21dfffff,2026-07-09,0.4078,-0.0657,,0.0
88a8aca21dfffff,2026-08-18,0.374,-0.0187,,0.0
88a8aca221fffff,2026-03-28,0.4889,-0.1424,,2.4
88a8aca221fffff,2026-04-20,0.4936,-0.168,,0.4
88a8aca221fffff,2026-05-05,0.4756,-0.141,,0.2
88a8aca221fffff,2026-06-19,0.4216,-0.0984,,0.6
88a8aca221fffff,2026-07-09,0.4152,-0.0854,,0.0
88a8aca221fffff,2026-08-18,0.3528,0.0078,,0.0
88a8aca223fffff,2026-03-28,0.4833,-0.1316,,2.4
88a8aca223fffff,2026-04-20,0.4784,-0.1349,,0.4
88a8aca223fffff,2026-05-05,0.4578,-0.1067,,0.2
88a8aca223fffff,2026-06-19,0.4294,-0.1024,,0.6
88a8aca223fffff,2026-07-09,0.4321,-0.0994,,0.0
88a8aca223fffff,2026-08-18,0.398,-0.0452,,0.0
88a8aca225fffff,2026-03-28,0.4408,-0.0874,,2.4
88a8aca225fffff,2026-04-20,0.421,-0.0821,,0.4
88a8aca225fffff,2026-05-05,0.4154,-0.0632,,0.2
88a8aca225fffff,2026-06-19,0.3855,-0.0567,,0.6
88a8aca225fffff,2026-07-09,0.3774,-0.0439,,0.0
88a8aca225fffff,2026-08-18,0.3317,0.0171,,0.0
88a8aca227fffff,2026-03-28,0.4901,-0.1236,,2.4
88a8aca227fffff,2026-04-20,0.491,-0.1381,,0.4
88a8aca227fffff,2026-05-05,0.4755,-0.1177,,0.2
88a8aca227fffff,2026-06-19,0.4202,-0.0835,,0.6
88a8aca227fffff,2026-07-09,0.4204,-0.0768,,0.0
88a8aca227fffff,2026-08-18,0.3632,-0.0013,,0.0
88a8aca229fffff,2026-03-28,0.4501,-0.1002,,2.4
88a8aca229fffff,2026-04-20,0.4139,-0.0835,,0.4
88a8aca229fffff,2026-05-05,0.4854,-0.1646,,0.2
88a8aca229fffff,2026-06-19,0.4793,-0.2069,,0.6
88a8aca229fffff,2026-07-09,0.447,-0.1479,,0.0
88a8aca229fffff,2026-08-18,0.3381,-0.0041,,0.0
88a8aca22bfffff,2026-03-28,0.4931,-0.128,,2.4
88a8aca22bfffff,2026-04-20,0.4838,-0.1335,,0.4
88a8aca22bfffff,2026-05-05,0.4734,-0.1154,,0.2
88a8aca22bfffff,2026-06-19,0.4326,-0.0879,,0.6
88a8aca22bfffff,2026-07-09,0.441,-0.0917,,0.0
88a8aca22bfffff,2026-08-18,0.4178,-0.0452,,0.0
88a8aca22dfffff,2026-03-28,0.4972,-0.1659,,2.4
88a8aca22dfffff,2026-04-20,0.4027,-0.0603,,0.4
88a8aca22dfffff,2026-05-05,0.3976,-0.0471,,0.2
88a8aca22dfffff,2026-06-19,0.3868,-0.0548,,0.6
88a8aca22dfffff,2026-07-09,0.3767,-0.0402,,0.0
88a8aca22dfffff,2026-08-18,0.3163,0.0385,,0.0
88a8aca231fffff,2026-03-28,0.4711,-0.1139,,2.4
88a8aca231fffff,2026-04-20,0.4606,-0.1171,,0.4
88a8aca231fffff,2026-05-05,0.4361,-0.0815,,0.2
88a8aca231fffff,2026-06-19,0.3867,-0.0575,,0.6
88a8aca231fffff,2026-07-09,0.3767,-0.0391,,0.0
88a8aca231fffff,2026-08-18,0.3506,0.0061,,0.0
88a8aca233fffff,2026-03-28,0.5301,-0.1772,,2.4
88a8aca233fffff,2026-04-20,0.5291,-0.1923,,0.4
88a8aca233fffff,2026-05-05,0.5047,-0.1599,,0.2
88a8aca233fffff,2026-06-19,0.4543,-0.1296,,0.6
88a8aca233fffff,2026-07-09,0.4304,-0.0961,,0.0
88a8aca233fffff,2026-08-18,0.3856,-0.0262,,0.0
88a8aca235fffff,2026-03-28,0.4715,-0.1184,,2.4
88a8aca235fffff,2026-04-20,0.4295,-0.0824,,0.4
88a8aca235fffff,2026-05-05,0.3826,-0.0379,,0.2
88a8aca235fffff,2026-06-19,0.3484,-0.0216,,0.6
88a8aca235fffff,2026-07-09,0.3476,-0.0295,,0.0
88a8aca235fffff,2026-08-18,0.3522,-0.0076,,0.0
88a8aca237fffff,2026-03-28,0.5184,-0.1654,,2.4
88a8aca237fffff,2026-04-20,0.509,-0.1731,,0.4
88a8aca237fffff,2026-05-05,0.4756,-0.1275,,0.2
88a8aca237fffff,2026-06-19,0.4242,-0.1053,,0.6
88a8aca237fffff,2026-07-09,0.3905,-0.0714,,0.0
88a8aca237fffff,2026-08-18,0.3444,0.0009,,0.0
88a8aca239fffff,2026-03-28,0.4705,-0.1196,,2.4
88a8aca239fffff,2026-04-20,0.465,-0.1319,,0.4
88a8aca239fffff,2026-05-05,0.4371,-0.0928,,0.2
88a8aca239fffff,2026-06-19,0.3835,-0.0635,,0.6
88a8aca239fffff,2026-07-09,0.3692,-0.0444,,0.0
88a8aca239fffff,2026-08-18,0.3307,0.017,,0.0
88a8aca23bfffff,2026-03-28,0.4923,-0.1349,,2.4
88a8aca23bfffff,2026-04-20,0.4858,-0.1436,,0.4
88a8aca23bfffff,2026-05-05,0.4593,-0.1019,,0.2
88a8aca23bfffff,2026-06-19,0.4185,-0.0907,,0.6
88a8aca23bfffff,2026-07-09,0.4083,-0.0701,,0.0
88a8aca23bfffff,2026-08-18,0.3805,-0.0156,,0.0
88a8aca23dfffff,2026-03-28,0.4942,-0.1495,,2.4
88a8aca23dfffff,2026-04-20,0.4796,-0.1464,,0.4
88a8aca23dfffff,2026-05-05,0.4592,-0.1156,,0.2
88a8aca23dfffff,2026-06-19,0.3932,-0.0754,,0.6
88a8aca23dfffff,2026-07-09,0.3815,-0.0566,,0.0
88a8aca23dfffff,2026-08-18,0.3652,-0.0177,,0.0
88a8aca241fffff,2026-03-28,0.5045,-0.1528,,2.4
88a8aca241fffff,2026-04-20,0.505,-0.1678,,0.4
88a8aca241fffff,2026-05-05,0.4788,-0.1345,,0.2
88a8aca241fffff,2026-06-19,0.4159,-0.0906,,0.6
88a8aca241fffff,2026-07-09,0.4196,-0.0803,,0.0
88a8aca241fffff,2026-08-18,0.3638,-0.0048,,0.0
88a8aca243fffff,2026-03-28,0.409,-0.0644,,2.4
88a8aca243fffff,2026-04-20,0.5379,-0.2226,,0.4
88a8aca243fffff,2026-05-05,0.5274,-0.2169,,0.2
88a8aca243fffff,2026-06-19,0.3343,-0.0225,,0.6
88a8aca243fffff,2026-07-09,0.3916,-0.0694,,0.0
88a8aca243fffff,2026-08-18,0.3365,0.0042,,0.0
88a8aca245fffff,2026-03-28,0.5293,-0.1889,,2.4
88a8aca245fffff,2026-04-20,0.5161,-0.1934,,0.4
88a8aca245fffff,2026-05-05,0.484,-0.1541,,0.2
88a8aca245fffff,2026-06-19,0.4387,-0.1302,,0.6
88a8aca245fffff,2026-07-09,0.4344,-0.1113,,0.0
88a8aca245fffff,2026-08-18,0.3572,-0.0171,,0.0
88a8aca247fffff,2026-03-28,0.3818,-0.0491,,2.4
88a8aca247fffff,2026-04-20,0.3904,-0.0544,,0.4
88a8aca247fffff,2026-05-05,0.3952,-0.0519,,0.2
88a8aca247fffff,2026-06-19,0.4344,-0.1263,,0.6
88a8aca247fffff,2026-07-09,0.429,-0.1245,,0.0
88a8aca247fffff,2026-08-18,0.3829,-0.0463,,0.0
88a8aca249fffff,2026-03-28,0.5584,-0.218,,2.4
88a8aca249fffff,2026-04-20,0.5286,-0.2008,,0.4
88a8aca249fffff,2026-05-05,0.5004,-0.1655,,0.2
88a8aca249fffff,2026-06-19,0.4283,-0.1027,,0.6
88a8aca249fffff,2026-07-09,0.4396,-0.1062,,0.0
88a8aca249fffff,2026-08-18,0.3927,-0.0357,,0.0
88a8aca24bfffff,2026-03-28,0.4901,-0.1403,,2.4
88a8aca24bfffff,2026-04-20,0.5459,-0.2203,,0.4
88a8aca24bfffff,2026-05-05,0.5318,-0.2082,,0.2
88a8aca24bfffff,2026-06-19,0.3732,-0.0433,,0.6
88a8aca24bfffff,2026-07-09,0.3912,-0.0611,,0.0
88a8aca24bfffff,2026-08-18,0.3422,0.0055,,0.0
88a8aca24dfffff,2026-03-28,0.5545,-0.2137,,2.4
88a8aca24dfffff,2026-04-20,0.5464,-0.2205,,0.4
88a8aca24dfffff,2026-05-05,0.5099,-0.1729,,0.2
88a8aca24dfffff,2026-06-19,0.4272,-0.1044,,0.6
88a8aca24dfffff,2026-07-09,0.4175,-0.0838,,0.0
88a8aca24dfffff,2026-08-18,0.3796,-0.0228,,0.0
88a8aca251fffff,2026-03-28,0.4577,-0.121,,2.4
88a8aca251fffff,2026-04-20,0.5203,-0.2044,,0.4
88a8aca251fffff,2026-05-05,0.4693,-0.1645,,0.2
88a8aca251fffff,2026-06-19,0.4634,-0.1566,,0.6
88a8aca251fffff,2026-07-09,0.4929,-0.1836,,0.0
88a8aca251fffff,2026-08-18,0.4542,-0.1501,,0.0
88a8aca253fffff,2026-03-28,0.4879,-0.1321,,2.4
88a8aca253fffff,2026-04-20,0.4766,-0.1298,,0.4
88a8aca253fffff,2026-05-05,0.4535,-0.0879,,0.2
88a8aca253fffff,2026-06-19,0.4305,-0.0871,,0.6
88a8aca253fffff,2026-07-09,0.4273,-0.0778,,0.0
88a8aca253fffff,2026-08-18,0.4033,-0.0281,,0.0
88a8aca255fffff,2026-03-28,0.2071,0.1074,,2.4
88a8aca255fffff,2026-04-20,0.2384,0.0721,,0.4
88a8aca255fffff,2026-05-05,0.2493,0.0472,,0.2
88a8aca255fffff,2026-06-19,0.5288,-0.2561,,0.6
88a8aca255fffff,2026-07-09,0.5575,-0.283,,0.0
88a8aca255fffff,2026-08-18,0.3773,-0.074,,0.0
88a8aca257fffff,2026-03-28,0.3501,-0.007,,2.4
88a8aca257fffff,2026-04-20,0.4075,-0.0665,,0.4
88a8aca257fffff,2026-05-05,0.4155,-0.0652,,0.2
88a8aca257fffff,2026-06-19,0.4013,-0.076,,0.6
88a8aca257fffff,2026-07-09,0.4036,-0.0733,,0.0
88a8aca257fffff,2026-08-18,0.3761,-0.0291,,0.0
88a8aca259fffff,2026-03-28,0.2928,0.0289,,2.4
88a8aca259fffff,2026-04-20,0.5472,-0.226,,0.4
88a8aca259fffff,2026-05-05,0.5653,-0.2462,,0.2
88a8aca259fffff,2026-06-19,0.2715,0.0155,,0.6
88a8aca259fffff,2026-07-09,0.4613,-0.1517,,0.0
88a8aca259fffff,2026-08-18,0.4495,-0.1262,,0.0
88a8aca25bfffff,2026-03-28,0.3704,-0.0377,,2.4
88a8aca25bfffff,2026-04-20,0.5094,-0.191,,0.4
88a8aca25bfffff,2026-05-05,0.4915,-0.1585,,0.2
88a8aca25bfffff,2026-06-19,0.361,-0.0424,,0.6
88a8aca25bfffff,2026-07-09,0.4656,-0.1547,,0.0
88a8aca25bfffff,2026-08-18,0.419,-0.0853,,0.0
88a8aca25dfffff,2026-03-28,0.2748,0.0573,,2.4
88a8aca25dfffff,2026-04-20,0.4741,-0.1524,,0.4
88a8aca25dfffff,2026-05-05,0.4834,-0.1571,,0.2
88a8aca25dfffff,2026-06-19,0.5005,-0.2114,,0.6
88a8aca25dfffff,2026-07-09,0.4897,-0.1915,,0.0
88a8aca25dfffff,2026-08-18,0.3,0.0189,,0.0
88a8aca261fffff,2026-03-28,0.4104,-0.0747,,2.4
88a8aca261fffff,2026-04-20,0.4455,-0.1181,,0.4
88a8aca261fffff,2026-05-05,0.4467,-0.1141,,0.2
88a8aca261fffff,2026-06-19,0.4294,-0.1218,,0.6
88a8aca261fffff,2026-07-09,0.4236,-0.1116,,0.0
88a8aca261fffff,2026-08-18,0.3968,-0.0621,,0.0
88a8aca263fffff,2026-03-28,0.463,-0.0972,,2.4
88a8aca263fffff,2026-04-20,0.4684,-0.1315,,0.4
88a8aca263fffff,2026-05-05,0.462,-0.0914,,0.2
88a8aca263fffff,2026-06-19,0.4832,-0.1895,,0.6
88a8aca263fffff,2026-07-09,0.4946,-0.1988,,0.0
88a8aca263fffff,2026-08-18,0.3814,-0.0632,,0.0
88a8aca265fffff,2026-03-28,0.491,-0.1404,,2.4
88a8aca265fffff,2026-04-20,0.4778,-0.1401,,0.4
88a8aca265fffff,2026-05-05,0.459,-0.1072,,0.2
88a8aca265fffff,2026-06-19,0.4069,-0.0707,,0.6
88a8aca265fffff,2026-07-09,0.3964,-0.0566,,0.0
88a8aca265fffff,2026-08-18,0.3785,-0.0134,,0.0
88a8aca267fffff,2026-03-28,0.1956,0.1161,,2.4
88a8aca267fffff,2026-04-20,0.2892,0.045,,0.4
88a8aca267fffff,2026-05-05,0.3785,-0.0254,,0.2
88a8aca267fffff,2026-06-19,0.5597,-0.2843,,0.6
88a8aca267fffff,2026-07-09,0.547,-0.2682,,0.0
88a8aca267fffff,2026-08-18,0.3987,-0.0741,,0.0
88a8aca269fffff,2026-03-28,0.4977,-0.1567,,2.4
88a8aca269fffff,2026-04-20,0.4733,-0.1477,,0.4
88a8aca269fffff,2026-05-05,0.446,-0.1108,,0.2
88a8aca269fffff,2026-06-19,0.4246,-0.1193,,0.6
88a8aca269fffff,2026-07-09,0.4217,-0.1088,,0.0
88a8aca269fffff,2026-08-18,0.3843,-0.0469,,0.0
88a8aca26bfffff,2026-03-28,0.5686,-0.2242,,2.4
88a8aca26bfffff,2026-04-20,0.5598,-0.2194,,0.4
88a8aca26bfffff,2026-05-05,0.4995,-0.164,,0.2
88a8aca26bfffff,2026-06-19,0.4682,-0.1678,,0.6
88a8aca26bfffff,2026-07-09,0.4385,-0.1387,,0.0
88a8aca26bfffff,2026-08-18,0.3104,0.019,,0.0
88a8aca26dfffff,2026-03-28,0.4852,-0.1372,,2.4
88a8aca26dfffff,2026-04-20,0.4685,-0.1277,,0.4
88a8aca26dfffff,2026-05-05,0.446,-0.0913,,0.2
88a8aca26dfffff,2026-06-19,0.3963,-0.0609,,0.6
88a8aca26dfffff,2026-07-09,0.3809,-0.0398,,0.0
88a8aca26dfffff,2026-08-18,0.3675,-0.0023,,0.0
88a8aca2a9fffff,2026-03-28,0.5395,-0.1896,,2.4
88a8aca2a9fffff,2026-04-20,0.517,-0.1908,,0.4
88a8aca2a9fffff,2026-05-05,0.4997,-0.1595,,0.2
88a8aca2a9fffff,2026-06-19,0.4384,-0.1059,,0.6
88a8aca2a9fffff,2026-07-09,0.433,-0.0922,,0.0
88a8aca2a9fffff,2026-08-18,0.4174,-0.0429,,0.0
88a8aca2adfffff,2026-03-28,0.5408,-0.2079,,2.4
88a8aca2adfffff,2026-04-20,0.533,-0.2118,,0.4
88a8aca2adfffff,2026-05-05,0.5213,-0.1965,,0.2
88a8aca2adfffff,2026-06-19,0.4787,-0.1656,,0.6
88a8aca2adfffff,2026-07-09,0.4767,-0.1523,,0.0
88a8aca2adfffff,2026-08-18,0.4598,-0.1183,,0.0
88a8aca2c1fffff,2026-03-28,0.4791,-0.1175,,2.4
88a8aca2c1fffff,2026-04-20,0.4706,-0.1161,,0.4
88a8aca2c1fffff,2026-05-05,0.4346,-0.0728,,0.2
88a8aca2c1fffff,2026-06-19,0.4019,-0.0593,,0.6
88a8aca2c1fffff,2026-07-09,0.3737,-0.0305,,0.0
88a8aca2c1fffff,2026-08-18,0.3338,0.0339,,0.0
88a8aca2c5fffff,2026-03-28,0.4842,-0.119,,2.4
88a8aca2c5fffff,2026-04-20,0.4384,-0.0959,,0.4
88a8aca2c5fffff,2026-05-05,0.3957,-0.0503,,0.2
88a8aca2c5fffff,2026-06-19,0.3717,-0.046,,0.6
88a8aca2c5fffff,2026-07-09,0.3517,-0.018,,0.0
88a8aca2c5fffff,2026-08-18,0.3421,0.0183,,0.0
88a8aca2c7fffff,2026-03-28,0.534,-0.194,,2.4
88a8aca2c7fffff,2026-04-20,0.5234,-0.1945,,0.4
88a8aca2c7fffff,2026-05-05,0.4842,-0.1464,,0.2
88a8aca2c7fffff,2026-06-19,0.4231,-0.0926,,0.6
88a8aca2c7fffff,2026-07-09,0.4091,-0.0681,,0.0
88a8aca2c7fffff,2026-08-18,0.3665,-0.0028,,0.0
88a8aca2cdfffff,2026-03-28,0.3363,-0.009,,2.4
88a8aca2cdfffff,2026-04-20,0.3506,-0.0195,,0.4
88a8aca2cdfffff,2026-05-05,0.3554,-0.0054,,0.2
88a8aca2cdfffff,2026-06-19,0.4509,-0.1415,,0.6
88a8aca2cdfffff,2026-07-09,0.4458,-0.1295,,0.0
88a8aca2cdfffff,2026-08-18,0.2585,0.0761,,0.0
88a8aca2e1fffff,2026-03-28,0.5291,-0.1714,,2.4
88a8aca2e1fffff,2026-04-20,0.5248,-0.1886,,0.4
88a8aca2e1fffff,2026-05-05,0.4934,-0.1525,,0.2
88a8aca2e1fffff,2026-06-19,0.4166,-0.0945,,0.6
88a8aca2e1fffff,2026-07-09,0.3998,-0.0584,,0.0
88a8aca2e1fffff,2026-08-18,0.3685,-0.001,,0.0
88a8aca2e3fffff,2026-03-28,0.5288,-0.1769,,2.4
88a8aca2e3fffff,2026-04-20,0.5134,-0.1842,,0.4
88a8aca2e3fffff,2026-05-05,0.4956,-0.1526,,0.2
88a8aca2e3fffff,2026-06-19,0.4373,-0.1158,,0.6
88a8aca2e3fffff,2026-07-09,0.4209,-0.084,,0.0
88a8aca2e3fffff,2026-08-18,0.402,-0.0377,,0.0
88a8aca2e5fffff,2026-03-28,0.5461,-0.2064,,2.4
88a8aca2e5fffff,2026-04-20,0.5393,-0.2162,,0.4
88a8aca2e5fffff,2026-05-05,0.5184,-0.1878,,0.2
88a8aca2e5fffff,2026-06-19,0.4599,-0.1456,,0.6
88a8aca2e5fffff,2026-07-09,0.448,-0.1173,,0.0
88a8aca2e5fffff,2026-08-18,0.4127,-0.0585,,0.0
88a8aca2e7fffff,2026-03-28,0.5495,-0.2065,,2.4
88a8aca2e7fffff,2026-04-20,0.5352,-0.21,,0.4
88a8aca2e7fffff,2026-05-05,0.5218,-0.187,,0.2
88a8aca2e7fffff,2026-06-19,0.4654,-0.1492,,0.6
88a8aca2e7fffff,2026-07-09,0.4527,-0.1225,,0.0
88a8aca2e7fffff,2026-08-18,0.4305,-0.0689,,0.0
88a8aca2e9fffff,2026-03-28,0.4934,-0.1395,,2.4
88a8aca2e9fffff,2026-04-20,0.4573,-0.1118,,0.4
88a8aca2e9fffff,2026-05-05,0.4373,-0.0876,,0.2
88a8aca2e9fffff,2026-06-19,0.4122,-0.0949,,0.6
88a8aca2e9fffff,2026-07-09,0.4006,-0.0725,,0.0
88a8aca2e9fffff,2026-08-18,0.3732,-0.0091,,0.0
88a8aca2ebfffff,2026-03-28,0.4809,-0.1182,,2.4
88a8aca2ebfffff,2026-04-20,0.4565,-0.1102,,0.4
88a8aca2ebfffff,2026-05-05,0.4287,-0.0733,,0.2
88a8aca2ebfffff,2026-06-19,0.3846,-0.0632,,0.6
88a8aca2ebfffff,2026-07-09,0.3701,-0.0332,,0.0
88a8aca2ebfffff,2026-08-18,0.3157,0.0436,,0.0
88a8aca2edfffff,2026-03-28,0.5172,-0.1661,,2.4
88a8aca2edfffff,2026-04-20,0.5212,-0.1915,,0.4
88a8aca2edfffff,2026-05-05,0.5049,-0.1725,,0.2
88a8aca2edfffff,2026-06-19,0.4325,-0.1182,,0.6
88a8aca2edfffff,2026-07-09,0.3998,-0.0652,,0.0
88a8aca2edfffff,2026-08-18,0.3657,-0.0034,,0.0
88a8aca301fffff,2026-03-28,0.4583,-0.1091,,2.4
88a8aca301fffff,2026-04-17,0.4369,-0.1058,,0.1
88a8aca301fffff,2026-05-05,0.3888,-0.0544,,0.2
88a8aca301fffff,2026-06-19,0.3282,-0.0174,,0.1
88a8aca301fffff,2026-07-29,0.2767,0.0474,,0.0
88a8aca301fffff,2026-08-18,0.2872,0.058,,0.0
88a8aca303fffff,2026-03-28,0.498,-0.1605,,2.4
88a8aca303fffff,2026-04-17,0.4749,-0.1441,,0.1
88a8aca303fffff,2026-05-05,0.4365,-0.0993,,0.2
88a8aca303fffff,2026-06-19,0.3647,-0.051,,0.1
88a8aca303fffff,2026-07-29,0.307,0.0113,,0.0
88a8aca303fffff,2026-08-18,0.3301,0.0093,,0.0
88a8aca305fffff,2026-03-28,0.3577,-0.0374,,2.4
88a8aca305fffff,2026-04-17,0.3623,-0.0453,,0.1
88a8aca305fffff,2026-05-05,0.3187,0.0012,,0.2
88a8aca305fffff,2026-06-19,0.296,-0.0021,,0.1
88a8aca305fffff,2026-07-29,0.2596,0.0361,,0.0
88a8aca305fffff,2026-08-18,0.2466,0.0486,,0.0
88a8aca307fffff,2026-03-28,0.4489,-0.0941,,2.4
88a8aca307fffff,2026-04-17,0.4337,-0.0924,,0.1
88a8aca307fffff,2026-05-05,0.3971,-0.0475,,0.2
88a8aca307fffff,2026-06-19,0.3539,-0.0262,,0.1
88a8aca307fffff,2026-07-29,0.2925,0.0392,,0.0
88a8aca307fffff,2026-08-18,0.289,0.0595,,0.0
88a8aca309fffff,2026-03-28,0.4866,-0.1509,,2.4
88a8aca309fffff,2026-04-17,0.4702,-0.1437,,0.1
88a8aca309fffff,2026-05-05,0.4488,-0.1221,,0.2
88a8aca309fffff,2026-06-19,0.4198,-0.1131,,0.1
88a8aca309fffff,2026-07-29,0.397,-0.0871,,0.0
88a8aca309fffff,2026-08-18,0.3901,-0.0579,,0.0
88a8aca30bfffff,2026-03-28,0.4691,-0.1205,,2.4
88a8aca30bfffff,2026-04-17,0.4549,-0.1146,,0.1
88a8aca30bfffff,2026-05-05,0.4277,-0.0758,,0.2
88a8aca30bfffff,2026-06-19,0.3775,-0.0582,,0.1
88a8aca30bfffff,2026-07-29,0.3209,0.0087,,0.0
88a8aca30bfffff,2026-08-18,0.3162,0.031,,0.0
88a8aca30dfffff,2026-03-28,0.3814,-0.0567,,2.4
88a8aca30dfffff,2026-04-17,0.3762,-0.054,,0.1
88a8aca30dfffff,2026-05-05,0.3475,-0.0219,,0.2
88a8aca30dfffff,2026-06-19,0.3003,0.0138,,0.1
88a8aca30dfffff,2026-07-29,0.2727,0.0481,,0.0
88a8aca30dfffff,2026-08-18,0.2676,0.0589,,0.0
88a8aca311fffff,2026-03-28,0.4989,-0.1625,,2.4
88a8aca311fffff,2026-04-17,0.4607,-0.1254,,0.1
88a8aca311fffff,2026-05-05,0.475,-0.1366,,0.2
88a8aca311fffff,2026-06-19,0.4197,-0.1065,,0.1
88a8aca311fffff,2026-07-29,0.3094,0.0084,,0.0
88a8aca311fffff,2026-08-18,0.3371,0.0001,,0.0
88a8aca313fffff,2026-03-28,0.4771,-0.1248,,2.4
88a8aca313fffff,2026-04-20,0.4628,-0.1268,,0.4
88a8aca313fffff,2026-05-05,0.438,-0.0925,,0.2
88a8aca313fffff,2026-06-19,0.3897,-0.0653,,0.6
88a8aca313fffff,2026-07-09,0.3813,-0.0523,,0.0
88a8aca313fffff,2026-08-18,0.3349,0.0139,,0.0
88a8aca315fffff,2026-03-28,0.4928,-0.152,,2.4
88a8aca315fffff,2026-04-17,0.4801,-0.1481,,0.1
88a8aca315fffff,2026-05-05,0.4625,-0.1225,,0.2
88a8aca315fffff,2026-06-19,0.3969,-0.0818,,0.1
88a8aca315fffff,2026-07-29,0.292,0.0316,,0.0
88a8aca315fffff,2026-08-18,0.3241,0.0214,,0.0
88a8aca317fffff,2026-03-28,0.3669,-0.0254,,2.4
88a8aca317fffff,2026-04-17,0.2722,0.0191,,0.1
88a8aca317fffff,2026-05-05,0.3326,0.0247,,0.2
88a8aca317fffff,2026-06-19,0.2256,0.054,,0.1
88a8aca317fffff,2026-07-29,0.2068,0.0836,,0.0
88a8aca317fffff,2026-08-18,0.2053,0.0909,,0.0
88a8aca319fffff,2026-03-28,0.3724,-0.0339,,2.4
88a8aca319fffff,2026-04-17,0.4542,-0.1128,,0.1
88a8aca319fffff,2026-05-05,0.4066,-0.0593,,0.2
88a8aca319fffff,2026-06-19,0.3629,-0.0441,,0.1
88a8aca319fffff,2026-07-29,0.322,0.0086,,0.0
88a8aca319fffff,2026-08-18,0.333,0.0144,,0.0
88a8aca31bfffff,2026-03-28,0.4543,-0.1087,,2.4
88a8aca31bfffff,2026-04-20,0.4543,-0.1184,,0.4
88a8aca31bfffff,2026-05-05,0.44,-0.0929,,0.2
88a8aca31bfffff,2026-06-19,0.4014,-0.0677,,0.6
88a8aca31bfffff,2026-07-09,0.3868,-0.0532,,0.0
88a8aca31bfffff,2026-08-18,0.3423,0.0044,,0.0
88a8aca31dfffff,2026-03-28,0.3973,-0.0732,,2.4
88a8aca31dfffff,2026-04-17,0.3916,-0.0638,,0.1
88a8aca31dfffff,2026-05-05,0.3603,-0.0234,,0.2
88a8aca31dfffff,2026-06-19,0.3155,-0.0252,,0.1
88a8aca31dfffff,2026-07-29,0.3147,-0.003,,0.0
88a8aca31dfffff,2026-08-18,0.2889,0.0406,,0.0
88a8aca321fffff,2026-03-28,0.0973,0.151,,2.4
88a8aca321fffff,2026-04-17,0.0948,0.1462,,0.1
88a8aca321fffff,2026-05-05,0.0921,0.1496,,0.2
88a8aca321fffff,2026-06-19,0.0907,0.1321,,0.1
88a8aca321fffff,2026-07-29,0.0849,0.1467,,0.0
88a8aca321fffff,2026-08-18,0.0875,0.1454,,0.0
88a8aca323fffff,2026-03-28,0.1052,0.1332,,2.4
88a8aca323fffff,2026-04-17,0.106,0.1249,,0.1
88a8aca323fffff,2026-05-05,0.1023,0.132,,0.2
88a8aca323fffff,2026-06-19,0.1033,0.1148,,0.1
88a8aca323fffff,2026-07-29,0.0917,0.1294,,0.0
88a8aca323fffff,2026-08-18,0.0948,0.1289,,0.0
88a8aca325fffff,2026-03-28,0.4311,-0.0996,,2.4
88a8aca325fffff,2026-04-17,0.4021,-0.0749,,0.1
88a8aca325fffff,2026-05-05,0.3871,-0.0404,,0.2
88a8aca325fffff,2026-06-19,0.3249,0.0016,,0.1
88a8aca325fffff,2026-07-29,0.2777,0.0499,,0.0
88a8aca325fffff,2026-08-18,0.304,0.0363,,0.0
88a8aca327fffff,2026-03-28,0.1458,0.0902,,2.4
88a8aca327fffff,2026-04-17,0.1419,0.0917,,0.1
88a8aca327fffff,2026-05-05,0.1321,0.1079,,0.2
88a8aca327fffff,2026-06-19,0.128,0.0984,,0.1
88a8aca327fffff,2026-07-29,0.1175,0.1122,,0.0
88a8aca327fffff,2026-08-18,0.1174,0.1171,,0.0
88a8aca329fffff,2026-03-28,0.1711,0.0476,,2.4
88a8aca329fffff,2026-04-17,0.1691,0.0447,,0.1
88a8aca329fffff,2026-05-05,0.1576,0.0622,,0.2
88a8aca329fffff,2026-06-19,0.142,0.0629,,0.1
88a8aca329fffff,2026-07-29,0.1298,0.0838,,0.0
88a8aca329fffff,2026-08-18,0.1312,0.0828,,0.0
88a8aca32bfffff,2026-03-28,0.2716,0.0101,,2.4
88a8aca32bfffff,2026-04-17,0.2776,0.0176,,0.1
88a8aca32bfffff,2026-05-05,0.2316,0.0627,,0.2
88a8aca32bfffff,2026-06-19,0.2335,0.0327,,0.1
88a8aca32bfffff,2026-07-29,0.1817,0.065,,0.0
88a8aca32bfffff,2026-08-18,0.1754,0.0696,,0.0
88a8aca32dfffff,2026-03-28,0.4095,-0.0859,,2.4
88a8aca32dfffff,2026-04-17,0.4085,-0.0791,,0.1
88a8aca32dfffff,2026-05-05,0.3714,-0.0447,,0.2
88a8aca32dfffff,2026-06-19,0.3332,-0.0262,,0.1
88a8aca32dfffff,2026-07-29,0.2877,0.0248,,0.0
88a8aca32dfffff,2026-08-18,0.2989,0.0243,,0.0
88a8aca331fffff,2026-03-28,0.493,-0.1516,,2.4
88a8aca331fffff,2026-04-17,0.4657,-0.1277,,0.1
88a8aca331fffff,2026-05-05,0.4444,-0.0917,,0.2
88a8aca331fffff,2026-06-19,0.3876,-0.0533,,0.1
88a8aca331fffff,2026-07-29,0.3025,0.0284,,0.0
88a8aca331fffff,2026-08-18,0.3292,0.0216,,0.0
88a8aca333fffff,2026-03-28,0.3272,-0.0301,,2.4
88a8aca333fffff,2026-04-17,0.3338,-0.0402,,0.1
88a8aca333fffff,2026-05-05,0.2988,-0.009,,0.2
88a8aca333fffff,2026-06-19,0.2831,0.0047,,0.1
88a8aca333fffff,2026-07-29,0.2514,0.0268,,0.0
88a8aca333fffff,2026-08-18,0.2551,0.0337,,0.0
88a8aca335fffff,2026-03-28,0.4893,-0.1149,,2.4
88a8aca335fffff,2026-04-17,0.4928,-0.1198,,0.1
88a8aca335fffff,2026-05-05,0.4709,-0.0829,,0.2
88a8aca335fffff,2026-06-19,0.4068,-0.0475,,0.1
88a8aca335fffff,2026-07-29,0.3453,0.0103,,0.0
88a8aca335fffff,2026-08-18,0.3756,-0.0031,,0.0
88a8aca337fffff,2026-03-28,0.348,-0.0376,,2.4
88a8aca337fffff,2026-04-17,0.312,-0.0156,,0.1
88a8aca337fffff,2026-05-05,0.3011,0.0088,,0.2
88a8aca337fffff,2026-06-19,0.2898,0.016,,0.1
88a8aca337fffff,2026-07-29,0.2515,0.0377,,0.0
88a8aca337fffff,2026-08-18,0.2626,0.0404,,0.0
88a8aca339fffff,2026-03-28,0.5139,-0.1886,,2.4
88a8aca339fffff,2026-04-17,0.4893,-0.1665,,0.1
88a8aca339fffff,2026-05-05,0.4627,-0.1308,,0.2
88a8aca339fffff,2026-06-19,0.3998,-0.0893,,0.1
88a8aca339fffff,2026-07-29,0.2863,0.029,,0.0
88a8aca339fffff,2026-08-18,0.3165,0.024,,0.0
88a8aca33bfffff,2026-03-28,0.37,-0.0411,,2.4
88a8aca33bfffff,2026-04-17,0.3759,-0.0522,,0.1
88a8aca33bfffff,2026-05-05,0.3414,-0.0021,,0.2
88a8aca33bfffff,2026-06-19,0.3172,-0.0003,,0.1
88a8aca33bfffff,2026-07-29,0.242,0.0708,,0.0
88a8aca33bfffff,2026-08-18,0.2537,0.0751,,0.0
88a8aca33dfffff,2026-03-28,0.4671,-0.1127,,2.4
88a8aca33dfffff,2026-04-17,0.4468,-0.0888,,0.1
88a8aca33dfffff,2026-05-05,0.4203,-0.0546,,0.2
88a8aca33dfffff,2026-06-19,0.3884,-0.0373,,0.1
88a8aca33dfffff,2026-07-29,0.2962,0.0398,,0.0
88a8aca33dfffff,2026-08-18,0.3109,0.0363,,0.0
88a8aca341fffff,2026-03-28,0.2621,0.0847,,2.4
88a8aca341fffff,2026-04-17,0.2228,0.1238,,0.1
88a8aca341fffff,2026-05-05,0.2825,0.0691,,0.2
88a8aca341fffff,2026-06-19,0.4376,-0.1571,,0.1
88a8aca341fffff,2026-07-29,0.3389,-0.0628,,0.0
88a8aca341fffff,2026-08-18,0.2538,0.0666,,0.0
88a8aca343fffff,2026-03-28,0.2634,0.0681,,2.4
88a8aca343fffff,2026-04-17,0.2547,0.0611,,0.1
88a8aca343fffff,2026-05-05,0.3119,0.0113,,0.2
88a8aca343fffff,2026-06-19,0.4164,-0.1152,,0.1
88a8aca343fffff,2026-07-29,0.3511,-0.0571,,0.0
88a8aca343fffff,2026-08-18,0.3221,0.0139,,0.0
88a8aca345fffff,2026-03-28,0.5249,-0.2082,,2.4
88a8aca345fffff,2026-04-17,0.4833,-0.1831,,0.1
88a8aca345fffff,2026-05-05,0.4319,-0.1258,,0.2
88a8aca345fffff,2026-06-19,0.3225,-0.0138,,0.1
88a8aca345fffff,2026-07-29,0.2788,0.0366,,0.0
88a8aca345fffff,2026-08-18,0.2901,0.0475,,0.0
88a8aca347fffff,2026-03-28,0.456,-0.1059,,2.4
88a8aca347fffff,2026-04-17,0.4306,-0.0937,,0.1
88a8aca347fffff,2026-05-05,0.4094,-0.0759,,0.2
88a8aca347fffff,2026-06-19,0.3945,-0.0921,,0.1
88a8aca347fffff,2026-07-29,0.3158,-0.0057,,0.0
88a8aca347fffff,2026-08-18,0.3137,0.0297,,0.0
88a8aca349fffff,2026-03-28,0.4253,-0.1222,,2.4
88a8aca349fffff,2026-04-17,0.4248,-0.1241,,0.1
88a8aca349fffff,2026-05-05,0.4489,-0.1488,,0.2
88a8aca349fffff,2026-06-19,0.3076,-0.0202,,0.1
88a8aca349fffff,2026-07-29,0.2985,0.0062,,0.0
88a8aca349fffff,2026-08-18,0.2374,0.0385,,0.0
88a8aca34bfffff,2026-03-28,0.3891,-0.0764,,2.4
88a8aca34bfffff,2026-04-17,0.3605,-0.0651,,0.1
88a8aca34bfffff,2026-05-05,0.3804,-0.0742,,0.2
88a8aca34bfffff,2026-06-19,0.3808,-0.0857,,0.1
88a8aca34bfffff,2026-07-29,0.2651,0.0284,,0.0
88a8aca34bfffff,2026-08-18,0.245,0.0578,,0.0
88a8aca34dfffff,2026-03-28,0.5059,-0.1923,,2.4
88a8aca34dfffff,2026-04-17,0.4681,-0.1659,,0.1
88a8aca34dfffff,2026-05-05,0.4233,-0.1192,,0.2
88a8aca34dfffff,2026-06-19,0.3262,-0.0235,,0.1
88a8aca34dfffff,2026-07-29,0.2882,0.0339,,0.0
88a8aca34dfffff,2026-08-18,0.2926,0.0445,,0.0
88a8aca351fffff,2026-03-28,0.4646,-0.1424,,2.4
88a8aca351fffff,2026-04-17,0.2307,0.1164,,0.1
88a8aca351fffff,2026-05-05,0.2854,0.0545,,0.2
88a8aca351fffff,2026-06-19,0.2287,0.0696,,0.1
88a8aca351fffff,2026-07-29,0.2698,0.0296,,0.0
88a8aca351fffff,2026-08-18,0.3271,0.0077,,0.0
88a8aca353fffff,2026-03-28,0.2642,0.0447,,2.4
88a8aca353fffff,2026-04-20,0.2877,0.0197,,0.4
88a8aca353fffff,2026-05-05,0.3905,-0.04,,0.2
88a8aca353fffff,2026-06-19,0.4943,-0.1813,,0.6
88a8aca353fffff,2026-07-09,0.501,-0.188,,0.0
88a8aca353fffff,2026-08-18,0.4525,-0.1137,,0.0
88a8aca355fffff,2026-03-28,0.5031,-0.166,,2.4
88a8aca355fffff,2026-04-17,0.4422,-0.1016,,0.1
88a8aca355fffff,2026-05-05,0.4081,-0.0571,,0.2
88a8aca355fffff,2026-06-19,0.383,-0.0686,,0.1
88a8aca355fffff,2026-07-29,0.3236,-0.0067,,0.0
88a8aca355fffff,2026-08-18,0.3324,0.0082,,0.0
88a8aca357fffff,2026-03-28,0.4011,-0.0672,,2.4
88a8aca357fffff,2026-04-17,0.3126,0.0343,,0.1
88a8aca357fffff,2026-05-05,0.3326,0.0005,,0.2
88a8aca357fffff,2026-06-19,0.3549,-0.046,,0.1
88a8aca357fffff,2026-07-29,0.3228,-0.0098,,0.0
88a8aca357fffff,2026-08-18,0.2755,0.0605,,0.0
88a8aca359fffff,2026-03-28,0.3056,0.0048,,2.4
88a8aca359fffff,2026-04-20,0.3352,-0.0006,,0.4
88a8aca359fffff,2026-05-05,0.3465,-0.0154,,0.2
88a8aca359fffff,2026-06-19,0.2293,0.0581,,0.6
88a8aca359fffff,2026-07-09,0.2197,0.0969,,0.0
88a8aca359fffff,2026-08-18,0.2688,0.0496,,0.0
88a8aca35bfffff,2026-03-28,0.4828,-0.1252,,2.4
88a8aca35bfffff,2026-04-20,0.5033,-0.165,,0.4
88a8aca35bfffff,2026-05-05,0.4828,-0.1382,,0.2
88a8aca35bfffff,2026-06-19,0.4215,-0.0941,,0.6
88a8aca35bfffff,2026-07-09,0.3999,-0.0648,,0.0
88a8aca35bfffff,2026-08-18,0.3739,-0.0133,,0.0
88a8aca35dfffff,2026-03-28,0.5031,-0.1855,,2.4
88a8aca35dfffff,2026-04-17,0.3798,-0.0545,,0.1
88a8aca35dfffff,2026-05-05,0.3555,-0.0148,,0.2
88a8aca35dfffff,2026-06-19,0.3163,0.0033,,0.1
88a8aca35dfffff,2026-07-29,0.2808,0.0294,,0.0
88a8aca35dfffff,2026-08-18,0.3123,0.0222,,0.0
88a8aca361fffff,2026-03-28,0.4414,-0.0909,,2.4
88a8aca361fffff,2026-04-17,0.4499,-0.1073,,0.1
88a8aca361fffff,2026-05-05,0.4116,-0.0747,,0.2
88a8aca361fffff,2026-06-19,0.3798,-0.0581,,0.1
88a8aca361fffff,2026-07-29,0.3183,0.0166,,0.0
88a8aca361fffff,2026-08-18,0.3239,0.0239,,0.0
88a8aca363fffff,2026-03-28,0.3423,-0.027,,2.4
88a8aca363fffff,2026-04-17,0.3369,-0.0357,,0.1
88a8aca363fffff,2026-05-05,0.3089,-0.0059,,0.2
88a8aca363fffff,2026-06-19,0.2525,0.0224,,0.1
88a8aca363fffff,2026-07-29,0.2393,0.0483,,0.0
88a8aca363fffff,2026-08-18,0.2455,0.049,,0.0
88a8aca365fffff,2026-03-28,0.1437,0.1037,,2.4
88a8aca365fffff,2026-04-17,0.1436,0.0909,,0.1
88a8aca365fffff,2026-05-05,0.1393,0.0949,,0.2
88a8aca365fffff,2026-06-19,0.1316,0.0879,,0.1
88a8aca365fffff,2026-07-29,0.1232,0.1024,,0.0
88a8aca365fffff,2026-08-18,0.1236,0.1032,,0.0
88a8aca367fffff,2026-03-28,0.293,-0.016,,2.4
88a8aca367fffff,2026-04-17,0.2892,-0.0212,,0.1
88a8aca367fffff,2026-05-05,0.2583,-0.0034,,0.2
88a8aca367fffff,2026-06-19,0.2437,0.0124,,0.1
88a8aca367fffff,2026-07-29,0.2126,0.0494,,0.0
88a8aca367fffff,2026-08-18,0.2176,0.0515,,0.0
88a8aca369fffff,2026-03-28,0.4168,-0.0822,,2.4
88a8aca369fffff,2026-04-17,0.4113,-0.0845,,0.1
88a8aca369fffff,2026-05-05,0.3857,-0.0549,,0.2
88a8aca369fffff,2026-06-19,0.3366,-0.0333,,0.1
88a8aca369fffff,2026-07-29,0.2754,0.0281,,0.0
88a8aca369fffff,2026-08-18,0.2862,0.0344,,0.0
88a8aca36bfffff,2026-03-28,0.3526,-0.0464,,2.4
88a8aca36bfffff,2026-04-17,0.3503,-0.0447,,0.1
88a8aca36bfffff,2026-05-05,0.3278,-0.0199,,0.2
88a8aca36bfffff,2026-06-19,0.2484,0.031,,0.1
88a8aca36bfffff,2026-07-29,0.2283,0.0624,,0.0
88a8aca36bfffff,2026-08-18,0.2529,0.0504,,0.0
88a8aca36dfffff,2026-03-28,0.1626,0.0844,,2.4
88a8aca36dfffff,2026-04-17,0.2073,0.0574,,0.1
88a8aca36dfffff,2026-05-05,0.1952,0.062,,0.2
88a8aca36dfffff,2026-06-19,0.203,0.0389,,0.1
88a8aca36dfffff,2026-07-29,0.179,0.0653,,0.0
88a8aca36dfffff,2026-08-18,0.1706,0.0752,,0.0
88a8aca801fffff,2026-03-28,0.5189,-0.1691,,3.8
88a8aca801fffff,2026-04-17,0.5182,-0.1622,,0.1
88a8aca801fffff,2026-05-05,0.4754,-0.1044,,1.6
88a8aca801fffff,2026-06-19,0.4132,-0.0524,,0.1
88a8aca801fffff,2026-07-29,0.3607,-0.0043,,0.0
88a8aca801fffff,2026-08-18,0.3991,-0.0072,,0.0
88a8aca803fffff,2026-03-28,0.4636,-0.1143,,3.8
88a8aca803fffff,2026-04-17,0.4913,-0.1472,,0.1
88a8aca803fffff,2026-05-05,0.4512,-0.1058,,1.6
88a8aca803fffff,2026-06-19,0.3846,-0.0539,,0.1
88a8aca803fffff,2026-07-29,0.3466,-0.009,,0.0
88a8aca803fffff,2026-08-18,0.3484,0.0089,,0.0
88a8aca809fffff,2026-03-28,0.5101,-0.1571,,3.8
88a8aca809fffff,2026-04-17,0.4996,-0.1465,,0.1
88a8aca809fffff,2026-05-05,0.4558,-0.0951,,1.6
88a8aca809fffff,2026-06-19,0.406,-0.0747,,0.1
88a8aca809fffff,2026-07-29,0.3618,-0.0238,,0.0
88a8aca809fffff,2026-08-18,0.3846,-0.0243,,0.0
88a8aca80bfffff,2026-03-28,0.4493,-0.0905,,3.8
88a8aca80bfffff,2026-04-17,0.4602,-0.113,,0.1
88a8aca80bfffff,2026-05-05,0.4201,-0.0648,,1.6
88a8aca80bfffff,2026-06-19,0.3275,0.0067,,0.1
88a8aca80bfffff,2026-07-29,0.3122,0.033,,0.0
88a8aca80bfffff,2026-08-18,0.3112,0.0527,,0.0
88a8aca811fffff,2026-03-28,0.328,0.0128,,3.8
88a8aca811fffff,2026-04-17,0.366,-0.0259,,0.1
88a8aca811fffff,2026-05-05,0.3231,0.0052,,1.6
88a8aca811fffff,2026-06-19,0.4329,-0.1466,,0.1
88a8aca811fffff,2026-07-29,0.4256,-0.1445,,0.0
88a8aca811fffff,2026-08-18,0.3736,-0.0616,,0.0
88a8aca813fffff,2026-03-28,0.4798,-0.1253,,3.8
88a8aca813fffff,2026-04-17,0.4763,-0.1221,,0.1
88a8aca813fffff,2026-05-05,0.4269,-0.0744,,1.6
88a8aca813fffff,2026-06-19,0.3929,-0.063,,0.1
88a8aca813fffff,2026-07-29,0.3571,-0.0283,,0.0
88a8aca813fffff,2026-08-18,0.3548,-0.0035,,0.0
88a8aca815fffff,2026-03-28,0.496,-0.1557,,3.8
88a8aca815fffff,2026-04-17,0.4909,-0.1574,,0.1
88a8aca815fffff,2026-05-05,0.4623,-0.1236,,1.6
88a8aca815fffff,2026-06-19,0.4373,-0.1133,,0.1
88a8aca815fffff,2026-07-29,0.3279,-0.0143,,0.0
88a8aca815fffff,2026-08-18,0.3336,0.0062,,0.0
88a8aca817fffff,2026-03-28,0.2052,0.1087,,3.8
88a8aca817fffff,2026-04-17,0.2126,0.0792,,0.1
88a8aca817fffff,2026-05-05,0.2682,0.0479,,1.6
88a8aca817fffff,2026-06-19,0.3786,-0.0656,,0.1
88a8aca817fffff,2026-07-29,0.4089,-0.099,,0.0
88a8aca817fffff,2026-08-18,0.3716,-0.0266,,0.0
88a8aca819fffff,2026-03-28,0.3195,0.0035,,3.8
88a8aca819fffff,2026-04-17,0.278,0.0339,,0.1
88a8aca819fffff,2026-05-05,0.2815,0.0174,,1.6
88a8aca819fffff,2026-06-19,0.4008,-0.0919,,0.1
88a8aca819fffff,2026-07-29,0.4262,-0.1377,,0.0
88a8aca819fffff,2026-08-18,0.3366,-0.0153,,0.0
88a8aca81bfffff,2026-03-28,0.4325,-0.0873,,3.8
88a8aca81bfffff,2026-04-17,0.4095,-0.065,,0.1
88a8aca81bfffff,2026-05-05,0.3746,-0.0221,,1.6
88a8aca81bfffff,2026-06-19,0.338,-0.0152,,0.1
88a8aca81bfffff,2026-07-29,0.3649,-0.0536,,0.0
88a8aca81bfffff,2026-08-18,0.3561,-0.0106,,0.0
88a8aca81dfffff,2026-03-28,0.3055,0.0492,,3.8
88a8aca81dfffff,2026-04-17,0.2974,0.0533,,0.1
88a8aca81dfffff,2026-05-05,0.274,0.0267,,1.6
88a8aca81dfffff,2026-06-19,0.394,-0.0764,,0.1
88a8aca81dfffff,2026-07-29,0.4939,-0.2063,,0.0
88a8aca81dfffff,2026-08-18,0.4013,-0.089,,0.0
88a8aca833fffff,2026-03-28,0.4924,-0.1282,,3.8
88a8aca833fffff,2026-04-17,0.4916,-0.131,,0.1
88a8aca833fffff,2026-05-05,0.4676,-0.0925,,1.6
88a8aca833fffff,2026-06-19,0.4227,-0.0588,,0.1
88a8aca833fffff,2026-07-29,0.3714,-0.0155,,0.0
88a8aca833fffff,2026-08-18,0.4021,-0.0142,,0.0
88a8aca835fffff,2026-03-28,0.4685,-0.1545,,3.8
88a8aca835fffff,2026-04-17,0.4739,-0.1549,,0.1
88a8aca835fffff,2026-05-05,0.444,-0.1013,,1.6
88a8aca835fffff,2026-06-19,0.4105,-0.0876,,0.1
88a8aca835fffff,2026-07-29,0.3691,-0.0436,,0.0
88a8aca835fffff,2026-08-18,0.4205,-0.0651,,0.0
88a8aca837fffff,2026-03-28,0.491,-0.1535,,3.8
88a8aca837fffff,2026-04-17,0.4721,-0.1262,,0.1
88a8aca837fffff,2026-05-05,0.4429,-0.0744,,1.6
88a8aca837fffff,2026-06-19,0.4065,-0.0544,,0.1
88a8aca837fffff,2026-07-29,0.3802,-0.0361,,0.0
88a8aca837fffff,2026-08-18,0.4244,-0.0564,,0.0
88a8aca839fffff,2026-03-28,0.4586,-0.146,,3.8
88a8aca839fffff,2026-04-17,0.4502,-0.1271,,0.1
88a8aca839fffff,2026-05-05,0.4134,-0.0872,,1.6
88a8aca839fffff,2026-06-19,0.4118,-0.0949,,0.1
88a8aca839fffff,2026-07-29,0.3631,-0.0435,,0.0
88a8aca839fffff,2026-08-18,0.3763,-0.0337,,0.0
88a8aca83bfffff,2026-03-28,0.4656,-0.1385,,3.8
88a8aca83bfffff,2026-04-17,0.4517,-0.1034,,0.1
88a8aca83bfffff,2026-05-05,0.4225,-0.0534,,1.6
88a8aca83bfffff,2026-06-19,0.4009,-0.072,,0.1
88a8aca83bfffff,2026-07-29,0.3646,-0.0393,,0.0
88a8aca83bfffff,2026-08-18,0.3986,-0.0338,,0.0
88a8aca851fffff,2026-03-28,0.5198,-0.1741,,3.8
88a8aca851fffff,2026-04-17,0.5007,-0.1591,,0.1
88a8aca851fffff,2026-05-05,0.4627,-0.1136,,1.6
88a8aca851fffff,2026-06-19,0.4031,-0.0766,,0.1
88a8aca851fffff,2026-07-29,0.3514,-0.0125,,0.0
88a8aca851fffff,2026-08-18,0.3494,0.0137,,0.0
88a8aca853fffff,2026-03-28,0.5273,-0.1736,,3.8
88a8aca853fffff,2026-04-17,0.5118,-0.1608,,0.1
88a8aca853fffff,2026-05-05,0.4706,-0.1117,,1.6
88a8aca853fffff,2026-06-19,0.3912,-0.0624,,0.1
88a8aca853fffff,2026-07-29,0.3543,-0.0121,,0.0
88a8aca853fffff,2026-08-18,0.3486,0.0118,,0.0
88a8aca855fffff,2026-03-28,0.5028,-0.1476,,3.8
88a8aca855fffff,2026-04-17,0.4784,-0.1274,,0.1
88a8aca855fffff,2026-05-05,0.4259,-0.0639,,1.6
88a8aca855fffff,2026-06-19,0.3411,0.0005,,0.1
88a8aca855fffff,2026-07-29,0.3125,0.0398,,0.0
88a8aca855fffff,2026-08-18,0.3193,0.0545,,0.0
88a8aca857fffff,2026-03-28,0.4871,-0.1393,,3.8
88a8aca857fffff,2026-04-17,0.4652,-0.1205,,0.1
88a8aca857fffff,2026-05-05,0.4217,-0.0702,,1.6
88a8aca857fffff,2026-06-19,0.3241,-0.0055,,0.1
88a8aca857fffff,2026-07-29,0.3813,-0.0552,,0.0
88a8aca857fffff,2026-08-18,0.3658,-0.0271,,0.0
88a8aca859fffff,2026-03-28,0.4663,-0.1174,,3.8
88a8aca859fffff,2026-04-17,0.47,-0.1292,,0.1
88a8aca859fffff,2026-05-05,0.4253,-0.0752,,1.6
88a8aca859fffff,2026-06-19,0.3382,0.0006,,0.1
88a8aca859fffff,2026-07-29,0.3281,0.0149,,0.0
88a8aca859fffff,2026-08-18,0.3483,0.0122,,0.0
88a8aca85bfffff,2026-03-28,0.4972,-0.1526,,3.8
88a8aca85bfffff,2026-04-17,0.48,-0.137,,0.1
88a8aca85bfffff,2026-05-05,0.4381,-0.0876,,1.6
88a8aca85bfffff,2026-06-19,0.3735,-0.0373,,0.1
88a8aca85bfffff,2026-07-29,0.3343,0.0144,,0.0
88a8aca85bfffff,2026-08-18,0.3512,0.0185,,0.0
88a8aca85dfffff,2026-03-28,0.4805,-0.1247,,3.8
88a8aca85dfffff,2026-04-17,0.4732,-0.1172,,0.1
88a8aca85dfffff,2026-05-05,0.4553,-0.098,,1.6
88a8aca85dfffff,2026-06-19,0.4002,-0.0678,,0.1
88a8aca85dfffff,2026-07-29,0.3712,-0.0295,,0.0
88a8aca85dfffff,2026-08-18,0.3743,-0.0108,,0.0
88a8aca8c1fffff,2026-03-28,0.5055,-0.1647,,2.4
88a8aca8c1fffff,2026-04-17,0.4913,-0.1635,,0.1
88a8aca8c1fffff,2026-05-05,0.4569,-0.1218,,0.2
88a8aca8c1fffff,2026-06-19,0.3605,-0.0484,,0.1
88a8aca8c1fffff,2026-07-29,0.3591,-0.0348,,0.0
88a8aca8c1fffff,2026-08-18,0.3631,-0.0176,,0.0
88a8aca8c3fffff,2026-03-28,0.5279,-0.1897,,2.4
88a8aca8c3fffff,2026-04-17,0.4815,-0.1593,,0.1
88a8aca8c3fffff,2026-05-05,0.4468,-0.1003,,0.2
88a8aca8c3fffff,2026-06-19,0.3773,-0.0484,,0.1
88a8aca8c3fffff,2026-07-29,0.3824,-0.0428,,0.0
88a8aca8c3fffff,2026-08-18,0.3765,-0.0183,,0.0
88a8aca8c5fffff,2026-03-28,0.5563,-0.208,,2.4
88a8aca8c5fffff,2026-04-17,0.5008,-0.1634,,0.1
88a8aca8c5fffff,2026-05-05,0.5317,-0.1971,,0.2
88a8aca8c5fffff,2026-06-19,0.3967,-0.0636,,0.1
88a8aca8c5fffff,2026-07-29,0.3603,-0.0221,,0.0
88a8aca8c5fffff,2026-08-18,0.3664,-0.0155,,0.0
88a8aca8c7fffff,2026-03-28,0.5598,-0.2298,,2.4
88a8aca8c7fffff,2026-04-17,0.5309,-0.2157,,0.1
88a8aca8c7fffff,2026-05-05,0.5024,-0.1718,,0.2
88a8aca8c7fffff,2026-06-19,0.4174,-0.0932,,0.1
88a8aca8c7fffff,2026-07-29,0.372,-0.0465,,0.0
88a8aca8c7fffff,2026-08-18,0.3869,-0.0395,,0.0
88a8aca8c9fffff,2026-03-28,0.4835,-0.1294,,2.4
88a8aca8c9fffff,2026-04-17,0.4665,-0.1195,,0.1
88a8aca8c9fffff,2026-05-05,0.4317,-0.0765,,0.2
88a8aca8c9fffff,2026-06-19,0.3578,-0.0414,,0.1
88a8aca8c9fffff,2026-07-29,0.3342,-0.0126,,0.0
88a8aca8c9fffff,2026-08-18,0.3428,0.0075,,0.0
88a8aca8cbfffff,2026-03-28,0.4831,-0.1414,,2.4
88a8aca8cbfffff,2026-04-17,0.4467,-0.1013,,0.1
88a8aca8cbfffff,2026-05-05,0.4572,-0.1117,,0.2
88a8aca8cbfffff,2026-06-19,0.4585,-0.1559,,0.1
88a8aca8cbfffff,2026-07-29,0.4097,-0.0938,,0.0
88a8aca8cbfffff,2026-08-18,0.3252,0.0207,,0.0
88a8aca8cdfffff,2026-03-28,0.4527,-0.1058,,2.4
88a8aca8cdfffff,2026-04-17,0.449,-0.113,,0.1
88a8aca8cdfffff,2026-05-05,0.4195,-0.0693,,0.2
88a8aca8cdfffff,2026-06-19,0.3624,-0.0423,,0.1
88a8aca8cdfffff,2026-07-29,0.3168,-0.0045,,0.0
88a8aca8cdfffff,2026-08-18,0.3361,0.0083,,0.0
88a8aca8d1fffff,2026-03-28,0.5036,-0.1346,,2.4
88a8aca8d1fffff,2026-04-17,0.503,-0.1304,,0.1
88a8aca8d1fffff,2026-05-05,0.4422,-0.0714,,0.2
88a8aca8d1fffff,2026-06-19,0.4448,-0.0625,,0.1
88a8aca8d1fffff,2026-07-29,0.4126,-0.0338,,0.0
88a8aca8d1fffff,2026-08-18,0.4312,-0.0281,,0.0
88a8aca8d9fffff,2026-03-28,0.4523,-0.095,,2.4
88a8aca8d9fffff,2026-04-17,0.4453,-0.1,,0.1
88a8aca8d9fffff,2026-05-05,0.423,-0.0617,,0.2
88a8aca8d9fffff,2026-06-19,0.3998,-0.0685,,0.1
88a8aca8d9fffff,2026-07-29,0.3436,-0.0118,,0.0
88a8aca8d9fffff,2026-08-18,0.3429,0.0138,,0.0
88a8aca8dbfffff,2026-03-28,0.503,-0.1429,,2.4
88a8aca8dbfffff,2026-04-17,0.4716,-0.1169,,0.1
88a8aca8dbfffff,2026-05-05,0.4679,-0.1021,,0.2
88a8aca8dbfffff,2026-06-19,0.4255,-0.0809,,0.1
88a8aca8dbfffff,2026-07-29,0.3804,-0.0379,,0.0
88a8aca8dbfffff,2026-08-18,0.4,-0.037,,0.0
88a8aca8ddfffff,2026-03-28,0.4433,-0.0471,,2.4
88a8aca8ddfffff,2026-04-17,0.4331,-0.067,,0.1
88a8aca8ddfffff,2026-05-05,0.4386,-0.066,,0.2
88a8aca8ddfffff,2026-06-19,0.4448,-0.1247,,0.1
88a8aca8ddfffff,2026-07-29,0.4153,-0.088,,0.0
88a8aca8ddfffff,2026-08-18,0.3653,-0.0123,,0.0
88a8aca8e1fffff,2026-03-28,0.4974,-0.1665,,3.8
88a8aca8e1fffff,2026-04-17,0.483,-0.155,,0.1
88a8aca8e1fffff,2026-05-05,0.4623,-0.1008,,1.6
88a8aca8e1fffff,2026-06-19,0.4181,-0.0898,,0.1
88a8aca8e1fffff,2026-07-29,0.3571,-0.0329,,0.0
88a8aca8e1fffff,2026-08-18,0.4024,-0.032,,0.0
88a8aca8e5fffff,2026-03-28,0.5003,-0.1672,,3.8
88a8aca8e5fffff,2026-04-17,0.4927,-0.1593,,0.1
88a8aca8e5fffff,2026-05-05,0.4692,-0.1251,,1.6
88a8aca8e5fffff,2026-06-19,0.4077,-0.0938,,0.1
88a8aca8e5fffff,2026-07-29,0.3724,-0.0373,,0.0
88a8aca8e5fffff,2026-08-18,0.3872,-0.0249,,0.0
88a8aca8e9fffff,2026-03-28,0.4484,-0.1061,,3.8
88a8aca8e9fffff,2026-04-17,0.44,-0.1012,,0.1
88a8aca8e9fffff,2026-05-05,0.4134,-0.065,,1.6
88a8aca8e9fffff,2026-06-19,0.3747,-0.0408,,0.1
88a8aca8e9fffff,2026-07-29,0.3478,-0.0101,,0.0
88a8aca8e9fffff,2026-08-18,0.3628,-0.0116,,0.0
88a8aca8ebfffff,2026-03-28,0.5077,-0.1726,,3.8
88a8aca8ebfffff,2026-04-17,0.4952,-0.1663,,0.1
88a8aca8ebfffff,2026-05-05,0.4667,-0.1204,,1.6
88a8aca8ebfffff,2026-06-19,0.4147,-0.0865,,0.1
88a8aca8ebfffff,2026-07-29,0.3427,-0.014,,0.0
88a8aca8ebfffff,2026-08-18,0.3708,-0.0096,,0.0
88a8aca8edfffff,2026-03-28,0.4312,-0.1033,,3.8
88a8aca8edfffff,2026-04-17,0.4259,-0.102,,0.1
88a8aca8edfffff,2026-05-05,0.4096,-0.0646,,1.6
88a8aca8edfffff,2026-06-19,0.3336,-0.0468,,0.1
88a8aca8edfffff,2026-07-29,0.329,-0.0203,,0.0
88a8aca8edfffff,2026-08-18,0.3692,-0.0141,,0.0
88a8aca9cbfffff,2026-03-28,0.4329,-0.0701,,3.8
88a8aca9cbfffff,2026-04-17,0.4444,-0.0818,,0.1
88a8aca9cbfffff,2026-05-05,0.3974,-0.0134,,1.6
88a8aca9cbfffff,2026-06-19,0.4051,-0.0444,,0.1
88a8aca9cbfffff,2026-07-29,0.3729,-0.0248,,0.0
88a8aca9cbfffff,2026-08-18,0.3947,-0.0139,,0.0
88a8aca9ddfffff,2026-03-28,0.5296,-0.2058,,3.8
88a8aca9ddfffff,2026-04-17,0.51,-0.1901,,0.1
88a8aca9ddfffff,2026-05-05,0.4848,-0.1549,,1.6
88a8aca9ddfffff,2026-06-19,0.445,-0.1221,,0.1
88a8aca9ddfffff,2026-07-29,0.4076,-0.0805,,0.0
88a8aca9ddfffff,2026-08-18,0.4146,-0.067,,0.0
88a8acaa03fffff,2026-03-28,0.463,-0.1358,,3.8
88a8acaa03fffff,2026-04-17,0.4559,-0.1212,,0.1
88a8acaa03fffff,2026-05-05,0.431,-0.0849,,1.6
88a8acaa03fffff,2026-06-19,0.3667,-0.0444,,0.1
88a8acaa03fffff,2026-07-29,0.3153,0.0146,,0.0
88a8acaa03fffff,2026-08-18,0.3291,0.0205,,0.0
88a8acaa11fffff,2026-03-28,0.5243,-0.1676,,2.4
88a8acaa11fffff,2026-04-17,0.5037,-0.1527,,0.1
88a8acaa11fffff,2026-05-05,0.4749,-0.1109,,0.2
88a8acaa11fffff,2026-06-19,0.4017,-0.0626,,0.1
88a8acaa11fffff,2026-07-29,0.3615,-0.0058,,0.0
88a8acaa11fffff,2026-08-18,0.3667,0.0059,,0.0
88a8acaa13fffff,2026-03-28,0.5166,-0.1519,,2.4
88a8acaa13fffff,2026-04-17,0.4761,-0.125,,0.1
88a8acaa13fffff,2026-05-05,0.4351,-0.0847,,0.2
88a8acaa13fffff,2026-06-19,0.3792,-0.0489,,0.1
88a8acaa13fffff,2026-07-29,0.3444,0.0005,,0.0
88a8acaa13fffff,2026-08-18,0.3476,0.0123,,0.0
88a8acaa15fffff,2026-03-28,0.5115,-0.17,,2.4
88a8acaa15fffff,2026-04-17,0.4845,-0.1538,,0.1
88a8acaa15fffff,2026-05-05,0.4554,-0.1069,,0.2
88a8acaa15fffff,2026-06-19,0.3775,-0.0475,,0.1
88a8acaa15fffff,2026-07-29,0.3319,0.0129,,0.0
88a8acaa15fffff,2026-08-18,0.3364,0.0263,,0.0
88a8acaa17fffff,2026-03-28,0.5106,-0.1475,,2.4
88a8acaa17fffff,2026-04-17,0.4767,-0.1095,,0.1
88a8acaa17fffff,2026-05-05,0.434,-0.0625,,0.2
88a8acaa17fffff,2026-06-19,0.3392,0.0071,,0.1
88a8acaa17fffff,2026-07-29,0.2972,0.0555,,0.0
88a8acaa17fffff,2026-08-18,0.3133,0.0579,,0.0
88a8acaa19fffff,2026-03-28,0.5032,-0.1435,,2.4
88a8acaa19fffff,2026-04-17,0.4881,-0.1359,,0.1
88a8acaa19fffff,2026-05-05,0.4601,-0.0805,,0.2
88a8acaa19fffff,2026-06-19,0.3826,-0.0214,,0.1
88a8acaa19fffff,2026-07-29,0.3382,0.0289,,0.0
88a8acaa19fffff,2026-08-18,0.3562,0.0319,,0.0
88a8acaa1bfffff,2026-03-28,0.4884,-0.1363,,2.4
88a8acaa1bfffff,2026-04-17,0.4725,-0.1373,,0.1
88a8acaa1bfffff,2026-05-05,0.444,-0.0991,,0.2
88a8acaa1bfffff,2026-06-19,0.3798,-0.0592,,0.1
88a8acaa1bfffff,2026-07-29,0.337,0.0042,,0.0
88a8acaa1bfffff,2026-08-18,0.3623,-0.0046,,0.0
88a8acaa1dfffff,2026-03-28,0.4954,-0.1652,,2.4
88a8acaa1dfffff,2026-04-17,0.465,-0.1364,,0.1
88a8acaa1dfffff,2026-05-05,0.46,-0.127,,0.2
88a8acaa1dfffff,2026-06-19,0.3659,-0.0517,,0.1
88a8acaa1dfffff,2026-07-29,0.3203,0.0016,,0.0
88a8acaa1dfffff,2026-08-18,0.325,0.0116,,0.0
88a8acaa31fffff,2026-03-28,0.4619,-0.1211,,3.8
88a8acaa31fffff,2026-04-17,0.4558,-0.1192,,0.1
88a8acaa31fffff,2026-05-05,0.4245,-0.082,,1.6
88a8acaa31fffff,2026-06-19,0.388,-0.0664,,0.1
88a8acaa31fffff,2026-07-29,0.3077,0.0172,,0.0
88a8acaa31fffff,2026-08-18,0.3568,0.0009,,0.0
88a8acaa33fffff,2026-03-28,0.4835,-0.1255,,3.8
88a8acaa33fffff,2026-04-17,0.4808,-0.1262,,0.1
88a8acaa33fffff,2026-05-05,0.4408,-0.0801,,1.6
88a8acaa33fffff,2026-06-19,0.3513,-0.003,,0.1
88a8acaa33fffff,2026-07-29,0.3012,0.0568,,0.0
88a8acaa33fffff,2026-08-18,0.3088,0.0621,,0.0
88a8acaa37fffff,2026-03-28,0.4807,-0.1239,,3.8
88a8acaa37fffff,2026-04-17,0.4839,-0.1358,,0.1
88a8acaa37fffff,2026-05-05,0.4507,-0.0867,,1.6
88a8acaa37fffff,2026-06-19,0.357,-0.0114,,0.1
88a8acaa37fffff,2026-07-29,0.3231,0.0255,,0.0
88a8acaa37fffff,2026-08-18,0.3328,0.0345,,0.0
88a8acaa39fffff,2026-03-28,0.459,-0.1105,,3.8
88a8acaa39fffff,2026-04-17,0.4603,-0.0977,,0.1
88a8acaa39fffff,2026-05-05,0.4388,-0.0673,,1.6
88a8acaa39fffff,2026-06-19,0.3609,0.0048,,0.1
88a8acaa39fffff,2026-07-29,0.2963,0.0708,,0.0
88a8acaa39fffff,2026-08-18,0.3303,0.0572,,0.0
88a8acaa3bfffff,2026-03-28,0.5127,-0.1722,,3.8
88a8acaa3bfffff,2026-04-17,0.5042,-0.1719,,0.1
88a8acaa3bfffff,2026-05-05,0.4625,-0.1278,,1.6
88a8acaa3bfffff,2026-06-19,0.3465,-0.0231,,0.1
88a8acaa3bfffff,2026-07-29,0.2991,0.0329,,0.0
88a8acaa3bfffff,2026-08-18,0.3068,0.0404,,0.0
88a8acaa3dfffff,2026-03-28,0.4864,-0.1467,,3.8
88a8acaa3dfffff,2026-04-17,0.4808,-0.1412,,0.1
88a8acaa3dfffff,2026-05-05,0.4514,-0.0964,,1.6
88a8acaa3dfffff,2026-06-19,0.3686,-0.0404,,0.1
88a8acaa3dfffff,2026-07-29,0.2962,0.0328,,0.0
88a8acaa3dfffff,2026-08-18,0.3108,0.0353,,0.0
88a8acaa43fffff,2026-03-28,0.4194,-0.0915,,3.8
88a8acaa43fffff,2026-04-17,0.435,-0.101,,0.1
88a8acaa43fffff,2026-05-05,0.4155,-0.0794,,1.6
88a8acaa43fffff,2026-06-19,0.4026,-0.0782,,0.1
88a8acaa43fffff,2026-07-29,0.3694,-0.0333,,0.0
88a8acaa43fffff,2026-08-18,0.3667,-0.0162,,0.0
88a8acaa49fffff,2026-03-28,0.4312,-0.094,,3.8
88a8acaa49fffff,2026-04-17,0.4294,-0.0975,,0.1
88a8acaa49fffff,2026-05-05,0.406,-0.0676,,1.6
88a8acaa49fffff,2026-06-19,0.3653,-0.0379,,0.1
88a8acaa49fffff,2026-07-29,0.3259,0.0152,,0.0
88a8acaa49fffff,2026-08-18,0.3345,0.016,,0.0
88a8acaa4bfffff,2026-03-28,0.4328,-0.1118,,3.8
88a8acaa4bfffff,2026-04-17,0.443,-0.1289,,0.1
88a8acaa4bfffff,2026-05-05,0.4152,-0.0907,,1.6
88a8acaa4bfffff,2026-06-19,0.3717,-0.0673,,0.1
88a8acaa4bfffff,2026-07-29,0.3265,-0.0125,,0.0
88a8acaa4bfffff,2026-08-18,0.3479,-0.0152,,0.0
88a8acaa51fffff,2026-03-28,0.4687,-0.1286,,2.4
88a8acaa51fffff,2026-04-17,0.4616,-0.1186,,0.1
88a8acaa51fffff,2026-05-05,0.4343,-0.0691,,0.2
88a8acaa51fffff,2026-06-19,0.3503,-0.0064,,0.1
88a8acaa51fffff,2026-07-29,0.2887,0.044,,0.0
88a8acaa51fffff,2026-08-18,0.3057,0.0506,,0.0
88a8acaa53fffff,2026-03-28,0.4507,-0.1193,,2.4
88a8acaa53fffff,2026-04-17,0.4483,-0.1144,,0.1
88a8acaa53fffff,2026-05-05,0.4299,-0.0737,,0.2
88a8acaa53fffff,2026-06-19,0.3518,-0.031,,0.1
88a8acaa53fffff,2026-07-29,0.3019,0.0145,,0.0
88a8acaa53fffff,2026-08-18,0.3124,0.0253,,0.0
88a8acaa55fffff,2026-03-28,0.4923,-0.1456,,2.4
88a8acaa55fffff,2026-04-17,0.4691,-0.1362,,0.1
88a8acaa55fffff,2026-05-05,0.4682,-0.1185,,0.2
88a8acaa55fffff,2026-06-19,0.4041,-0.0774,,0.1
88a8acaa55fffff,2026-07-29,0.3605,-0.0257,,0.0
88a8acaa55fffff,2026-08-18,0.3683,-0.0171,,0.0
88a8acaa57fffff,2026-03-28,0.4945,-0.1423,,2.4
88a8acaa57fffff,2026-04-17,0.4867,-0.1365,,0.1
88a8acaa57fffff,2026-05-05,0.4563,-0.0811,,0.2
88a8acaa57fffff,2026-06-19,0.3706,-0.0223,,0.1
88a8acaa57fffff,2026-07-29,0.3154,0.046,,0.0
88a8acaa57fffff,2026-08-18,0.3372,0.0452,,0.0
88a8acaa59fffff,2026-03-28,0.4785,-0.1244,,2.4
88a8acaa59fffff,2026-04-17,0.4693,-0.1187,,0.1
88a8acaa59fffff,2026-05-05,0.4356,-0.0734,,0.2
88a8acaa59fffff,2026-06-19,0.3534,-0.0182,,0.1
88a8acaa59fffff,2026-07-29,0.2967,0.051,,0.0
88a8acaa59fffff,2026-08-18,0.3015,0.0668,,0.0
88a8acaa5bfffff,2026-03-28,0.4774,-0.1095,,2.4
88a8acaa5bfffff,2026-04-17,0.4877,-0.1367,,0.1
88a8acaa5bfffff,2026-05-05,0.4713,-0.109,,0.2
88a8acaa5bfffff,2026-06-19,0.412,-0.0707,,0.1
88a8acaa5bfffff,2026-07-29,0.3508,0.0014,,0.0
88a8acaa5bfffff,2026-08-18,0.3561,0.0093,,0.0
88a8acaa5dfffff,2026-03-28,0.4326,-0.0906,,2.4
88a8acaa5dfffff,2026-04-17,0.4167,-0.0905,,0.1
88a8acaa5dfffff,2026-05-05,0.4261,-0.0742,,0.2
88a8acaa5dfffff,2026-06-19,0.3471,-0.0161,,0.1
88a8acaa5dfffff,2026-07-29,0.2854,0.0304,,0.0
88a8acaa5dfffff,2026-08-18,0.3014,0.0261,,0.0
88a8acaa81fffff,2026-03-28,0.5091,-0.1533,,2.4
88a8acaa81fffff,2026-04-17,0.4835,-0.1378,,0.1
88a8acaa81fffff,2026-05-05,0.4391,-0.0771,,0.2
88a8acaa81fffff,2026-06-19,0.369,-0.031,,0.1
88a8acaa81fffff,2026-07-29,0.3387,0.0009,,0.0
88a8acaa81fffff,2026-08-18,0.3362,0.0152,,0.0
88a8acaa83fffff,2026-03-28,0.5081,-0.1529,,2.4
88a8acaa83fffff,2026-04-17,0.4895,-0.137,,0.1
88a8acaa83fffff,2026-05-05,0.4423,-0.0754,,0.2
88a8acaa83fffff,2026-06-19,0.3534,-0.0135,,0.1
88a8acaa83fffff,2026-07-29,0.3024,0.0417,,0.0
88a8acaa83fffff,2026-08-18,0.3197,0.0543,,0.0
88a8acaa85fffff,2026-03-28,0.521,-0.1667,,2.4
88a8acaa85fffff,2026-04-17,0.4993,-0.1553,,0.1
88a8acaa85fffff,2026-05-05,0.4683,-0.1097,,0.2
88a8acaa85fffff,2026-06-19,0.4005,-0.0666,,0.1
88a8acaa85fffff,2026-07-29,0.3643,-0.015,,0.0
88a8acaa85fffff,2026-08-18,0.3774,-0.0068,,0.0
88a8acaa87fffff,2026-03-28,0.4757,-0.1296,,2.4
88a8acaa87fffff,2026-04-17,0.4957,-0.1616,,0.1
88a8acaa87fffff,2026-05-05,0.4635,-0.1192,,0.2
88a8acaa87fffff,2026-06-19,0.3599,-0.0299,,0.1
88a8acaa87fffff,2026-07-29,0.3428,-0.0094,,0.0
88a8acaa87fffff,2026-08-18,0.3685,-0.0154,,0.0
88a8acaa89fffff,2026-03-28,0.5317,-0.1823,,2.4
88a8acaa89fffff,2026-04-17,0.5144,-0.1772,,0.1
88a8acaa89fffff,2026-05-05,0.4876,-0.1369,,0.2
88a8acaa89fffff,2026-06-19,0.3992,-0.0682,,0.1
88a8acaa89fffff,2026-07-29,0.3463,-0.0063,,0.0
88a8acaa89fffff,2026-08-18,0.3492,0.005,,0.0
88a8acaa8bfffff,2026-03-28,0.4909,-0.1397,,2.4
88a8acaa8bfffff,2026-04-17,0.4401,-0.0911,,0.1
88a8acaa8bfffff,2026-05-05,0.3913,-0.0354,,0.2
88a8acaa8bfffff,2026-06-19,0.3623,-0.0209,,0.1
88a8acaa8bfffff,2026-07-29,0.3429,0.0006,,0.0
88a8acaa8bfffff,2026-08-18,0.3538,0.0137,,0.0
88a8acaa8dfffff,2026-03-28,0.5242,-0.1807,,2.4
88a8acaa8dfffff,2026-04-17,0.5068,-0.1723,,0.1
88a8acaa8dfffff,2026-05-05,0.476,-0.1346,,0.2
88a8acaa8dfffff,2026-06-19,0.3919,-0.0543,,0.1
88a8acaa8dfffff,2026-07-29,0.331,0.0185,,0.0
88a8acaa8dfffff,2026-08-18,0.3314,0.032,,0.0
88a8acaa91fffff,2026-03-28,0.4546,-0.103,,2.4
88a8acaa91fffff,2026-04-17,0.4465,-0.1065,,0.1
88a8acaa91fffff,2026-05-05,0.4022,-0.0509,,0.2
88a8acaa91fffff,2026-06-19,0.3589,-0.0289,,0.1
88a8acaa91fffff,2026-07-29,0.3182,0.0148,,0.0
88a8acaa91fffff,2026-08-18,0.3207,0.0336,,0.0
88a8acaa93fffff,2026-03-28,0.4673,-0.1148,,2.4
88a8acaa93fffff,2026-04-17,0.4503,-0.1085,,0.1
88a8acaa93fffff,2026-05-05,0.4138,-0.0658,,0.2
88a8acaa93fffff,2026-06-19,0.3914,-0.075,,0.1
88a8acaa93fffff,2026-07-29,0.3664,-0.0377,,0.0
88a8acaa93fffff,2026-08-18,0.374,-0.027,,0.0
88a8acaa95fffff,2026-03-28,0.4754,-0.1281,,2.4
88a8acaa95fffff,2026-04-17,0.4522,-0.1107,,0.1
88a8acaa95fffff,2026-05-05,0.4142,-0.0657,,0.2
88a8acaa95fffff,2026-06-19,0.364,-0.0415,,0.1
88a8acaa95fffff,2026-07-29,0.3216,0.0075,,0.0
88a8acaa95fffff,2026-08-18,0.3361,0.0209,,0.0
88a8acaa97fffff,2026-03-28,0.4455,-0.096,,2.4
88a8acaa97fffff,2026-04-17,0.4377,-0.096,,0.1
88a8acaa97fffff,2026-05-05,0.3855,-0.0433,,0.2
88a8acaa97fffff,2026-06-19,0.3544,-0.0353,,0.1
88a8acaa97fffff,2026-07-29,0.3173,0.0033,,0.0
88a8acaa97fffff,2026-08-18,0.3191,0.0217,,0.0
88a8acaa99fffff,2026-03-28,0.4671,-0.1079,,2.4
88a8acaa99fffff,2026-04-17,0.4615,-0.1126,,0.1
88a8acaa99fffff,2026-05-05,0.4318,-0.0852,,0.2
88a8acaa99fffff,2026-06-19,0.4048,-0.0849,,0.1
88a8acaa99fffff,2026-07-29,0.3571,-0.0289,,0.0
88a8acaa99fffff,2026-08-18,0.3506,-0.0066,,0.0
88a8acaa9bfffff,2026-03-28,0.4664,-0.1069,,2.4
88a8acaa9bfffff,2026-04-17,0.4544,-0.1038,,0.1
88a8acaa9bfffff,2026-05-05,0.4282,-0.0723,,0.2
88a8acaa9bfffff,2026-06-19,0.4319,-0.1073,,0.1
88a8acaa9bfffff,2026-07-29,0.3957,-0.0621,,0.0
88a8acaa9bfffff,2026-08-18,0.3815,-0.0386,,0.0
88a8acaa9dfffff,2026-03-28,0.4297,-0.0868,,2.4
88a8acaa9dfffff,2026-04-17,0.4347,-0.0946,,0.1
88a8acaa9dfffff,2026-05-05,0.3874,-0.0497,,0.2
88a8acaa9dfffff,2026-06-19,0.3618,-0.0352,,0.1
88a8acaa9dfffff,2026-07-29,0.3128,0.0166,,0.0
88a8acaa9dfffff,2026-08-18,0.3221,0.0313,,0.0
88a8acaaa1fffff,2026-03-28,0.4345,-0.0854,,2.4
88a8acaaa1fffff,2026-04-17,0.4377,-0.0922,,0.1
88a8acaaa1fffff,2026-05-05,0.3992,-0.0485,,0.2
88a8acaaa1fffff,2026-06-19,0.3413,-0.0112,,0.1
88a8acaaa1fffff,2026-07-29,0.3156,0.0212,,0.0
88a8acaaa1fffff,2026-08-18,0.3286,0.0341,,0.0
88a8acaaa3fffff,2026-03-28,0.4648,-0.1191,,2.4
88a8acaaa3fffff,2026-04-17,0.4504,-0.1043,,0.1
88a8acaaa3fffff,2026-05-05,0.4093,-0.0571,,0.2
88a8acaaa3fffff,2026-06-19,0.3626,-0.0242,,0.1
88a8acaaa3fffff,2026-07-29,0.3198,0.0203,,0.0
88a8acaaa3fffff,2026-08-18,0.3463,0.0226,,0.0
88a8acaaa5fffff,2026-03-28,0.4994,-0.1585,,2.4
88a8acaaa5fffff,2026-04-17,0.4202,-0.0725,,0.1
88a8acaaa5fffff,2026-05-05,0.4556,-0.0973,,0.2
88a8acaaa5fffff,2026-06-19,0.3234,-0.0226,,0.1
88a8acaaa5fffff,2026-07-29,0.3668,-0.0547,,0.0
88a8acaaa5fffff,2026-08-18,0.3651,-0.0276,,0.0
88a8acaaa7fffff,2026-03-28,0.4722,-0.1243,,2.4
88a8acaaa7fffff,2026-04-17,0.4492,-0.1029,,0.1
88a8acaaa7fffff,2026-05-05,0.4029,-0.0486,,0.2
88a8acaaa7fffff,2026-06-19,0.3484,-0.0196,,0.1
88a8acaaa7fffff,2026-07-29,0.3293,0.0062,,0.0
88a8acaaa7fffff,2026-08-18,0.3448,0.0149,,0.0
88a8acaaa9fffff,2026-03-28,0.4983,-0.1301,,2.4
88a8acaaa9fffff,2026-04-17,0.4754,-0.1062,,0.1
88a8acaaa9fffff,2026-05-05,0.4529,-0.0704,,0.2
88a8acaaa9fffff,2026-06-19,0.373,-0.0352,,0.1
88a8acaaa9fffff,2026-07-29,0.3531,-0.0062,,0.0
88a8acaaa9fffff,2026-08-18,0.3554,0.0145,,0.0
88a8acaaabfffff,2026-03-28,0.4476,-0.1062,,2.4
88a8acaaabfffff,2026-04-17,0.4431,-0.1187,,0.1
88a8acaaabfffff,2026-05-05,0.4264,-0.088,,0.2
88a8acaaabfffff,2026-06-19,0.3508,-0.0188,,0.1
88a8acaaabfffff,2026-07-29,0.3178,0.0198,,0.0
88a8acaaabfffff,2026-08-18,0.3421,0.0086,,0.0
88a8acaaadfffff,2026-03-28,0.5112,-0.159,,2.4
88a8acaaadfffff,2026-04-17,0.4972,-0.1544,,0.1
88a8acaaadfffff,2026-05-05,0.4616,-0.1116,,0.2
88a8acaaadfffff,2026-06-19,0.3913,-0.0642,,0.1
88a8acaaadfffff,2026-07-29,0.3384,0.0065,,0.0
88a8acaaadfffff,2026-08-18,0.3389,0.027,,0.0
88a8acaab1fffff,2026-03-28,0.4787,-0.1369,,2.4
88a8acaab1fffff,2026-04-17,0.4469,-0.1053,,0.1
88a8acaab1fffff,2026-05-05,0.3891,-0.0523,,0.2
88a8acaab1fffff,2026-06-19,0.3556,-0.0594,,0.1
88a8acaab1fffff,2026-07-29,0.3788,-0.0698,,0.0
88a8acaab1fffff,2026-08-18,0.3423,-0.0177,,0.0
88a8acaab3fffff,2026-03-28,0.4661,-0.1341,,2.4
88a8acaab3fffff,2026-04-17,0.4393,-0.1063,,0.1
88a8acaab3fffff,2026-05-05,0.3943,-0.0493,,0.2
88a8acaab3fffff,2026-06-19,0.3532,-0.0377,,0.1
88a8acaab3fffff,2026-07-29,0.3293,-0.0063,,0.0
88a8acaab3fffff,2026-08-18,0.335,0.0156,,0.0
88a8acaab5fffff,2026-03-28,0.4969,-0.1765,,2.4
88a8acaab5fffff,2026-04-17,0.4392,-0.1,,0.1
88a8acaab5fffff,2026-05-05,0.391,-0.0499,,0.2
88a8acaab5fffff,2026-06-19,0.352,-0.0367,,0.1
88a8acaab5fffff,2026-07-29,0.2947,0.0207,,0.0
88a8acaab5fffff,2026-08-18,0.2783,0.0686,,0.0
88a8acaab7fffff,2026-03-28,0.4633,-0.1175,,2.4
88a8acaab7fffff,2026-04-17,0.4764,-0.1329,,0.1
88a8acaab7fffff,2026-05-05,0.4142,-0.0734,,0.2
88a8acaab7fffff,2026-06-19,0.3225,-0.0129,,0.1
88a8acaab7fffff,2026-07-29,0.2772,0.0102,,0.0
88a8acaab7fffff,2026-08-18,0.2775,0.0437,,0.0
88a8acaab9fffff,2026-03-28,0.4978,-0.1378,,2.4
88a8acaab9fffff,2026-04-17,0.4716,-0.1232,,0.1
88a8acaab9fffff,2026-05-05,0.4252,-0.067,,0.2
88a8acaab9fffff,2026-06-19,0.3524,-0.029,,0.1
88a8acaab9fffff,2026-07-29,0.3202,0.006,,0.0
88a8acaab9fffff,2026-08-18,0.3256,0.0283,,0.0
88a8acaabbfffff,2026-03-28,0.488,-0.1257,,2.4
88a8acaabbfffff,2026-04-17,0.4738,-0.1176,,0.1
88a8acaabbfffff,2026-05-05,0.4364,-0.0716,,0.2
88a8acaabbfffff,2026-06-19,0.3644,-0.041,,0.1
88a8acaabbfffff,2026-07-29,0.3302,-0.0048,,0.0
88a8acaabbfffff,2026-08-18,0.3364,0.0146,,0.0
88a8acaabdfffff,2026-03-28,0.462,-0.1081,,2.4
88a8acaabdfffff,2026-04-17,0.4589,-0.1137,,0.1
88a8acaabdfffff,2026-05-05,0.4204,-0.069,,0.2
88a8acaabdfffff,2026-06-19,0.3836,-0.0555,,0.1
88a8acaabdfffff,2026-07-29,0.3526,-0.0205,,0.0
88a8acaabdfffff,2026-08-18,0.334,0.0166,,0.0
88a8acaac1fffff,2026-03-28,0.5166,-0.1754,,2.4
88a8acaac1fffff,2026-04-17,0.505,-0.1749,,0.1
88a8acaac1fffff,2026-05-05,0.4665,-0.1259,,0.2
88a8acaac1fffff,2026-06-19,0.3846,-0.0512,,0.1
88a8acaac1fffff,2026-07-29,0.3359,0.0076,,0.0
88a8acaac1fffff,2026-08-18,0.3284,0.0293,,0.0
88a8acaac3fffff,2026-03-28,0.4821,-0.1402,,2.4
88a8acaac3fffff,2026-04-17,0.468,-0.1339,,0.1
88a8acaac3fffff,2026-05-05,0.419,-0.0779,,0.2
88a8acaac3fffff,2026-06-19,0.3693,-0.0455,,0.1
88a8acaac3fffff,2026-07-29,0.3244,0.0086,,0.0
88a8acaac3fffff,2026-08-18,0.3175,0.0353,,0.0
88a8acaac5fffff,2026-03-28,0.4877,-0.1372,,2.4
88a8acaac5fffff,2026-04-17,0.4719,-0.1298,,0.1
88a8acaac5fffff,2026-05-05,0.4387,-0.0871,,0.2
88a8acaac5fffff,2026-06-19,0.3809,-0.0442,,0.1
88a8acaac5fffff,2026-07-29,0.3425,0.0027,,0.0
88a8acaac5fffff,2026-08-18,0.3464,0.0154,,0.0
88a8acaac7fffff,2026-03-28,0.5215,-0.1736,,2.4
88a8acaac7fffff,2026-04-17,0.5076,-0.1738,,0.1
88a8acaac7fffff,2026-05-05,0.4819,-0.139,,0.2
88a8acaac7fffff,2026-06-19,0.4123,-0.0889,,0.1
88a8acaac7fffff,2026-07-29,0.3527,-0.0199,,0.0
88a8acaac7fffff,2026-08-18,0.3494,0.0067,,0.0
88a8acaac9fffff,2026-03-28,0.5361,-0.1953,,2.4
88a8acaac9fffff,2026-04-17,0.5231,-0.1919,,0.1
88a8acaac9fffff,2026-05-05,0.4973,-0.1469,,0.2
88a8acaac9fffff,2026-06-19,0.3991,-0.0708,,0.1
88a8acaac9fffff,2026-07-29,0.3545,-0.0138,,0.0
88a8acaac9fffff,2026-08-18,0.358,0.0048,,0.0
88a8acaacbfffff,2026-03-28,0.4896,-0.1528,,2.4
88a8acaacbfffff,2026-04-17,0.4887,-0.1606,,0.1
88a8acaacbfffff,2026-05-05,0.4657,-0.1303,,0.2
88a8acaacbfffff,2026-06-19,0.4096,-0.0935,,0.1
88a8acaacbfffff,2026-07-29,0.353,-0.0305,,0.0
88a8acaacbfffff,2026-08-18,0.3424,-0.0012,,0.0
88a8acaacdfffff,2026-03-28,0.5192,-0.1773,,2.4
88a8acaacdfffff,2026-04-17,0.5061,-0.1753,,0.1
88a8acaacdfffff,2026-05-05,0.4754,-0.1282,,0.2
88a8acaacdfffff,2026-06-19,0.402,-0.0712,,0.1
88a8acaacdfffff,2026-07-29,0.3548,-0.0109,,0.0
88a8acaacdfffff,2026-08-18,0.356,0.0059,,0.0
88a8acaad1fffff,2026-03-28,0.3935,-0.0554,,2.4
88a8acaad1fffff,2026-04-17,0.3842,-0.0471,,0.1
88a8acaad1fffff,2026-05-05,0.3719,-0.0244,,0.2
88a8acaad1fffff,2026-06-19,0.3697,-0.0522,,0.1
88a8acaad1fffff,2026-07-29,0.3028,0.0143,,0.0
88a8acaad1fffff,2026-08-18,0.3041,0.0378,,0.0
88a8acaad3fffff,2026-03-28,0.4439,-0.0878,,2.4
88a8acaad3fffff,2026-04-17,0.4365,-0.0873,,0.1
88a8acaad3fffff,2026-05-05,0.4166,-0.066,,0.2
88a8acaad3fffff,2026-06-19,0.3575,-0.0299,,0.1
88a8acaad3fffff,2026-07-29,0.3119,0.0137,,0.0
88a8acaad3fffff,2026-08-18,0.315,0.0266,,0.0
88a8acaad5fffff,2026-03-28,0.5033,-0.1444,,2.4
88a8acaad5fffff,2026-04-17,0.4833,-0.1323,,0.1
88a8acaad5fffff,2026-05-05,0.4642,-0.1053,,0.2
88a8acaad5fffff,2026-06-19,0.4366,-0.1252,,0.1
88a8acaad5fffff,2026-07-29,0.3618,-0.0281,,0.0
88a8acaad5fffff,2026-08-18,0.3602,0.008,,0.0
88a8acaad7fffff,2026-03-28,0.4541,-0.1008,,2.4
88a8acaad7fffff,2026-04-17,0.4377,-0.0975,,0.1
88a8acaad7fffff,2026-05-05,0.4175,-0.0759,,0.2
88a8acaad7fffff,2026-06-19,0.4156,-0.1072,,0.1
88a8acaad7fffff,2026-07-29,0.3464,-0.0216,,0.0
88a8acaad7fffff,2026-08-18,0.335,0.0147,,0.0
88a8acaad9fffff,2026-03-28,0.4401,-0.0918,,2.4
88a8acaad9fffff,2026-04-17,0.4393,-0.0903,,0.1
88a8acaad9fffff,2026-05-05,0.4192,-0.0682,,0.2
88a8acaad9fffff,2026-06-19,0.3745,-0.0522,,0.1
88a8acaad9fffff,2026-07-29,0.3244,-0.0001,,0.0
88a8acaad9fffff,2026-08-18,0.327,0.0119,,0.0
88a8acaadbfffff,2026-03-28,0.4883,-0.1304,,2.4
88a8acaadbfffff,2026-04-17,0.4723,-0.1246,,0.1
88a8acaadbfffff,2026-05-05,0.4507,-0.0973,,0.2
88a8acaadbfffff,2026-06-19,0.4099,-0.0886,,0.1
88a8acaadbfffff,2026-07-29,0.3626,-0.033,,0.0
88a8acaadbfffff,2026-08-18,0.3626,-0.0144,,0.0
88a8acaaddfffff,2026-03-28,0.4365,-0.0968,,2.4
88a8acaaddfffff,2026-04-17,0.4278,-0.0925,,0.1
88a8acaaddfffff,2026-05-05,0.4109,-0.0685,,0.2
88a8acaaddfffff,2026-06-19,0.3724,-0.0613,,0.1
88a8acaaddfffff,2026-07-29,0.3411,-0.0196,,0.0
88a8acaaddfffff,2026-08-18,0.3323,0.0052,,0.0
88a8acaae1fffff,2026-03-28,0.5167,-0.1732,,2.4
88a8acaae1fffff,2026-04-17,0.4946,-0.1562,,0.1
88a8acaae1fffff,2026-05-05,0.4782,-0.1309,,0.2
88a8acaae1fffff,2026-06-19,0.4088,-0.0814,,0.1
88a8acaae1fffff,2026-07-29,0.3566,-0.0132,,0.0
88a8acaae1fffff,2026-08-18,0.3589,0.0103,,0.0
88a8acaae3fffff,2026-03-28,0.5364,-0.1903,,2.4
88a8acaae3fffff,2026-04-17,0.5245,-0.1885,,0.1
88a8acaae3fffff,2026-05-05,0.4955,-0.1498,,0.2
88a8acaae3fffff,2026-06-19,0.412,-0.0814,,0.1
88a8acaae3fffff,2026-07-29,0.3596,-0.0192,,0.0
88a8acaae3fffff,2026-08-18,0.3594,0.0032,,0.0
88a8acaae5fffff,2026-03-28,0.4336,-0.0803,,2.4
88a8acaae5fffff,2026-04-17,0.4781,-0.1228,,0.1
88a8acaae5fffff,2026-05-05,0.456,-0.1251,,0.2
88a8acaae5fffff,2026-06-19,0.3496,-0.0199,,0.1
88a8acaae5fffff,2026-07-29,0.2697,0.0579,,0.0
88a8acaae5fffff,2026-08-18,0.2476,0.0942,,0.0
88a8acaae7fffff,2026-03-28,0.5176,-0.1645,,2.4
88a8acaae7fffff,2026-04-17,0.5017,-0.1584,,0.1
88a8acaae7fffff,2026-05-05,0.4624,-0.1081,,0.2
88a8acaae7fffff,2026-06-19,0.3875,-0.0511,,0.1
88a8acaae7fffff,2026-07-29,0.3557,-0.0031,,0.0
88a8acaae7fffff,2026-08-18,0.3551,0.0205,,0.0
88a8acaae9fffff,2026-03-28,0.4899,-0.1355,,2.4
88a8acaae9fffff,2026-04-17,0.4616,-0.1174,,0.1
88a8acaae9fffff,2026-05-05,0.4317,-0.0717,,0.2
88a8acaae9fffff,2026-06-19,0.3587,-0.0336,,0.1
88a8acaae9fffff,2026-07-29,0.3293,0.0077,,0.0
88a8acaae9fffff,2026-08-18,0.3366,0.0221,,0.0
88a8acaaebfffff,2026-03-28,0.5145,-0.1643,,2.4
88a8acaaebfffff,2026-04-17,0.5081,-0.1667,,0.1
88a8acaaebfffff,2026-05-05,0.4792,-0.131,,0.2
88a8acaaebfffff,2026-06-19,0.3929,-0.0576,,0.1
88a8acaaebfffff,2026-07-29,0.3386,0.0069,,0.0
88a8acaaebfffff,2026-08-18,0.3455,0.0226,,0.0
88a8acaaedfffff,2026-03-28,0.5102,-0.1504,,2.4
88a8acaaedfffff,2026-04-17,0.4976,-0.1508,,0.1
88a8acaaedfffff,2026-05-05,0.4739,-0.1211,,0.2
88a8acaaedfffff,2026-06-19,0.4033,-0.074,,0.1
88a8acaaedfffff,2026-07-29,0.353,-0.0156,,0.0
88a8acaaedfffff,2026-08-18,0.3523,0.0132,,0.0
88a8acaf0dfffff,2026-03-28,0.5334,-0.1968,,2.4
88a8acaf0dfffff,2026-04-17,0.5298,-0.1908,,0.1
88a8acaf0dfffff,2026-05-05,0.5006,-0.1464,,0.2
88a8acaf0dfffff,2026-06-19,0.4604,-0.133,,0.1
88a8acaf0dfffff,2026-07-29,0.474,-0.1595,,0.0
88a8acaf0dfffff,2026-08-18,0.4483,-0.1192,,0.0
88a8acaf41fffff,2026-03-28,0.4716,-0.114,,2.4
88a8acaf41fffff,2026-04-17,0.4395,-0.0935,,0.1
88a8acaf41fffff,2026-05-05,0.4104,-0.0615,,0.2
88a8acaf41fffff,2026-06-19,0.3571,-0.0634,,0.1
88a8acaf41fffff,2026-07-29,0.3627,-0.0443,,0.0
88a8acaf41fffff,2026-08-18,0.3685,-0.0309,,0.0
88a8acaf43fffff,2026-03-28,0.3329,-0.0032,,2.4
88a8acaf43fffff,2026-04-17,0.3269,-0.0125,,0.1
88a8acaf43fffff,2026-05-05,0.332,0.0129,,0.2
88a8acaf43fffff,2026-06-19,0.4504,-0.1172,,0.1
88a8acaf43fffff,2026-07-29,0.3612,-0.0618,,0.0
88a8acaf43fffff,2026-08-18,0.3264,0.0126,,0.0
88a8acaf45fffff,2026-03-28,0.4685,-0.1191,,2.4
88a8acaf45fffff,2026-04-17,0.4473,-0.1129,,0.1
88a8acaf45fffff,2026-05-05,0.4094,-0.0627,,0.2
88a8acaf45fffff,2026-06-19,0.3754,-0.0633,,0.1
88a8acaf45fffff,2026-07-29,0.3527,-0.0316,,0.0
88a8acaf45fffff,2026-08-18,0.3451,-0.0073,,0.0
88a8acaf47fffff,2026-03-28,0.4537,-0.1133,,2.4
88a8acaf47fffff,2026-04-17,0.4275,-0.0961,,0.1
88a8acaf47fffff,2026-05-05,0.406,-0.057,,0.2
88a8acaf47fffff,2026-06-19,0.4109,-0.0917,,0.1
88a8acaf47fffff,2026-07-29,0.4466,-0.1399,,0.0
88a8acaf47fffff,2026-08-18,0.4298,-0.1065,,0.0
88a8acaf49fffff,2026-03-28,0.5148,-0.1633,,2.4
88a8acaf49fffff,2026-04-17,0.5068,-0.1683,,0.1
88a8acaf49fffff,2026-05-05,0.4848,-0.1468,,0.2
88a8acaf49fffff,2026-06-19,0.4394,-0.1386,,0.1
88a8acaf49fffff,2026-07-29,0.3087,0.0062,,0.0
88a8acaf49fffff,2026-08-18,0.3088,0.0395,,0.0
88a8acaf4bfffff,2026-03-28,0.5241,-0.176,,2.4
88a8acaf4bfffff,2026-04-17,0.5129,-0.1778,,0.1
88a8acaf4bfffff,2026-05-05,0.477,-0.1272,,0.2
88a8acaf4bfffff,2026-06-19,0.4037,-0.0692,,0.1
88a8acaf4bfffff,2026-07-29,0.3283,0.0052,,0.0
88a8acaf4bfffff,2026-08-18,0.3455,0.017,,0.0
88a8acaf4dfffff,2026-03-28,0.4668,-0.121,,2.4
88a8acaf4dfffff,2026-04-17,0.4563,-0.1226,,0.1
88a8acaf4dfffff,2026-05-05,0.3822,-0.0372,,0.2
88a8acaf4dfffff,2026-06-19,0.3667,-0.0545,,0.1
88a8acaf4dfffff,2026-07-29,0.3528,-0.0298,,0.0
88a8acaf4dfffff,2026-08-18,0.3498,-0.0121,,0.0
88a8acaf5dfffff,2026-03-28,0.5345,-0.1792,,2.4
88a8acaf5dfffff,2026-04-17,0.5265,-0.1791,,0.1
88a8acaf5dfffff,2026-05-05,0.5064,-0.143,,0.2
88a8acaf5dfffff,2026-06-19,0.4578,-0.1124,,0.1
88a8acaf5dfffff,2026-07-29,0.4061,-0.0636,,0.0
88a8acaf5dfffff,2026-08-18,0.4267,-0.0633,,0.0
88a8acaf61fffff,2026-03-28,0.491,-0.1342,,2.4
88a8acaf61fffff,2026-04-17,0.4674,-0.1225,,0.1
88a8acaf61fffff,2026-05-05,0.4488,-0.0862,,0.2
88a8acaf61fffff,2026-06-19,0.4185,-0.0945,,0.1
88a8acaf61fffff,2026-07-29,0.3768,-0.0484,,0.0
88a8acaf61fffff,2026-08-18,0.3932,-0.0444,,0.0
88a8acaf63fffff,2026-03-28,0.5338,-0.1782,,2.4
88a8acaf63fffff,2026-04-17,0.5067,-0.1574,,0.1
88a8acaf63fffff,2026-05-05,0.4803,-0.1169,,0.2
88a8acaf63fffff,2026-06-19,0.4562,-0.1193,,0.1
88a8acaf63fffff,2026-07-29,0.42,-0.0828,,0.0
88a8acaf63fffff,2026-08-18,0.4301,-0.0739,,0.0
88a8acaf65fffff,2026-03-28,0.3927,-0.0513,,2.4
88a8acaf65fffff,2026-04-17,0.3884,-0.0531,,0.1
88a8acaf65fffff,2026-05-05,0.3561,-0.0215,,0.2
88a8acaf65fffff,2026-06-19,0.3942,-0.0903,,0.1
88a8acaf65fffff,2026-07-29,0.4273,-0.1236,,0.0
88a8acaf65fffff,2026-08-18,0.4236,-0.1089,,0.0
88a8acaf67fffff,2026-03-28,0.5024,-0.1526,,2.4
88a8acaf67fffff,2026-04-17,0.508,-0.1609,,0.1
88a8acaf67fffff,2026-05-05,0.4804,-0.1191,,0.2
88a8acaf67fffff,2026-06-19,0.4178,-0.0867,,0.1
88a8acaf67fffff,2026-07-29,0.3789,-0.042,,0.0
88a8acaf67fffff,2026-08-18,0.3975,-0.032,,0.0
88a8acaf69fffff,2026-03-28,0.4852,-0.1368,,2.4
88a8acaf69fffff,2026-04-17,0.477,-0.1398,,0.1
88a8acaf69fffff,2026-05-05,0.4547,-0.1059,,0.2
88a8acaf69fffff,2026-06-19,0.4002,-0.0742,,0.1
88a8acaf69fffff,2026-07-29,0.3487,-0.018,,0.0
88a8acaf69fffff,2026-08-18,0.3432,0.004,,0.0
88a8acaf6bfffff,2026-03-28,0.4998,-0.1462,,2.4
88a8acaf6bfffff,2026-04-17,0.489,-0.1399,,0.1
88a8acaf6bfffff,2026-05-05,0.4555,-0.085,,0.2
88a8acaf6bfffff,2026-06-19,0.4119,-0.0608,,0.1
88a8acaf6bfffff,2026-07-29,0.3629,-0.014,,0.0
88a8acaf6bfffff,2026-08-18,0.3795,-0.004,,0.0
88a8acaf6dfffff,2026-03-28,0.2436,0.087,,2.4
88a8acaf6dfffff,2026-04-17,0.2639,0.0592,,0.1
88a8acaf6dfffff,2026-05-05,0.1186,0.1224,,0.2
88a8acaf6dfffff,2026-06-19,0.3421,-0.0564,,0.1
88a8acaf6dfffff,2026-07-29,0.4915,-0.2216,,0.0
88a8acaf6dfffff,2026-08-18,0.3835,-0.1053,,0.0
88a8acb001fffff,2026-03-28,0.4799,-0.1361,,2.4
88a8acb001fffff,2026-04-20,0.4825,-0.1529,,0.4
88a8acb001fffff,2026-05-05,0.433,-0.0974,,0.2
88a8acb001fffff,2026-06-19,0.381,-0.0606,,0.6
88a8acb001fffff,2026-07-09,0.3815,-0.055,,0.0
88a8acb001fffff,2026-08-18,0.3587,-0.0082,,0.0
88a8acb003fffff,2026-03-28,0.4557,-0.1298,,2.4
88a8acb003fffff,2026-04-20,0.4725,-0.1614,,0.4
88a8acb003fffff,2026-05-05,0.4157,-0.1076,,0.2
88a8acb003fffff,2026-06-19,0.38,-0.0792,,0.6
88a8acb003fffff,2026-07-09,0.3692,-0.0642,,0.0
88a8acb003fffff,2026-08-18,0.3612,-0.037,,0.0
88a8acb005fffff,2026-03-28,0.4704,-0.1296,,2.4
88a8acb005fffff,2026-04-20,0.4685,-0.1461,,0.4
88a8acb005fffff,2026-05-05,0.4195,-0.0905,,0.2
88a8acb005fffff,2026-06-19,0.3693,-0.0478,,0.6
88a8acb005fffff,2026-07-09,0.3647,-0.0334,,0.0
88a8acb005fffff,2026-08-18,0.3394,0.0105,,0.0
88a8acb007fffff,2026-03-28,0.4975,-0.1563,,2.4
88a8acb007fffff,2026-04-20,0.4921,-0.1677,,0.4
88a8acb007fffff,2026-05-05,0.4501,-0.1141,,0.2
88a8acb007fffff,2026-06-19,0.3946,-0.0693,,0.6
88a8acb007fffff,2026-07-09,0.3929,-0.0634,,0.0
88a8acb007fffff,2026-08-18,0.3784,-0.025,,0.0
88a8acb009fffff,2026-03-28,0.5067,-0.1575,,2.4
88a8acb009fffff,2026-04-20,0.5034,-0.1684,,0.4
88a8acb009fffff,2026-05-05,0.452,-0.1078,,0.2
88a8acb009fffff,2026-06-19,0.3935,-0.0709,,0.6
88a8acb009fffff,2026-07-09,0.3913,-0.0607,,0.0
88a8acb009fffff,2026-08-18,0.367,-0.0109,,0.0
88a8acb00bfffff,2026-03-28,0.479,-0.1369,,2.4
88a8acb00bfffff,2026-04-20,0.4871,-0.1613,,0.4
88a8acb00bfffff,2026-05-05,0.4309,-0.0992,,0.2
88a8acb00bfffff,2026-06-19,0.3708,-0.0525,,0.6
88a8acb00bfffff,2026-07-09,0.3738,-0.0456,,0.0
88a8acb00bfffff,2026-08-18,0.3528,-0.0078,,0.0
88a8acb00dfffff,2026-03-28,0.4969,-0.1525,,2.4
88a8acb00dfffff,2026-04-20,0.4989,-0.168,,0.4
88a8acb00dfffff,2026-05-05,0.4514,-0.1167,,0.2
88a8acb00dfffff,2026-06-19,0.4032,-0.0795,,0.6
88a8acb00dfffff,2026-07-09,0.3986,-0.0714,,0.0
88a8acb00dfffff,2026-08-18,0.3739,-0.0193,,0.0
88a8acb011fffff,2026-03-28,0.4886,-0.1499,,2.4
88a8acb011fffff,2026-04-20,0.499,-0.1783,,0.4
88a8acb011fffff,2026-05-05,0.4615,-0.1305,,0.2
88a8acb011fffff,2026-06-19,0.3998,-0.0815,,0.6
88a8acb011fffff,2026-07-09,0.391,-0.0644,,0.0
88a8acb011fffff,2026-08-18,0.373,-0.0318,,0.0
88a8acb013fffff,2026-03-28,0.4804,-0.1353,,2.4
88a8acb013fffff,2026-04-20,0.4829,-0.1543,,0.4
88a8acb013fffff,2026-05-05,0.4472,-0.1162,,0.2
88a8acb013fffff,2026-06-19,0.4027,-0.0878,,0.6
88a8acb013fffff,2026-07-09,0.3986,-0.0831,,0.0
88a8acb013fffff,2026-08-18,0.3844,-0.0451,,0.0
88a8acb015fffff,2026-03-28,0.4824,-0.1352,,2.4
88a8acb015fffff,2026-04-20,0.4897,-0.1604,,0.4
88a8acb015fffff,2026-05-05,0.4425,-0.111,,0.2
88a8acb015fffff,2026-06-19,0.3976,-0.0806,,0.6
88a8acb015fffff,2026-07-09,0.3929,-0.0743,,0.0
88a8acb015fffff,2026-08-18,0.3811,-0.0371,,0.0
88a8acb017fffff,2026-03-28,0.457,-0.1178,,2.4
88a8acb017fffff,2026-04-20,0.4855,-0.1629,,0.4
88a8acb017fffff,2026-05-05,0.4514,-0.1318,,0.2
88a8acb017fffff,2026-06-19,0.3946,-0.0945,,0.6
88a8acb017fffff,2026-07-09,0.3846,-0.0756,,0.0
88a8acb017fffff,2026-08-18,0.3506,-0.0225,,0.0
88a8acb019fffff,2026-03-28,0.5275,-0.1847,,2.4
88a8acb019fffff,2026-04-20,0.5164,-0.1882,,0.4
88a8acb019fffff,2026-05-05,0.4642,-0.1235,,0.2
88a8acb019fffff,2026-06-19,0.4012,-0.0687,,0.6
88a8acb019fffff,2026-07-09,0.3953,-0.056,,0.0
88a8acb019fffff,2026-08-18,0.3627,-0.0078,,0.0
88a8acb01bfffff,2026-03-28,0.5123,-0.1653,,2.4
88a8acb01bfffff,2026-04-20,0.5062,-0.1747,,0.4
88a8acb01bfffff,2026-05-05,0.4754,-0.1305,,0.2
88a8acb01bfffff,2026-06-19,0.4148,-0.0856,,0.6
88a8acb01bfffff,2026-07-09,0.4069,-0.0747,,0.0
88a8acb01bfffff,2026-08-18,0.3923,-0.0354,,0.0
88a8acb01dfffff,2026-03-28,0.498,-0.1472,,2.4
88a8acb01dfffff,2026-04-20,0.4979,-0.1655,,0.4
88a8acb01dfffff,2026-05-05,0.4481,-0.1081,,0.2
88a8acb01dfffff,2026-06-19,0.3957,-0.0669,,0.6
88a8acb01dfffff,2026-07-09,0.3903,-0.0538,,0.0
88a8acb01dfffff,2026-08-18,0.3716,-0.0143,,0.0
88a8acb021fffff,2026-03-28,0.439,-0.108,,2.4
88a8acb021fffff,2026-04-17,0.3972,-0.0802,,0.1
88a8acb021fffff,2026-05-05,0.4181,-0.0991,,0.2
88a8acb021fffff,2026-06-19,0.3196,-0.0245,,0.1
88a8acb021fffff,2026-07-29,0.2645,0.0355,,0.0
88a8acb021fffff,2026-08-18,0.2797,0.0383,,0.0
88a8acb023fffff,2026-03-28,0.4836,-0.1435,,2.4
88a8acb023fffff,2026-04-20,0.4758,-0.1531,,0.4
88a8acb023fffff,2026-05-05,0.4381,-0.1173,,0.2
88a8acb023fffff,2026-06-19,0.4001,-0.0936,,0.6
88a8acb023fffff,2026-07-09,0.3936,-0.0834,,0.0
88a8acb023fffff,2026-08-18,0.3723,-0.0394,,0.0
88a8acb025fffff,2026-03-28,0.4509,-0.1176,,2.4
88a8acb025fffff,2026-04-17,0.4536,-0.1373,,0.1
88a8acb025fffff,2026-05-05,0.4305,-0.1097,,0.2
88a8acb025fffff,2026-06-19,0.3809,-0.0848,,0.1
88a8acb025fffff,2026-07-29,0.3281,-0.0271,,0.0
88a8acb025fffff,2026-08-18,0.3466,-0.0274,,0.0
88a8acb027fffff,2026-03-28,0.4922,-0.1478,,2.4
88a8acb027fffff,2026-04-17,0.4692,-0.1435,,0.1
88a8acb027fffff,2026-05-05,0.4419,-0.1141,,0.2
88a8acb027fffff,2026-06-19,0.4004,-0.084,,0.1
88a8acb027fffff,2026-07-29,0.3516,-0.0236,,0.0
88a8acb027fffff,2026-08-18,0.367,-0.0283,,0.0
88a8acb029fffff,2026-03-28,0.4444,-0.1115,,2.4
88a8acb029fffff,2026-04-20,0.4649,-0.1412,,0.4
88a8acb029fffff,2026-05-05,0.4249,-0.0956,,0.2
88a8acb029fffff,2026-06-19,0.3922,-0.0828,,0.6
88a8acb029fffff,2026-07-09,0.3781,-0.0671,,0.0
88a8acb029fffff,2026-08-18,0.3516,-0.0226,,0.0
88a8acb02bfffff,2026-03-28,0.4534,-0.1206,,2.4
88a8acb02bfffff,2026-04-20,0.4613,-0.1435,,0.4
88a8acb02bfffff,2026-05-05,0.4314,-0.1086,,0.2
88a8acb02bfffff,2026-06-19,0.3873,-0.0816,,0.6
88a8acb02bfffff,2026-07-09,0.3798,-0.0689,,0.0
88a8acb02bfffff,2026-08-18,0.3566,-0.0248,,0.0
88a8acb02dfffff,2026-03-28,0.4467,-0.1078,,2.4
88a8acb02dfffff,2026-04-17,0.4553,-0.1282,,0.1
88a8acb02dfffff,2026-05-05,0.4259,-0.1068,,0.2
88a8acb02dfffff,2026-06-19,0.3931,-0.0921,,0.1
88a8acb02dfffff,2026-07-29,0.3391,-0.0393,,0.0
88a8acb02dfffff,2026-08-18,0.3593,-0.042,,0.0
88a8acb031fffff,2026-03-28,0.4726,-0.1375,,2.4
88a8acb031fffff,2026-04-20,0.4712,-0.1486,,0.4
88a8acb031fffff,2026-05-05,0.4253,-0.1018,,0.2
88a8acb031fffff,2026-06-19,0.3785,-0.0659,,0.6
88a8acb031fffff,2026-07-09,0.3743,-0.0521,,0.0
88a8acb031fffff,2026-08-18,0.3662,-0.0272,,0.0
88a8acb033fffff,2026-03-28,0.4383,-0.1053,,2.4
88a8acb033fffff,2026-04-20,0.4412,-0.1173,,0.4
88a8acb033fffff,2026-05-05,0.4091,-0.0872,,0.2
88a8acb033fffff,2026-06-19,0.3736,-0.0705,,0.6
88a8acb033fffff,2026-07-09,0.3701,-0.0594,,0.0
88a8acb033fffff,2026-08-18,0.3565,-0.0241,,0.0
88a8acb035fffff,2026-03-28,0.4741,-0.135,,2.4
88a8acb035fffff,2026-04-20,0.4702,-0.1464,,0.4
88a8acb035fffff,2026-05-05,0.4342,-0.1044,,0.2
88a8acb035fffff,2026-06-19,0.3837,-0.0706,,0.6
88a8acb035fffff,2026-07-09,0.3739,-0.0563,,0.0
88a8acb035fffff,2026-08-18,0.35,-0.0155,,0.0
88a8acb037fffff,2026-03-28,0.4289,-0.1033,,2.4
88a8acb037fffff,2026-04-20,0.4292,-0.1182,,0.4
88a8acb037fffff,2026-05-05,0.3986,-0.0762,,0.2
88a8acb037fffff,2026-06-19,0.3759,-0.0764,,0.6
88a8acb037fffff,2026-07-09,0.3631,-0.0614,,0.0
88a8acb037fffff,2026-08-18,0.3355,-0.011,,0.0
88a8acb039fffff,2026-03-28,0.4898,-0.156,,2.4
88a8acb039fffff,2026-04-20,0.4923,-0.1752,,0.4
88a8acb039fffff,2026-05-05,0.4384,-0.1148,,0.2
88a8acb039fffff,2026-06-19,0.3811,-0.0676,,0.6
88a8acb039fffff,2026-07-09,0.3732,-0.055,,0.0
88a8acb039fffff,2026-08-18,0.3475,-0.0083,,0.0
88a8acb03bfffff,2026-03-28,0.457,-0.1308,,2.4
88a8acb03bfffff,2026-04-20,0.4663,-0.1513,,0.4
88a8acb03bfffff,2026-05-05,0.4325,-0.1077,,0.2
88a8acb03bfffff,2026-06-19,0.3606,-0.0628,,0.6
88a8acb03bfffff,2026-07-09,0.3528,-0.0507,,0.0
88a8acb03bfffff,2026-08-18,0.3395,-0.0167,,0.0
88a8acb03dfffff,2026-03-28,0.4869,-0.1473,,2.4
88a8acb03dfffff,2026-04-20,0.4878,-0.1627,,0.4
88a8acb03dfffff,2026-05-05,0.4422,-0.1062,,0.2
88a8acb03dfffff,2026-06-19,0.3786,-0.0579,,0.6
88a8acb03dfffff,2026-07-09,0.3673,-0.0389,,0.0
88a8acb03dfffff,2026-08-18,0.3499,0.0016,,0.0
88a8acb041fffff,2026-03-28,0.5056,-0.1653,,2.4
88a8acb041fffff,2026-04-20,0.4976,-0.1724,,0.4
88a8acb041fffff,2026-05-05,0.4412,-0.1033,,0.2
88a8acb041fffff,2026-06-19,0.3873,-0.0634,,0.6
88a8acb041fffff,2026-07-09,0.3844,-0.0527,,0.0
88a8acb041fffff,2026-08-18,0.3539,-0.0039,,0.0
88a8acb043fffff,2026-03-28,0.5184,-0.1718,,2.4
88a8acb043fffff,2026-04-20,0.5103,-0.175,,0.4
88a8acb043fffff,2026-05-05,0.449,-0.0997,,0.2
88a8acb043fffff,2026-06-19,0.3835,-0.0404,,0.6
88a8acb043fffff,2026-07-09,0.3842,-0.0355,,0.0
88a8acb043fffff,2026-08-18,0.3533,0.0134,,0.0
88a8acb045fffff,2026-03-28,0.4706,-0.117,,2.4
88a8acb045fffff,2026-04-20,0.4725,-0.1332,,0.4
88a8acb045fffff,2026-05-05,0.405,-0.0739,,0.2
88a8acb045fffff,2026-06-19,0.3631,-0.0487,,0.6
88a8acb045fffff,2026-07-09,0.347,-0.0294,,0.0
88a8acb045fffff,2026-08-18,0.3252,0.0183,,0.0
88a8acb047fffff,2026-03-28,0.505,-0.1567,,2.4
88a8acb047fffff,2026-04-20,0.5045,-0.1693,,0.4
88a8acb047fffff,2026-05-05,0.452,-0.1041,,0.2
88a8acb047fffff,2026-06-19,0.39,-0.0579,,0.6
88a8acb047fffff,2026-07-09,0.3828,-0.044,,0.0
88a8acb047fffff,2026-08-18,0.3558,0.0055,,0.0
88a8acb04bfffff,2026-03-28,0.5052,-0.158,,2.4
88a8acb04bfffff,2026-04-20,0.4912,-0.1557,,0.4
88a8acb04bfffff,2026-05-05,0.421,-0.0728,,0.2
88a8acb04bfffff,2026-06-19,0.3595,-0.0064,,0.6
88a8acb04bfffff,2026-07-09,0.3648,-0.0085,,0.0
88a8acb04bfffff,2026-08-18,0.3354,0.0307,,0.0
88a8acb055fffff,2026-03-28,0.5314,-0.1909,,2.4
88a8acb055fffff,2026-04-20,0.5262,-0.2011,,0.4
88a8acb055fffff,2026-05-05,0.4678,-0.1301,,0.2
88a8acb055fffff,2026-06-19,0.4013,-0.0652,,0.6
88a8acb055fffff,2026-07-09,0.3917,-0.0521,,0.0
88a8acb055fffff,2026-08-18,0.3537,0.0034,,0.0
88a8acb057fffff,2026-03-28,0.5232,-0.179,,2.4
88a8acb057fffff,2026-04-20,0.5222,-0.1967,,0.4
88a8acb057fffff,2026-05-05,0.4761,-0.1332,,0.2
88a8acb057fffff,2026-06-19,0.4035,-0.0658,,0.6
88a8acb057fffff,2026-07-09,0.3968,-0.0543,,0.0
88a8acb057fffff,2026-08-18,0.3444,0.0123,,0.0
88a8acb05dfffff,2026-03-28,0.5202,-0.1735,,2.4
88a8acb05dfffff,2026-04-20,0.5127,-0.1798,,0.4
88a8acb05dfffff,2026-05-05,0.4608,-0.1166,,0.2
88a8acb05dfffff,2026-06-19,0.3812,-0.0376,,0.6
88a8acb05dfffff,2026-07-09,0.3777,-0.0292,,0.0
88a8acb05dfffff,2026-08-18,0.342,0.019,,0.0
88a8acb061fffff,2026-03-28,0.4294,-0.1041,,2.4
88a8acb061fffff,2026-04-20,0.4294,-0.1179,,0.4
88a8acb061fffff,2026-05-05,0.378,-0.0718,,0.2
88a8acb061fffff,2026-06-19,0.3503,-0.057,,0.6
88a8acb061fffff,2026-07-09,0.3463,-0.0493,,0.0
88a8acb061fffff,2026-08-18,0.3199,-0.011,,0.0
88a8acb063fffff,2026-03-28,0.4456,-0.1224,,2.4
88a8acb063fffff,2026-04-20,0.437,-0.1305,,0.4
88a8acb063fffff,2026-05-05,0.393,-0.0802,,0.2
88a8acb063fffff,2026-06-19,0.3536,-0.0612,,0.6
88a8acb063fffff,2026-07-09,0.3648,-0.0714,,0.0
88a8acb063fffff,2026-08-18,0.3461,-0.0291,,0.0
88a8acb065fffff,2026-03-28,0.4038,-0.0832,,2.4
88a8acb065fffff,2026-04-17,0.4308,-0.119,,0.1
88a8acb065fffff,2026-05-05,0.3777,-0.0787,,0.2
88a8acb065fffff,2026-06-19,0.3142,-0.0307,,0.1
88a8acb065fffff,2026-07-29,0.2573,0.0244,,0.0
88a8acb065fffff,2026-08-18,0.2991,-0.0028,,0.0
88a8acb067fffff,2026-03-28,0.4375,-0.1127,,2.4
88a8acb067fffff,2026-04-17,0.4498,-0.1325,,0.1
88a8acb067fffff,2026-05-05,0.4189,-0.1047,,0.2
88a8acb067fffff,2026-06-19,0.3948,-0.0986,,0.1
88a8acb067fffff,2026-07-29,0.3233,-0.0173,,0.0
88a8acb067fffff,2026-08-18,0.3302,-0.0079,,0.0
88a8acb069fffff,2026-03-28,0.4524,-0.1252,,2.4
88a8acb069fffff,2026-04-20,0.4525,-0.1375,,0.4
88a8acb069fffff,2026-05-05,0.383,-0.0674,,0.2
88a8acb069fffff,2026-06-19,0.355,-0.0495,,0.6
88a8acb069fffff,2026-07-09,0.3694,-0.056,,0.0
88a8acb069fffff,2026-08-18,0.3442,-0.0104,,0.0
88a8acb06bfffff,2026-03-28,0.4719,-0.1343,,2.4
88a8acb06bfffff,2026-04-20,0.4758,-0.1514,,0.4
88a8acb06bfffff,2026-05-05,0.4226,-0.0933,,0.2
88a8acb06bfffff,2026-06-19,0.3915,-0.0749,,0.6
88a8acb06bfffff,2026-07-09,0.3835,-0.0647,,0.0
88a8acb06bfffff,2026-08-18,0.3593,-0.0181,,0.0
88a8acb06dfffff,2026-03-28,0.4229,-0.0917,,2.4
88a8acb06dfffff,2026-04-17,0.4195,-0.0956,,0.1
88a8acb06dfffff,2026-05-05,0.3732,-0.0501,,0.2
88a8acb06dfffff,2026-06-19,0.3503,-0.0567,,0.1
88a8acb06dfffff,2026-07-29,0.322,-0.018,,0.0
88a8acb06dfffff,2026-08-18,0.3373,-0.0187,,0.0
88a8acb081fffff,2026-03-28,0.5032,-0.1595,,2.4
88a8acb081fffff,2026-04-20,0.4919,-0.1621,,0.4
88a8acb081fffff,2026-05-05,0.4574,-0.115,,0.2
88a8acb081fffff,2026-06-19,0.3854,-0.0581,,0.6
88a8acb081fffff,2026-07-09,0.3749,-0.0415,,0.0
88a8acb081fffff,2026-08-18,0.3483,0.0061,,0.0
88a8acb085fffff,2026-03-28,0.5273,-0.1845,,2.4
88a8acb085fffff,2026-04-20,0.5179,-0.191,,0.4
88a8acb085fffff,2026-05-05,0.4866,-0.1441,,0.2
88a8acb085fffff,2026-06-19,0.405,-0.0781,,0.6
88a8acb085fffff,2026-07-09,0.384,-0.0569,,0.0
88a8acb085fffff,2026-08-18,0.3456,0.0032,,0.0
88a8acb087fffff,2026-03-28,0.5397,-0.1984,,2.4
88a8acb087fffff,2026-04-20,0.5298,-0.2023,,0.4
88a8acb087fffff,2026-05-05,0.5014,-0.165,,0.2
88a8acb087fffff,2026-06-19,0.4458,-0.1262,,0.6
88a8acb087fffff,2026-07-09,0.4445,-0.1139,,0.0
88a8acb087fffff,2026-08-18,0.4284,-0.0685,,0.0
88a8acb08dfffff,2026-03-28,0.5,-0.1584,,2.4
88a8acb08dfffff,2026-04-20,0.4881,-0.1605,,0.4
88a8acb08dfffff,2026-05-05,0.4539,-0.1125,,0.2
88a8acb08dfffff,2026-06-19,0.3871,-0.0631,,0.6
88a8acb08dfffff,2026-07-09,0.376,-0.0496,,0.0
88a8acb08dfffff,2026-08-18,0.3512,0.0029,,0.0
88a8acb0a1fffff,2026-03-28,0.5158,-0.1729,,2.4
88a8acb0a1fffff,2026-04-20,0.5095,-0.1805,,0.4
88a8acb0a1fffff,2026-05-05,0.4745,-0.1366,,0.2
88a8acb0a1fffff,2026-06-19,0.4052,-0.0885,,0.6
88a8acb0a1fffff,2026-07-09,0.3986,-0.0718,,0.0
88a8acb0a1fffff,2026-08-18,0.3674,-0.0168,,0.0
88a8acb0a3fffff,2026-03-28,0.5415,-0.1967,,2.4
88a8acb0a3fffff,2026-04-20,0.5342,-0.2027,,0.4
88a8acb0a3fffff,2026-05-05,0.5097,-0.1705,,0.2
88a8acb0a3fffff,2026-06-19,0.4466,-0.1221,,0.6
88a8acb0a3fffff,2026-07-09,0.4337,-0.1082,,0.0
88a8acb0a3fffff,2026-08-18,0.4057,-0.0537,,0.0
88a8acb0a5fffff,2026-03-28,0.5197,-0.1728,,2.4
88a8acb0a5fffff,2026-04-20,0.5077,-0.1713,,0.4
88a8acb0a5fffff,2026-05-05,0.4769,-0.1266,,0.2
88a8acb0a5fffff,2026-06-19,0.407,-0.0662,,0.6
88a8acb0a5fffff,2026-07-09,0.3859,-0.0429,,0.0
88a8acb0a5fffff,2026-08-18,0.3553,0.0044,,0.0
88a8acb0a7fffff,2026-03-28,0.5283,-0.1828,,2.4
88a8acb0a7fffff,2026-04-20,0.5182,-0.1859,,0.4
88a8acb0a7fffff,2026-05-05,0.4859,-0.1432,,0.2
88a8acb0a7fffff,2026-06-19,0.4183,-0.0912,,0.6
88a8acb0a7fffff,2026-07-09,0.409,-0.0719,,0.0
88a8acb0a7fffff,2026-08-18,0.3748,-0.0123,,0.0
88a8acb0a9fffff,2026-03-28,0.5343,-0.1918,,2.4
88a8acb0a9fffff,2026-04-20,0.5247,-0.1988,,0.4
88a8acb0a9fffff,2026-05-05,0.4901,-0.154,,0.2
88a8acb0a9fffff,2026-06-19,0.4262,-0.1072,,0.6
88a8acb0a9fffff,2026-07-09,0.406,-0.0862,,0.0
88a8acb0a9fffff,2026-08-18,0.3666,-0.0199,,0.0
88a8acb0abfffff,2026-03-28,0.5557,-0.224,,2.4
88a8acb0abfffff,2026-04-20,0.5456,-0.2301,,0.4
88a8acb0abfffff,2026-05-05,0.5183,-0.1906,,0.2
88a8acb0abfffff,2026-06-19,0.4417,-0.127,,0.6
88a8acb0abfffff,2026-07-09,0.4164,-0.0958,,0.0
88a8acb0abfffff,2026-08-18,0.3801,-0.0278,,0.0
88a8acb0adfffff,2026-03-28,0.5258,-0.1808,,2.4
88a8acb0adfffff,2026-04-20,0.5215,-0.1895,,0.4
88a8acb0adfffff,2026-05-05,0.4875,-0.1454,,0.2
88a8acb0adfffff,2026-06-19,0.4185,-0.0936,,0.6
88a8acb0adfffff,2026-07-09,0.3972,-0.0653,,0.0
88a8acb0adfffff,2026-08-18,0.3626,-0.0068,,0.0
88a8acb0b1fffff,2026-03-28,0.5076,-0.1468,,2.4
88a8acb0b1fffff,2026-04-20,0.4877,-0.1427,,0.4
88a8acb0b1fffff,2026-05-05,0.4673,-0.125,,0.2
88a8acb0b1fffff,2026-06-19,0.491,-0.1794,,0.6
88a8acb0b1fffff,2026-07-09,0.5095,-0.2138,,0.0
88a8acb0b1fffff,2026-08-18,0.4302,-0.093,,0.0
88a8acb0b3fffff,2026-03-28,0.2777,0.0628,,2.4
88a8acb0b3fffff,2026-04-20,0.4378,-0.106,,0.4
88a8acb0b3fffff,2026-05-05,0.4638,-0.1144,,0.2
88a8acb0b3fffff,2026-06-19,0.4567,-0.1496,,0.6
88a8acb0b3fffff,2026-07-09,0.4476,-0.1327,,0.0
88a8acb0b3fffff,2026-08-18,0.3027,0.014,,0.0
88a8acb0b5fffff,2026-03-28,0.3337,0.0077,,2.4
88a8acb0b5fffff,2026-04-20,0.3171,0.0146,,0.4
88a8acb0b5fffff,2026-05-05,0.302,0.0179,,0.2
88a8acb0b5fffff,2026-06-19,0.3183,-0.0063,,0.6
88a8acb0b5fffff,2026-07-09,0.339,-0.0207,,0.0
88a8acb0b5fffff,2026-08-18,0.3007,0.0062,,0.0
88a8acb0b7fffff,2026-03-28,0.5411,-0.1985,,2.4
88a8acb0b7fffff,2026-04-20,0.5275,-0.2055,,0.4
88a8acb0b7fffff,2026-05-05,0.5094,-0.1873,,0.2
88a8acb0b7fffff,2026-06-19,0.5074,-0.2138,,0.6
88a8acb0b7fffff,2026-07-09,0.5031,-0.2071,,0.0
88a8acb0b7fffff,2026-08-18,0.4787,-0.1514,,0.0
88a8acb0b9fffff,2026-03-28,0.563,-0.2338,,2.4
88a8acb0b9fffff,2026-04-20,0.555,-0.2425,,0.4
88a8acb0b9fffff,2026-05-05,0.52,-0.2037,,0.2
88a8acb0b9fffff,2026-06-19,0.4975,-0.1973,,0.6
88a8acb0b9fffff,2026-07-09,0.4905,-0.1825,,0.0
88a8acb0b9fffff,2026-08-18,0.4449,-0.1073,,0.0
88a8acb0bbfffff,2026-03-28,0.5222,-0.1741,,2.4
88a8acb0bbfffff,2026-04-20,0.5169,-0.183,,0.4
88a8acb0bbfffff,2026-05-05,0.496,-0.155,,0.2
88a8acb0bbfffff,2026-06-19,0.465,-0.1352,,0.6
88a8acb0bbfffff,2026-07-09,0.4683,-0.1395,,0.0
88a8acb0bbfffff,2026-08-18,0.4053,-0.0549,,0.0
88a8acb0bdfffff,2026-03-28,0.5606,-0.2317,,2.4
88a8acb0bdfffff,2026-04-20,0.5531,-0.2439,,0.4
88a8acb0bdfffff,2026-05-05,0.522,-0.2103,,0.2
88a8acb0bdfffff,2026-06-19,0.4952,-0.2005,,0.6
88a8acb0bdfffff,2026-07-09,0.489,-0.187,,0.0
88a8acb0bdfffff,2026-08-18,0.4471,-0.1116,,0.0
88a8acb0c1fffff,2026-03-28,0.5434,-0.2015,,2.4
88a8acb0c1fffff,2026-04-20,0.5428,-0.2203,,0.4
88a8acb0c1fffff,2026-05-05,0.5047,-0.1679,,0.2
88a8acb0c1fffff,2026-06-19,0.4253,-0.0928,,0.6
88a8acb0c1fffff,2026-07-09,0.4104,-0.0738,,0.0
88a8acb0c1fffff,2026-08-18,0.3663,-0.0137,,0.0
88a8acb0c5fffff,2026-03-28,0.4715,-0.1322,,2.4
88a8acb0c5fffff,2026-04-20,0.4771,-0.1522,,0.4
88a8acb0c5fffff,2026-05-05,0.4335,-0.1013,,0.2
88a8acb0c5fffff,2026-06-19,0.387,-0.0639,,0.6
88a8acb0c5fffff,2026-07-09,0.3754,-0.0483,,0.0
88a8acb0c5fffff,2026-08-18,0.3431,-0.0026,,0.0
88a8acb0c7fffff,2026-03-28,0.5129,-0.1816,,2.4
88a8acb0c7fffff,2026-04-20,0.5052,-0.1876,,0.4
88a8acb0c7fffff,2026-05-05,0.476,-0.1448,,0.2
88a8acb0c7fffff,2026-06-19,0.4057,-0.09,,0.6
88a8acb0c7fffff,2026-07-09,0.392,-0.0691,,0.0
88a8acb0c7fffff,2026-08-18,0.3657,-0.0156,,0.0
88a8acb0cdfffff,2026-03-28,0.5192,-0.1699,,2.4
88a8acb0cdfffff,2026-04-20,0.5185,-0.1828,,0.4
88a8acb0cdfffff,2026-05-05,0.4833,-0.1364,,0.2
88a8acb0cdfffff,2026-06-19,0.4133,-0.0742,,0.6
88a8acb0cdfffff,2026-07-09,0.4064,-0.0609,,0.0
88a8acb0cdfffff,2026-08-18,0.3727,-0.0137,,0.0
88a8acb0e1fffff,2026-03-28,0.4592,-0.1283,,2.4
88a8acb0e1fffff,2026-04-20,0.459,-0.1428,,0.4
88a8acb0e1fffff,2026-05-05,0.4244,-0.1,,0.2
88a8acb0e1fffff,2026-06-19,0.3635,-0.0625,,0.6
88a8acb0e1fffff,2026-07-09,0.3599,-0.0539,,0.0
88a8acb0e1fffff,2026-08-18,0.3412,-0.0136,,0.0
88a8acb0e3fffff,2026-03-28,0.4987,-0.1528,,2.4
88a8acb0e3fffff,2026-04-20,0.489,-0.1552,,0.4
88a8acb0e3fffff,2026-05-05,0.4615,-0.1149,,0.2
88a8acb0e3fffff,2026-06-19,0.3993,-0.0707,,0.6
88a8acb0e3fffff,2026-07-09,0.3923,-0.0584,,0.0
88a8acb0e3fffff,2026-08-18,0.3643,-0.0097,,0.0
88a8acb0e5fffff,2026-03-28,0.4423,-0.1132,,2.4
88a8acb0e5fffff,2026-04-20,0.4534,-0.1354,,0.4
88a8acb0e5fffff,2026-05-05,0.4252,-0.1002,,0.2
88a8acb0e5fffff,2026-06-19,0.3729,-0.0664,,0.6
88a8acb0e5fffff,2026-07-09,0.3635,-0.0551,,0.0
88a8acb0e5fffff,2026-08-18,0.3435,-0.0214,,0.0
88a8acb0e7fffff,2026-03-28,0.4969,-0.1584,,2.4
88a8acb0e7fffff,2026-04-20,0.4937,-0.1682,,0.4
88a8acb0e7fffff,2026-05-05,0.467,-0.1286,,0.2
88a8acb0e7fffff,2026-06-19,0.4064,-0.0916,,0.6
88a8acb0e7fffff,2026-07-09,0.3986,-0.0813,,0.0
88a8acb0e7fffff,2026-08-18,0.3811,-0.0412,,0.0
88a8acb0e9fffff,2026-03-28,0.4625,-0.1171,,2.4
88a8acb0e9fffff,2026-04-20,0.4471,-0.1239,,0.4
88a8acb0e9fffff,2026-05-05,0.4054,-0.0855,,0.2
88a8acb0e9fffff,2026-06-19,0.3701,-0.0604,,0.6
88a8acb0e9fffff,2026-07-09,0.3611,-0.0492,,0.0
88a8acb0e9fffff,2026-08-18,0.3393,-0.0022,,0.0
88a8acb0ebfffff,2026-03-28,0.5188,-0.184,,2.4
88a8acb0ebfffff,2026-04-20,0.5132,-0.1899,,0.4
88a8acb0ebfffff,2026-05-05,0.4836,-0.1484,,0.2
88a8acb0ebfffff,2026-06-19,0.4137,-0.1029,,0.6
88a8acb0ebfffff,2026-07-09,0.3985,-0.0825,,0.0
88a8acb0ebfffff,2026-08-18,0.3685,-0.026,,0.0
88a8acb0edfffff,2026-03-28,0.4285,-0.102,,2.4
88a8acb0edfffff,2026-04-20,0.4304,-0.1225,,0.4
88a8acb0edfffff,2026-05-05,0.3972,-0.0909,,0.2
88a8acb0edfffff,2026-06-19,0.363,-0.0671,,0.6
88a8acb0edfffff,2026-07-09,0.3591,-0.058,,0.0
88a8acb0edfffff,2026-08-18,0.3386,-0.0166,,0.0
88a8acb101fffff,2026-03-28,0.4575,-0.1075,,2.4
88a8acb101fffff,2026-04-17,0.4473,-0.0988,,0.1
88a8acb101fffff,2026-05-05,0.3813,-0.0356,,0.2
88a8acb101fffff,2026-06-19,0.3598,-0.0505,,0.1
88a8acb101fffff,2026-07-29,0.3266,-0.0077,,0.0
88a8acb101fffff,2026-08-18,0.3451,-0.0072,,0.0
88a8acb103fffff,2026-03-28,0.4388,-0.1057,,2.4
88a8acb103fffff,2026-04-17,0.4279,-0.109,,0.1
88a8acb103fffff,2026-05-05,0.3926,-0.0682,,0.2
88a8acb103fffff,2026-06-19,0.3565,-0.0588,,0.1
88a8acb103fffff,2026-07-29,0.3047,0.0052,,0.0
88a8acb103fffff,2026-08-18,0.3254,-0.0006,,0.0
88a8acb105fffff,2026-03-28,0.5021,-0.1638,,2.4
88a8acb105fffff,2026-04-17,0.4858,-0.1581,,0.1
88a8acb105fffff,2026-05-05,0.4631,-0.1326,,0.2
88a8acb105fffff,2026-06-19,0.427,-0.1267,,0.1
88a8acb105fffff,2026-07-29,0.385,-0.0725,,0.0
88a8acb105fffff,2026-08-18,0.3867,-0.0552,,0.0
88a8acb107fffff,2026-03-28,0.4968,-0.1537,,2.4
88a8acb107fffff,2026-04-17,0.4591,-0.1235,,0.1
88a8acb107fffff,2026-05-05,0.3994,-0.0628,,0.2
88a8acb107fffff,2026-06-19,0.3663,-0.0561,,0.1
88a8acb107fffff,2026-07-29,0.3162,-0.0116,,0.0
88a8acb107fffff,2026-08-18,0.3239,-0.0067,,0.0
88a8acb109fffff,2026-03-28,0.4069,-0.0742,,2.4
88a8acb109fffff,2026-04-17,0.4136,-0.0925,,0.1
88a8acb109fffff,2026-05-05,0.3729,-0.0658,,0.2
88a8acb109fffff,2026-06-19,0.3748,-0.0821,,0.1
88a8acb109fffff,2026-07-29,0.3096,-0.0156,,0.0
88a8acb109fffff,2026-08-18,0.3198,-0.0101,,0.0
88a8acb10bfffff,2026-03-28,0.2743,-0.0173,,2.4
88a8acb10bfffff,2026-04-17,0.3917,-0.0893,,0.1
88a8acb10bfffff,2026-05-05,0.4274,-0.1157,,0.2
88a8acb10bfffff,2026-06-19,0.3755,-0.0997,,0.1
88a8acb10bfffff,2026-07-29,0.2377,0.0359,,0.0
88a8acb10bfffff,2026-08-18,0.2777,0.0332,,0.0
88a8acb10dfffff,2026-03-28,0.4636,-0.1327,,2.4
88a8acb10dfffff,2026-04-17,0.4492,-0.1321,,0.1
88a8acb10dfffff,2026-05-05,0.4186,-0.0926,,0.2
88a8acb10dfffff,2026-06-19,0.37,-0.0702,,0.1
88a8acb10dfffff,2026-07-29,0.3142,-0.0084,,0.0
88a8acb10dfffff,2026-08-18,0.3239,-0.0004,,0.0
88a8acb111fffff,2026-03-28,0.4496,-0.0827,,2.4
88a8acb111fffff,2026-04-17,0.4209,-0.0759,,0.1
88a8acb111fffff,2026-05-05,0.3712,-0.0417,,0.2
88a8acb111fffff,2026-06-19,0.3311,-0.025,,0.1
88a8acb111fffff,2026-07-29,0.2928,0.0072,,0.0
88a8acb111fffff,2026-08-18,0.3254,-0.0041,,0.0
88a8acb113fffff,2026-03-28,0.5235,-0.1825,,2.4
88a8acb113fffff,2026-04-17,0.5047,-0.1795,,0.1
88a8acb113fffff,2026-05-05,0.4526,-0.1264,,0.2
88a8acb113fffff,2026-06-19,0.4109,-0.0944,,0.1
88a8acb113fffff,2026-07-29,0.3476,-0.0239,,0.0
88a8acb113fffff,2026-08-18,0.3656,-0.0192,,0.0
88a8acb115fffff,2026-03-28,0.3556,-0.0509,,2.4
88a8acb115fffff,2026-04-17,0.3636,-0.0568,,0.1
88a8acb115fffff,2026-05-05,0.3623,-0.046,,0.2
88a8acb115fffff,2026-06-19,0.3486,-0.0607,,0.1
88a8acb115fffff,2026-07-29,0.2549,0.0154,,0.0
88a8acb115fffff,2026-08-18,0.3157,-0.0106,,0.0
88a8acb117fffff,2026-03-28,0.4017,-0.063,,2.4
88a8acb117fffff,2026-04-17,0.4022,-0.0737,,0.1
88a8acb117fffff,2026-05-05,0.3698,-0.0582,,0.2
88a8acb117fffff,2026-06-19,0.3611,-0.0647,,0.1
88a8acb117fffff,2026-07-29,0.3132,-0.009,,0.0
88a8acb117fffff,2026-08-18,0.3272,-0.006,,0.0
88a8acb119fffff,2026-03-28,0.455,-0.1284,,2.4
88a8acb119fffff,2026-04-17,0.4514,-0.1408,,0.1
88a8acb119fffff,2026-05-05,0.4328,-0.1175,,0.2
88a8acb119fffff,2026-06-19,0.365,-0.0776,,0.1
88a8acb119fffff,2026-07-29,0.3094,-0.012,,0.0
88a8acb119fffff,2026-08-18,0.3089,-0.0061,,0.0
88a8acb11bfffff,2026-03-28,0.4629,-0.1244,,2.4
88a8acb11bfffff,2026-04-17,0.4468,-0.1186,,0.1
88a8acb11bfffff,2026-05-05,0.3977,-0.0708,,0.2
88a8acb11bfffff,2026-06-19,0.3624,-0.0636,,0.1
88a8acb11bfffff,2026-07-29,0.3181,-0.0056,,0.0
88a8acb11bfffff,2026-08-18,0.3409,-0.0151,,0.0
88a8acb11dfffff,2026-03-28,0.4581,-0.1283,,2.4
88a8acb11dfffff,2026-04-17,0.439,-0.1222,,0.1
88a8acb11dfffff,2026-05-05,0.4217,-0.0997,,0.2
88a8acb11dfffff,2026-06-19,0.3944,-0.0898,,0.1
88a8acb11dfffff,2026-07-29,0.339,-0.0371,,0.0
88a8acb11dfffff,2026-08-18,0.3767,-0.0589,,0.0
88a8acb121fffff,2026-03-28,0.4186,-0.0803,,2.4
88a8acb121fffff,2026-04-17,0.4265,-0.0917,,0.1
88a8acb121fffff,2026-05-05,0.4014,-0.0691,,0.2
88a8acb121fffff,2026-06-19,0.302,-0.0037,,0.1
88a8acb121fffff,2026-07-29,0.2685,0.0398,,0.0
88a8acb121fffff,2026-08-18,0.3212,0.0017,,0.0
88a8acb123fffff,2026-03-28,0.4539,-0.1243,,2.4
88a8acb123fffff,2026-04-17,0.4491,-0.1244,,0.1
88a8acb123fffff,2026-05-05,0.4252,-0.0972,,0.2
88a8acb123fffff,2026-06-19,0.3703,-0.0705,,0.1
88a8acb123fffff,2026-07-29,0.3159,-0.0073,,0.0
88a8acb123fffff,2026-08-18,0.334,-0.003,,0.0
88a8acb125fffff,2026-03-28,0.4541,-0.1014,,2.4
88a8acb125fffff,2026-04-17,0.4397,-0.0907,,0.1
88a8acb125fffff,2026-05-05,0.3976,-0.0555,,0.2
88a8acb125fffff,2026-06-19,0.3431,-0.0426,,0.1
88a8acb125fffff,2026-07-29,0.3297,-0.0082,,0.0
88a8acb125fffff,2026-08-18,0.3311,-0.0015,,0.0
88a8acb127fffff,2026-03-28,0.4762,-0.1319,,2.4
88a8acb127fffff,2026-04-17,0.4704,-0.1365,,0.1
88a8acb127fffff,2026-05-05,0.4385,-0.103,,0.2
88a8acb127fffff,2026-06-19,0.3787,-0.0664,,0.1
88a8acb127fffff,2026-07-29,0.3378,-0.0177,,0.0
88a8acb127fffff,2026-08-18,0.3465,-0.0123,,0.0
88a8acb129fffff,2026-03-28,0.5096,-0.1732,,2.4
88a8acb129fffff,2026-04-17,0.4909,-0.1635,,0.1
88a8acb129fffff,2026-05-05,0.4752,-0.1478,,0.2
88a8acb129fffff,2026-06-19,0.3776,-0.0772,,0.1
88a8acb129fffff,2026-07-29,0.3307,-0.0095,,0.0
88a8acb129fffff,2026-08-18,0.3435,0.0003,,0.0
88a8acb12bfffff,2026-03-28,0.4571,-0.1203,,2.4
88a8acb12bfffff,2026-04-17,0.4494,-0.1322,,0.1
88a8acb12bfffff,2026-05-05,0.4567,-0.1355,,0.2
88a8acb12bfffff,2026-06-19,0.362,-0.0518,,0.1
88a8acb12bfffff,2026-07-29,0.2966,0.0236,,0.0
88a8acb12bfffff,2026-08-18,0.31,0.0263,,0.0
88a8acb12dfffff,2026-03-28,0.464,-0.1225,,2.4
88a8acb12dfffff,2026-04-17,0.452,-0.1197,,0.1
88a8acb12dfffff,2026-05-05,0.4172,-0.0812,,0.2
88a8acb12dfffff,2026-06-19,0.365,-0.051,,0.1
88a8acb12dfffff,2026-07-29,0.3236,0.0046,,0.0
88a8acb12dfffff,2026-08-18,0.3446,-0.0026,,0.0
88a8acb131fffff,2026-03-28,0.3925,-0.0732,,2.4
88a8acb131fffff,2026-04-17,0.388,-0.0794,,0.1
88a8acb131fffff,2026-05-05,0.3752,-0.0589,,0.2
88a8acb131fffff,2026-06-19,0.3305,-0.0369,,0.1
88a8acb131fffff,2026-07-29,0.2768,0.0059,,0.0
88a8acb131fffff,2026-08-18,0.2604,0.023,,0.0
88a8acb133fffff,2026-03-28,0.4718,-0.1311,,2.4
88a8acb133fffff,2026-04-17,0.4587,-0.1259,,0.1
88a8acb133fffff,2026-05-05,0.4357,-0.0991,,0.2
88a8acb133fffff,2026-06-19,0.3997,-0.0944,,0.1
88a8acb133fffff,2026-07-29,0.3529,-0.0424,,0.0
88a8acb133fffff,2026-08-18,0.347,-0.0258,,0.0
88a8acb135fffff,2026-03-28,0.3968,-0.0795,,2.4
88a8acb135fffff,2026-04-17,0.3828,-0.0799,,0.1
88a8acb135fffff,2026-05-05,0.3654,-0.052,,0.2
88a8acb135fffff,2026-06-19,0.3011,-0.0325,,0.1
88a8acb135fffff,2026-07-29,0.2505,0.0089,,0.0
88a8acb135fffff,2026-08-18,0.2632,0.0139,,0.0
88a8acb137fffff,2026-03-28,0.4237,-0.1072,,2.4
88a8acb137fffff,2026-04-17,0.4508,-0.1358,,0.1
88a8acb137fffff,2026-05-05,0.4334,-0.1202,,0.2
88a8acb137fffff,2026-06-19,0.3652,-0.0796,,0.1
88a8acb137fffff,2026-07-29,0.3028,-0.024,,0.0
88a8acb137fffff,2026-08-18,0.3227,-0.0211,,0.0
88a8acb139fffff,2026-03-28,0.4436,-0.1065,,2.4
88a8acb139fffff,2026-04-17,0.426,-0.1043,,0.1
88a8acb139fffff,2026-05-05,0.3843,-0.0546,,0.2
88a8acb139fffff,2026-06-19,0.3421,-0.0425,,0.1
88a8acb139fffff,2026-07-29,0.2853,0.0044,,0.0
88a8acb139fffff,2026-08-18,0.3202,-0.0108,,0.0
88a8acb13bfffff,2026-03-28,0.3296,-0.0305,,2.4
88a8acb13bfffff,2026-04-17,0.3788,-0.0584,,0.1
88a8acb13bfffff,2026-05-05,0.389,-0.0614,,0.2
88a8acb13bfffff,2026-06-19,0.294,-0.0138,,0.1
88a8acb13bfffff,2026-07-29,0.2657,0.0281,,0.0
88a8acb13bfffff,2026-08-18,0.2881,0.0125,,0.0
88a8acb13dfffff,2026-03-28,0.3652,-0.057,,2.4
88a8acb13dfffff,2026-04-17,0.2875,-0.0246,,0.1
88a8acb13dfffff,2026-05-05,0.2939,-0.0137,,0.2
88a8acb13dfffff,2026-06-19,0.3152,-0.0216,,0.1
88a8acb13dfffff,2026-07-29,0.2359,0.0226,,0.0
88a8acb13dfffff,2026-08-18,0.2156,0.0239,,0.0
88a8acb141fffff,2026-03-28,0.3954,-0.0793,,2.4
88a8acb141fffff,2026-04-17,0.3813,-0.0721,,0.1
88a8acb141fffff,2026-05-05,0.3744,-0.0547,,0.2
88a8acb141fffff,2026-06-19,0.3826,-0.0783,,0.1
88a8acb141fffff,2026-07-29,0.3257,-0.0203,,0.0
88a8acb141fffff,2026-08-18,0.2992,0.0012,,0.0
88a8acb143fffff,2026-03-28,0.4594,-0.1377,,2.4
88a8acb143fffff,2026-04-17,0.4487,-0.1359,,0.1
88a8acb143fffff,2026-05-05,0.3821,-0.0856,,0.2
88a8acb143fffff,2026-06-19,0.3623,-0.0861,,0.1
88a8acb143fffff,2026-07-29,0.3093,-0.026,,0.0
88a8acb143fffff,2026-08-18,0.325,-0.0276,,0.0
88a8acb145fffff,2026-03-28,0.4917,-0.1564,,2.4
88a8acb145fffff,2026-04-17,0.479,-0.1557,,0.1
88a8acb145fffff,2026-05-05,0.4413,-0.1209,,0.2
88a8acb145fffff,2026-06-19,0.4129,-0.1098,,0.1
88a8acb145fffff,2026-07-29,0.3681,-0.0507,,0.0
88a8acb145fffff,2026-08-18,0.3744,-0.0396,,0.0
88a8acb147fffff,2026-03-28,0.4693,-0.137,,2.4
88a8acb147fffff,2026-04-17,0.4596,-0.1368,,0.1
88a8acb147fffff,2026-05-05,0.4418,-0.1135,,0.2
88a8acb147fffff,2026-06-19,0.4204,-0.1205,,0.1
88a8acb147fffff,2026-07-29,0.3812,-0.0719,,0.0
88a8acb147fffff,2026-08-18,0.3768,-0.0543,,0.0
88a8acb149fffff,2026-03-28,0.3857,-0.064,,2.4
88a8acb149fffff,2026-04-17,0.3508,-0.0317,,0.1
88a8acb149fffff,2026-05-05,0.3371,-0.0133,,0.2
88a8acb149fffff,2026-06-19,0.3788,-0.0729,,0.1
88a8acb149fffff,2026-07-29,0.3103,0.0074,,0.0
88a8acb149fffff,2026-08-18,0.2727,0.0366,,0.0
88a8acb14bfffff,2026-03-28,0.3871,-0.0811,,2.4
88a8acb14bfffff,2026-04-17,0.3884,-0.0828,,0.1
88a8acb14bfffff,2026-05-05,0.3592,-0.0642,,0.2
88a8acb14bfffff,2026-06-19,0.3929,-0.1046,,0.1
88a8acb14bfffff,2026-07-29,0.3268,-0.0217,,0.0
88a8acb14bfffff,2026-08-18,0.3266,-0.0139,,0.0
88a8acb14dfffff,2026-03-28,0.4782,-0.1361,,2.4
88a8acb14dfffff,2026-04-17,0.462,-0.1335,,0.1
88a8acb14dfffff,2026-05-05,0.4357,-0.1019,,0.2
88a8acb14dfffff,2026-06-19,0.3946,-0.0996,,0.1
88a8acb14dfffff,2026-07-29,0.3433,-0.0342,,0.0
88a8acb14dfffff,2026-08-18,0.3527,-0.0287,,0.0
88a8acb151fffff,2026-03-28,0.4303,-0.1053,,2.4
88a8acb151fffff,2026-04-17,0.4515,-0.1388,,0.1
88a8acb151fffff,2026-05-05,0.3992,-0.0972,,0.2
88a8acb151fffff,2026-06-19,0.3518,-0.063,,0.1
88a8acb151fffff,2026-07-29,0.2988,-0.0067,,0.0
88a8acb151fffff,2026-08-18,0.3132,-0.0043,,0.0
88a8acb153fffff,2026-03-28,0.416,-0.1015,,2.4
88a8acb153fffff,2026-04-17,0.4384,-0.1321,,0.1
88a8acb153fffff,2026-05-05,0.4262,-0.1077,,0.2
88a8acb153fffff,2026-06-19,0.3453,-0.0589,,0.1
88a8acb153fffff,2026-07-29,0.2903,0.0123,,0.0
88a8acb153fffff,2026-08-18,0.3062,0.0062,,0.0
88a8acb155fffff,2026-03-28,0.436,-0.1052,,2.4
88a8acb155fffff,2026-04-17,0.4278,-0.1124,,0.1
88a8acb155fffff,2026-05-05,0.3932,-0.094,,0.2
88a8acb155fffff,2026-06-19,0.406,-0.1204,,0.1
88a8acb155fffff,2026-07-29,0.3092,-0.0251,,0.0
88a8acb155fffff,2026-08-18,0.3261,-0.0261,,0.0
88a8acb157fffff,2026-03-28,0.4698,-0.1365,,2.4
88a8acb157fffff,2026-04-17,0.459,-0.1377,,0.1
88a8acb157fffff,2026-05-05,0.4347,-0.115,,0.2
88a8acb157fffff,2026-06-19,0.3887,-0.099,,0.1
88a8acb157fffff,2026-07-29,0.3144,-0.0077,,0.0
88a8acb157fffff,2026-08-18,0.3351,-0.0096,,0.0
88a8acb159fffff,2026-03-28,0.4205,-0.1016,,2.4
88a8acb159fffff,2026-04-17,0.4297,-0.1121,,0.1
88a8acb159fffff,2026-05-05,0.3639,-0.0749,,0.2
88a8acb159fffff,2026-06-19,0.3482,-0.0699,,0.1
88a8acb159fffff,2026-07-29,0.3226,-0.0251,,0.0
88a8acb159fffff,2026-08-18,0.3383,-0.0279,,0.0
88a8acb15bfffff,2026-03-28,0.3959,-0.0858,,2.4
88a8acb15bfffff,2026-04-17,0.4124,-0.1089,,0.1
88a8acb15bfffff,2026-05-05,0.3736,-0.0751,,0.2
88a8acb15bfffff,2026-06-19,0.3351,-0.061,,0.1
88a8acb15bfffff,2026-07-29,0.3048,-0.0157,,0.0
88a8acb15bfffff,2026-08-18,0.3222,-0.0198,,0.0
88a8acb15dfffff,2026-03-28,0.4207,-0.0968,,2.4
88a8acb15dfffff,2026-04-17,0.4292,-0.1093,,0.1
88a8acb15dfffff,2026-05-05,0.3417,-0.0687,,0.2
88a8acb15dfffff,2026-06-19,0.3442,-0.0545,,0.1
88a8acb15dfffff,2026-07-29,0.3078,-0.0169,,0.0
88a8acb15dfffff,2026-08-18,0.3161,-0.0138,,0.0
88a8acb161fffff,2026-03-28,0.4417,-0.105,,2.4
88a8acb161fffff,2026-04-17,0.4428,-0.1198,,0.1
88a8acb161fffff,2026-05-05,0.4162,-0.0857,,0.2
88a8acb161fffff,2026-06-19,0.3694,-0.0708,,0.1
88a8acb161fffff,2026-07-29,0.3136,0.0035,,0.0
88a8acb161fffff,2026-08-18,0.3102,0.0207,,0.0
88a8acb163fffff,2026-03-28,0.5037,-0.1684,,2.4
88a8acb163fffff,2026-04-17,0.4816,-0.1622,,0.1
88a8acb163fffff,2026-05-05,0.4466,-0.1135,,0.2
88a8acb163fffff,2026-06-19,0.3972,-0.0892,,0.1
88a8acb163fffff,2026-07-29,0.3238,-0.002,,0.0
88a8acb163fffff,2026-08-18,0.3161,0.0187,,0.0
88a8acb165fffff,2026-03-28,0.5113,-0.1701,,2.4
88a8acb165fffff,2026-04-17,0.491,-0.1589,,0.1
88a8acb165fffff,2026-05-05,0.448,-0.1019,,0.2
88a8acb165fffff,2026-06-19,0.377,-0.0624,,0.1
88a8acb165fffff,2026-07-29,0.3321,-0.0038,,0.0
88a8acb165fffff,2026-08-18,0.346,-0.0003,,0.0
88a8acb167fffff,2026-03-28,0.5088,-0.1771,,2.4
88a8acb167fffff,2026-04-17,0.491,-0.1685,,0.1
88a8acb167fffff,2026-05-05,0.4535,-0.1214,,0.2
88a8acb167fffff,2026-06-19,0.3893,-0.0871,,0.1
88a8acb167fffff,2026-07-29,0.3365,-0.0238,,0.0
88a8acb167fffff,2026-08-18,0.3483,-0.0183,,0.0
88a8acb169fffff,2026-03-28,0.5077,-0.1669,,2.4
88a8acb169fffff,2026-04-17,0.4985,-0.1767,,0.1
88a8acb169fffff,2026-05-05,0.4581,-0.1327,,0.2
88a8acb169fffff,2026-06-19,0.3966,-0.1117,,0.1
88a8acb169fffff,2026-07-29,0.3001,-0.0032,,0.0
88a8acb169fffff,2026-08-18,0.2919,0.0322,,0.0
88a8acb16bfffff,2026-03-28,0.4628,-0.1286,,2.4
88a8acb16bfffff,2026-04-17,0.4498,-0.128,,0.1
88a8acb16bfffff,2026-05-05,0.3995,-0.0793,,0.2
88a8acb16bfffff,2026-06-19,0.3864,-0.0888,,0.1
88a8acb16bfffff,2026-07-29,0.3294,-0.0178,,0.0
88a8acb16bfffff,2026-08-18,0.3142,0.0108,,0.0
88a8acb16dfffff,2026-03-28,0.5241,-0.1895,,2.4
88a8acb16dfffff,2026-04-17,0.5133,-0.1882,,0.1
88a8acb16dfffff,2026-05-05,0.4822,-0.1449,,0.2
88a8acb16dfffff,2026-06-19,0.4157,-0.1056,,0.1
88a8acb16dfffff,2026-07-29,0.3379,-0.0125,,0.0
88a8acb16dfffff,2026-08-18,0.3641,-0.0171,,0.0
88a8acb181fffff,2026-03-28,0.4815,-0.1392,,2.4
88a8acb181fffff,2026-04-17,0.482,-0.1418,,0.1
88a8acb181fffff,2026-05-05,0.4477,-0.1127,,0.2
88a8acb181fffff,2026-06-19,0.4277,-0.1081,,0.1
88a8acb181fffff,2026-07-29,0.3679,-0.0365,,0.0
88a8acb181fffff,2026-08-18,0.3847,-0.0391,,0.0
88a8acb183fffff,2026-03-28,0.4216,-0.0858,,2.4
88a8acb183fffff,2026-04-20,0.4095,-0.0916,,0.4
88a8acb183fffff,2026-05-05,0.4213,-0.1013,,0.2
88a8acb183fffff,2026-06-19,0.3951,-0.1047,,0.6
88a8acb183fffff,2026-07-09,0.3492,-0.0583,,0.0
88a8acb183fffff,2026-08-18,0.3044,0.0181,,0.0
88a8acb185fffff,2026-03-28,0.4441,-0.1012,,2.4
88a8acb185fffff,2026-04-17,0.4272,-0.0991,,0.1
88a8acb185fffff,2026-05-05,0.4022,-0.0672,,0.2
88a8acb185fffff,2026-06-19,0.3704,-0.074,,0.1
88a8acb185fffff,2026-07-29,0.3241,-0.0121,,0.0
88a8acb185fffff,2026-08-18,0.3202,0.0068,,0.0
88a8acb187fffff,2026-03-28,0.4378,-0.0896,,2.4
88a8acb187fffff,2026-04-17,0.4377,-0.0987,,0.1
88a8acb187fffff,2026-05-05,0.4148,-0.073,,0.2
88a8acb187fffff,2026-06-19,0.3802,-0.0645,,0.1
88a8acb187fffff,2026-07-29,0.3377,-0.0141,,0.0
88a8acb187fffff,2026-08-18,0.3497,-0.0085,,0.0
88a8acb189fffff,2026-03-28,0.4734,-0.1375,,2.4
88a8acb189fffff,2026-04-20,0.4652,-0.1415,,0.4
88a8acb189fffff,2026-05-05,0.4342,-0.1079,,0.2
88a8acb189fffff,2026-06-19,0.3985,-0.0847,,0.6
88a8acb189fffff,2026-07-09,0.3853,-0.0693,,0.0
88a8acb189fffff,2026-08-18,0.3508,-0.0179,,0.0
88a8acb18bfffff,2026-03-28,0.4505,-0.1191,,2.4
88a8acb18bfffff,2026-04-20,0.4307,-0.1167,,0.4
88a8acb18bfffff,2026-05-05,0.4111,-0.0813,,0.2
88a8acb18bfffff,2026-06-19,0.3789,-0.071,,0.6
88a8acb18bfffff,2026-07-09,0.3752,-0.0546,,0.0
88a8acb18bfffff,2026-08-18,0.328,0.0072,,0.0
88a8acb18dfffff,2026-03-28,0.4554,-0.1133,,2.4
88a8acb18dfffff,2026-04-17,0.4174,-0.0934,,0.1
88a8acb18dfffff,2026-05-05,0.3789,-0.0481,,0.2
88a8acb18dfffff,2026-06-19,0.3492,-0.0402,,0.1
88a8acb18dfffff,2026-07-29,0.2884,0.0088,,0.0
88a8acb18dfffff,2026-08-18,0.3351,-0.0204,,0.0
88a8acb191fffff,2026-03-28,0.5144,-0.1609,,2.4
88a8acb191fffff,2026-04-20,0.4957,-0.1555,,0.4
88a8acb191fffff,2026-05-05,0.4591,-0.109,,0.2
88a8acb191fffff,2026-06-19,0.403,-0.0637,,0.6
88a8acb191fffff,2026-07-09,0.3974,-0.0517,,0.0
88a8acb191fffff,2026-08-18,0.3741,-0.0032,,0.0
88a8acb193fffff,2026-03-28,0.5212,-0.1785,,2.4
88a8acb193fffff,2026-04-20,0.5072,-0.1767,,0.4
88a8acb193fffff,2026-05-05,0.4764,-0.141,,0.2
88a8acb193fffff,2026-06-19,0.4342,-0.1183,,0.6
88a8acb193fffff,2026-07-09,0.4472,-0.1167,,0.0
88a8acb193fffff,2026-08-18,0.4277,-0.0714,,0.0
88a8acb195fffff,2026-03-28,0.4684,-0.1356,,2.4
88a8acb195fffff,2026-04-20,0.4601,-0.136,,0.4
88a8acb195fffff,2026-05-05,0.4311,-0.1004,,0.2
88a8acb195fffff,2026-06-19,0.388,-0.0803,,0.6
88a8acb195fffff,2026-07-09,0.3667,-0.0599,,0.0
88a8acb195fffff,2026-08-18,0.3343,0.0028,,0.0
88a8acb197fffff,2026-03-28,0.502,-0.1579,,2.4
88a8acb197fffff,2026-04-20,0.4911,-0.1609,,0.4
88a8acb197fffff,2026-05-05,0.4628,-0.1243,,0.2
88a8acb197fffff,2026-06-19,0.4162,-0.0946,,0.6
88a8acb197fffff,2026-07-09,0.3976,-0.0729,,0.0
88a8acb197fffff,2026-08-18,0.3621,-0.0068,,0.0
88a8acb199fffff,2026-03-28,0.506,-0.1564,,2.4
88a8acb199fffff,2026-04-20,0.5044,-0.1646,,0.4
88a8acb199fffff,2026-05-05,0.469,-0.1263,,0.2
88a8acb199fffff,2026-06-19,0.4117,-0.0785,,0.6
88a8acb199fffff,2026-07-09,0.4016,-0.0647,,0.0
88a8acb199fffff,2026-08-18,0.3676,-0.0066,,0.0
88a8acb19bfffff,2026-03-28,0.5429,-0.2009,,2.4
88a8acb19bfffff,2026-04-20,0.5298,-0.198,,0.4
88a8acb19bfffff,2026-05-05,0.489,-0.1468,,0.2
88a8acb19bfffff,2026-06-19,0.4033,-0.077,,0.6
88a8acb19bfffff,2026-07-09,0.4025,-0.0688,,0.0
88a8acb19bfffff,2026-08-18,0.359,-0.0006,,0.0
88a8acb19dfffff,2026-03-28,0.491,-0.1481,,2.4
88a8acb19dfffff,2026-04-20,0.494,-0.1694,,0.4
88a8acb19dfffff,2026-05-05,0.4261,-0.0906,,0.2
88a8acb19dfffff,2026-06-19,0.4143,-0.102,,0.6
88a8acb19dfffff,2026-07-09,0.4094,-0.0897,,0.0
88a8acb19dfffff,2026-08-18,0.3614,-0.0151,,0.0
88a8acb1a1fffff,2026-03-28,0.4578,-0.1275,,2.4
88a8acb1a1fffff,2026-04-17,0.4437,-0.1251,,0.1
88a8acb1a1fffff,2026-05-05,0.438,-0.1187,,0.2
88a8acb1a1fffff,2026-06-19,0.3679,-0.0722,,0.1
88a8acb1a1fffff,2026-07-29,0.3356,-0.0251,,0.0
88a8acb1a1fffff,2026-08-18,0.3446,-0.0239,,0.0
88a8acb1a3fffff,2026-03-28,0.5029,-0.1616,,2.4
88a8acb1a3fffff,2026-04-17,0.4884,-0.1589,,0.1
88a8acb1a3fffff,2026-05-05,0.462,-0.1352,,0.2
88a8acb1a3fffff,2026-06-19,0.3895,-0.0946,,0.1
88a8acb1a3fffff,2026-07-29,0.3553,-0.0397,,0.0
88a8acb1a3fffff,2026-08-18,0.3611,-0.0293,,0.0
88a8acb1a5fffff,2026-03-28,0.5343,-0.1952,,2.4
88a8acb1a5fffff,2026-04-17,0.5195,-0.1941,,0.1
88a8acb1a5fffff,2026-05-05,0.4993,-0.1699,,0.2
88a8acb1a5fffff,2026-06-19,0.4153,-0.1032,,0.1
88a8acb1a5fffff,2026-07-29,0.3489,-0.0235,,0.0
88a8acb1a5fffff,2026-08-18,0.3608,-0.0177,,0.0
88a8acb1a7fffff,2026-03-28,0.5217,-0.1758,,2.4
88a8acb1a7fffff,2026-04-17,0.5148,-0.182,,0.1
88a8acb1a7fffff,2026-05-05,0.4861,-0.15,,0.2
88a8acb1a7fffff,2026-06-19,0.4011,-0.0732,,0.1
88a8acb1a7fffff,2026-07-29,0.3504,-0.0113,,0.0
88a8acb1a7fffff,2026-08-18,0.3616,-0.0181,,0.0
88a8acb1a9fffff,2026-03-28,0.3804,-0.0515,,2.4
88a8acb1a9fffff,2026-04-17,0.4019,-0.0838,,0.1
88a8acb1a9fffff,2026-05-05,0.3861,-0.0703,,0.2
88a8acb1a9fffff,2026-06-19,0.3503,-0.0593,,0.1
88a8acb1a9fffff,2026-07-29,0.3299,-0.0193,,0.0
88a8acb1a9fffff,2026-08-18,0.3294,-0.0067,,0.0
88a8acb1abfffff,2026-03-28,0.3747,-0.0331,,2.4
88a8acb1abfffff,2026-04-17,0.3854,-0.0381,,0.1
88a8acb1abfffff,2026-05-05,0.387,-0.0391,,0.2
88a8acb1abfffff,2026-06-19,0.3679,-0.069,,0.1
88a8acb1abfffff,2026-07-29,0.4026,-0.0897,,0.0
88a8acb1abfffff,2026-08-18,0.3926,-0.0678,,0.0
88a8acb1adfffff,2026-03-28,0.4203,-0.0741,,2.4
88a8acb1adfffff,2026-04-17,0.411,-0.0715,,0.1
88a8acb1adfffff,2026-05-05,0.3882,-0.0614,,0.2
88a8acb1adfffff,2026-06-19,0.3557,-0.0408,,0.1
88a8acb1adfffff,2026-07-29,0.3193,0.0009,,0.0
88a8acb1adfffff,2026-08-18,0.3334,0.0016,,0.0
88a8acb1b1fffff,2026-03-28,0.4809,-0.1531,,2.4
88a8acb1b1fffff,2026-04-17,0.4373,-0.0957,,0.1
88a8acb1b1fffff,2026-05-05,0.4113,-0.0708,,0.2
88a8acb1b1fffff,2026-06-19,0.3934,-0.0645,,0.1
88a8acb1b1fffff,2026-07-29,0.325,0.0028,,0.0
88a8acb1b1fffff,2026-08-18,0.3547,-0.0088,,0.0
88a8acb1b3fffff,2026-03-28,0.4692,-0.1405,,2.4
88a8acb1b3fffff,2026-04-20,0.3677,-0.0256,,0.4
88a8acb1b3fffff,2026-05-05,0.343,-0.001,,0.2
88a8acb1b3fffff,2026-06-19,0.3282,-0.0117,,0.6
88a8acb1b3fffff,2026-07-09,0.3015,-0.001,,0.0
88a8acb1b3fffff,2026-08-18,0.3374,0.001,,0.0
88a8acb1b5fffff,2026-03-28,0.4883,-0.1834,,2.4
88a8acb1b5fffff,2026-04-17,0.4551,-0.1449,,0.1
88a8acb1b5fffff,2026-05-05,0.4351,-0.1219,,0.2
88a8acb1b5fffff,2026-06-19,0.2964,0.0022,,0.1
88a8acb1b5fffff,2026-07-29,0.2398,0.0407,,0.0
88a8acb1b5fffff,2026-08-18,0.2295,0.0351,,0.0
88a8acb1b7fffff,2026-03-28,0.4483,-0.129,,2.4
88a8acb1b7fffff,2026-04-17,0.3992,-0.0703,,0.1
88a8acb1b7fffff,2026-05-05,0.3752,-0.03,,0.2
88a8acb1b7fffff,2026-06-19,0.3549,-0.04,,0.1
88a8acb1b7fffff,2026-07-29,0.3019,0.0175,,0.0
88a8acb1b7fffff,2026-08-18,0.3175,0.0144,,0.0
88a8acb1b9fffff,2026-03-28,0.4259,-0.0926,,2.4
88a8acb1b9fffff,2026-04-20,0.3597,-0.0427,,0.4
88a8acb1b9fffff,2026-05-05,0.3635,-0.0302,,0.2
88a8acb1b9fffff,2026-06-19,0.3494,-0.0419,,0.6
88a8acb1b9fffff,2026-07-09,0.3528,-0.0356,,0.0
88a8acb1b9fffff,2026-08-18,0.292,0.0097,,0.0
88a8acb1bbfffff,2026-03-28,0.4644,-0.1291,,2.4
88a8acb1bbfffff,2026-04-20,0.4116,-0.0786,,0.4
88a8acb1bbfffff,2026-05-05,0.3937,-0.0478,,0.2
88a8acb1bbfffff,2026-06-19,0.3508,-0.0215,,0.6
88a8acb1bbfffff,2026-07-09,0.3567,-0.0134,,0.0
88a8acb1bbfffff,2026-08-18,0.3379,0.0095,,0.0
88a8acb1bdfffff,2026-03-28,0.4919,-0.145,,2.4
88a8acb1bdfffff,2026-04-17,0.4726,-0.1433,,0.1
88a8acb1bdfffff,2026-05-05,0.4502,-0.1107,,0.2
88a8acb1bdfffff,2026-06-19,0.3932,-0.0776,,0.1
88a8acb1bdfffff,2026-07-29,0.3376,-0.0151,,0.0
88a8acb1bdfffff,2026-08-18,0.3404,0.004,,0.0
88a8acb1c1fffff,2026-03-28,0.4567,-0.114,,2.4
88a8acb1c1fffff,2026-04-17,0.4663,-0.1196,,0.1
88a8acb1c1fffff,2026-05-05,0.4209,-0.0953,,0.2
88a8acb1c1fffff,2026-06-19,0.4071,-0.0741,,0.1
88a8acb1c1fffff,2026-07-29,0.3633,-0.0232,,0.0
88a8acb1c1fffff,2026-08-18,0.384,-0.0323,,0.0
88a8acb1c3fffff,2026-03-28,0.4703,-0.1271,,2.4
88a8acb1c3fffff,2026-04-20,0.4953,-0.1672,,0.4
88a8acb1c3fffff,2026-05-05,0.4468,-0.1167,,0.2
88a8acb1c3fffff,2026-06-19,0.4057,-0.0891,,0.6
88a8acb1c3fffff,2026-07-09,0.3774,-0.0583,,0.0
88a8acb1c3fffff,2026-08-18,0.3375,-0.0029,,0.0
88a8acb1c5fffff,2026-03-28,0.5134,-0.1743,,2.4
88a8acb1c5fffff,2026-04-17,0.4968,-0.1679,,0.1
88a8acb1c5fffff,2026-05-05,0.4486,-0.1214,,0.2
88a8acb1c5fffff,2026-06-19,0.4122,-0.1034,,0.1
88a8acb1c5fffff,2026-07-29,0.3879,-0.0665,,0.0
88a8acb1c5fffff,2026-08-18,0.3979,-0.0625,,0.0
88a8acb1c7fffff,2026-03-28,0.468,-0.1247,,2.4
88a8acb1c7fffff,2026-04-17,0.4468,-0.1186,,0.1
88a8acb1c7fffff,2026-05-05,0.415,-0.0776,,0.2
88a8acb1c7fffff,2026-06-19,0.3914,-0.0715,,0.1
88a8acb1c7fffff,2026-07-29,0.366,-0.0329,,0.0
88a8acb1c7fffff,2026-08-18,0.3841,-0.04,,0.0
88a8acb1c9fffff,2026-03-28,0.4868,-0.1457,,2.4
88a8acb1c9fffff,2026-04-20,0.4928,-0.1699,,0.4
88a8acb1c9fffff,2026-05-05,0.453,-0.1296,,0.2
88a8acb1c9fffff,2026-06-19,0.4075,-0.1107,,0.6
88a8acb1c9fffff,2026-07-09,0.3914,-0.0888,,0.0
88a8acb1c9fffff,2026-08-18,0.3573,-0.0359,,0.0
88a8acb1cbfffff,2026-03-28,0.4516,-0.121,,2.4
88a8acb1cbfffff,2026-04-20,0.4642,-0.1481,,0.4
88a8acb1cbfffff,2026-05-05,0.408,-0.1113,,0.2
88a8acb1cbfffff,2026-06-19,0.4034,-0.1015,,0.6
88a8acb1cbfffff,2026-07-09,0.3903,-0.0836,,0.0
88a8acb1cbfffff,2026-08-18,0.3655,-0.044,,0.0
88a8acb1cdfffff,2026-03-28,0.494,-0.1481,,2.4
88a8acb1cdfffff,2026-04-17,0.4835,-0.1553,,0.1
88a8acb1cdfffff,2026-05-05,0.4192,-0.1054,,0.2
88a8acb1cdfffff,2026-06-19,0.4137,-0.0968,,0.1
88a8acb1cdfffff,2026-07-29,0.3569,-0.027,,0.0
88a8acb1cdfffff,2026-08-18,0.3756,-0.0296,,0.0
88a8acb1d1fffff,2026-03-28,0.4619,-0.1118,,2.4
88a8acb1d1fffff,2026-04-20,0.4582,-0.1236,,0.4
88a8acb1d1fffff,2026-05-05,0.4218,-0.0833,,0.2
88a8acb1d1fffff,2026-06-19,0.3674,-0.0409,,0.6
88a8acb1d1fffff,2026-07-09,0.3454,-0.0205,,0.0
88a8acb1d1fffff,2026-08-18,0.3057,0.0354,,0.0
88a8acb1d3fffff,2026-03-28,0.4896,-0.1328,,2.4
88a8acb1d3fffff,2026-04-20,0.4936,-0.1489,,0.4
88a8acb1d3fffff,2026-05-05,0.466,-0.1107,,0.2
88a8acb1d3fffff,2026-06-19,0.4318,-0.0789,,0.6
88a8acb1d3fffff,2026-07-09,0.4066,-0.0529,,0.0
88a8acb1d3fffff,2026-08-18,0.3889,-0.0157,,0.0
88a8acb1d5fffff,2026-03-28,0.5446,-0.191,,2.4
88a8acb1d5fffff,2026-04-20,0.5147,-0.171,,0.4
88a8acb1d5fffff,2026-05-05,0.4704,-0.1124,,0.2
88a8acb1d5fffff,2026-06-19,0.4263,-0.0827,,0.6
88a8acb1d5fffff,2026-07-09,0.4046,-0.0651,,0.0
88a8acb1d5fffff,2026-08-18,0.3969,-0.035,,0.0
88a8acb1d7fffff,2026-03-28,0.4489,-0.1181,,2.4
88a8acb1d7fffff,2026-04-20,0.4976,-0.1763,,0.4
88a8acb1d7fffff,2026-05-05,0.455,-0.1246,,0.2
88a8acb1d7fffff,2026-06-19,0.4439,-0.124,,0.6
88a8acb1d7fffff,2026-07-09,0.4652,-0.1523,,0.0
88a8acb1d7fffff,2026-08-18,0.394,-0.0498,,0.0
88a8acb1d9fffff,2026-03-28,0.4736,-0.1371,,2.4
88a8acb1d9fffff,2026-04-20,0.4662,-0.1439,,0.4
88a8acb1d9fffff,2026-05-05,0.4279,-0.1045,,0.2
88a8acb1d9fffff,2026-06-19,0.3665,-0.0494,,0.6
88a8acb1d9fffff,2026-07-09,0.3565,-0.0366,,0.0
88a8acb1d9fffff,2026-08-18,0.3189,0.0167,,0.0
88a8acb1dbfffff,2026-03-28,0.4319,-0.096,,2.4
88a8acb1dbfffff,2026-04-20,0.4471,-0.1194,,0.4
88a8acb1dbfffff,2026-05-05,0.4161,-0.0829,,0.2
88a8acb1dbfffff,2026-06-19,0.3593,-0.0407,,0.6
88a8acb1dbfffff,2026-07-09,0.3532,-0.0332,,0.0
88a8acb1dbfffff,2026-08-18,0.3333,0.007,,0.0
88a8acb1ddfffff,2026-03-28,0.5182,-0.1679,,2.4
88a8acb1ddfffff,2026-04-20,0.5063,-0.1738,,0.4
88a8acb1ddfffff,2026-05-05,0.4752,-0.1273,,0.2
88a8acb1ddfffff,2026-06-19,0.4119,-0.0839,,0.6
88a8acb1ddfffff,2026-07-09,0.3915,-0.0589,,0.0
88a8acb1ddfffff,2026-08-18,0.3662,-0.0112,,0.0
88a8acb1e1fffff,2026-03-28,0.4513,-0.1362,,2.4
88a8acb1e1fffff,2026-04-17,0.4436,-0.1383,,0.1
88a8acb1e1fffff,2026-05-05,0.4187,-0.1084,,0.2
88a8acb1e1fffff,2026-06-19,0.3734,-0.0973,,0.1
88a8acb1e1fffff,2026-07-29,0.3085,-0.0253,,0.0
88a8acb1e1fffff,2026-08-18,0.3158,-0.0181,,0.0
88a8acb1e3fffff,2026-03-28,0.4242,-0.0818,,2.4
88a8acb1e3fffff,2026-04-17,0.4133,-0.0816,,0.1
88a8acb1e3fffff,2026-05-05,0.3866,-0.0618,,0.2
88a8acb1e3fffff,2026-06-19,0.3924,-0.1062,,0.1
88a8acb1e3fffff,2026-07-29,0.2944,0.0063,,0.0
88a8acb1e3fffff,2026-08-18,0.3059,0.0346,,0.0
88a8acb1e5fffff,2026-03-28,0.4838,-0.1455,,2.4
88a8acb1e5fffff,2026-04-17,0.4797,-0.1443,,0.1
88a8acb1e5fffff,2026-05-05,0.4601,-0.114,,0.2
88a8acb1e5fffff,2026-06-19,0.4172,-0.1065,,0.1
88a8acb1e5fffff,2026-07-29,0.3881,-0.0796,,0.0
88a8acb1e5fffff,2026-08-18,0.3825,-0.0627,,0.0
88a8acb1e7fffff,2026-03-28,0.4675,-0.1489,,2.4
88a8acb1e7fffff,2026-04-17,0.4609,-0.1538,,0.1
88a8acb1e7fffff,2026-05-05,0.4452,-0.1359,,0.2
88a8acb1e7fffff,2026-06-19,0.3942,-0.1145,,0.1
88a8acb1e7fffff,2026-07-29,0.33,-0.038,,0.0
88a8acb1e7fffff,2026-08-18,0.3435,-0.0284,,0.0
88a8acb1e9fffff,2026-03-28,0.4716,-0.1574,,2.4
88a8acb1e9fffff,2026-04-17,0.4494,-0.1462,,0.1
88a8acb1e9fffff,2026-05-05,0.3955,-0.0945,,0.2
88a8acb1e9fffff,2026-06-19,0.3326,-0.0495,,0.1
88a8acb1e9fffff,2026-07-29,0.3136,-0.0229,,0.0
88a8acb1e9fffff,2026-08-18,0.3533,-0.06,,0.0
88a8acb1ebfffff,2026-03-28,0.4808,-0.1493,,2.4
88a8acb1ebfffff,2026-04-17,0.4578,-0.1408,,0.1
88a8acb1ebfffff,2026-05-05,0.3899,-0.096,,0.2
88a8acb1ebfffff,2026-06-19,0.3635,-0.0522,,0.1
88a8acb1ebfffff,2026-07-29,0.3218,-0.0117,,0.0
88a8acb1ebfffff,2026-08-18,0.3627,-0.0519,,0.0
88a8acb1edfffff,2026-03-28,0.4274,-0.1095,,2.4
88a8acb1edfffff,2026-04-17,0.4224,-0.1136,,0.1
88a8acb1edfffff,2026-05-05,0.4144,-0.1072,,0.2
88a8acb1edfffff,2026-06-19,0.3778,-0.0999,,0.1
88a8acb1edfffff,2026-07-29,0.3071,-0.0219,,0.0
88a8acb1edfffff,2026-08-18,0.3093,-0.0098,,0.0
88a8acb307fffff,2026-03-28,0.5305,-0.1935,,2.4
88a8acb307fffff,2026-04-17,0.5198,-0.195,,0.1
88a8acb307fffff,2026-05-05,0.4965,-0.1658,,0.2
88a8acb307fffff,2026-06-19,0.4389,-0.1306,,0.1
88a8acb307fffff,2026-07-29,0.3761,-0.0566,,0.0
88a8acb307fffff,2026-08-18,0.3802,-0.041,,0.0
88a8acb311fffff,2026-03-28,0.4569,-0.1213,,2.4
88a8acb311fffff,2026-04-20,0.4602,-0.1416,,0.4
88a8acb311fffff,2026-05-05,0.4127,-0.081,,0.2
88a8acb311fffff,2026-06-19,0.3708,-0.0682,,0.6
88a8acb311fffff,2026-07-09,0.3649,-0.0508,,0.0
88a8acb311fffff,2026-08-18,0.3421,-0.0104,,0.0
88a8acb313fffff,2026-03-28,0.4739,-0.128,,2.4
88a8acb313fffff,2026-04-20,0.4672,-0.1383,,0.4
88a8acb313fffff,2026-05-05,0.3959,-0.059,,0.2
88a8acb313fffff,2026-06-19,0.3731,-0.049,,0.6
88a8acb313fffff,2026-07-09,0.3793,-0.0483,,0.0
88a8acb313fffff,2026-08-18,0.3481,-0.0037,,0.0
88a8acb317fffff,2026-03-28,0.4313,-0.112,,2.4
88a8acb317fffff,2026-04-17,0.3609,-0.0872,,0.1
88a8acb317fffff,2026-05-05,0.3679,-0.0609,,0.2
88a8acb317fffff,2026-06-19,0.345,-0.087,,0.1
88a8acb317fffff,2026-07-29,0.358,-0.0855,,0.0
88a8acb317fffff,2026-08-18,0.3521,-0.0665,,0.0
88a8acb323fffff,2026-03-28,0.4658,-0.1337,,2.4
88a8acb323fffff,2026-04-17,0.4203,-0.0802,,0.1
88a8acb323fffff,2026-05-05,0.347,-0.0316,,0.2
88a8acb323fffff,2026-06-19,0.3734,-0.0547,,0.1
88a8acb323fffff,2026-07-29,0.2993,0.0055,,0.0
88a8acb323fffff,2026-08-18,0.2963,0.0373,,0.0
88a8acb327fffff,2026-03-28,0.3652,-0.0359,,2.4
88a8acb327fffff,2026-04-17,0.3383,-0.02,,0.1
88a8acb327fffff,2026-05-05,0.322,0.0078,,0.2
88a8acb327fffff,2026-06-19,0.3933,-0.0908,,0.1
88a8acb327fffff,2026-07-29,0.3351,-0.0172,,0.0
88a8acb327fffff,2026-08-18,0.3237,0.0106,,0.0
88a8acb32bfffff,2026-03-28,0.5361,-0.2028,,2.4
88a8acb32bfffff,2026-04-17,0.5252,-0.2046,,0.1
88a8acb32bfffff,2026-05-05,0.5047,-0.1752,,0.2
88a8acb32bfffff,2026-06-19,0.45,-0.1436,,0.1
88a8acb32bfffff,2026-07-29,0.3835,-0.0656,,0.0
88a8acb32bfffff,2026-08-18,0.3784,-0.0414,,0.0
88a8acb331fffff,2026-03-28,0.3929,-0.0839,,2.4
88a8acb331fffff,2026-04-17,0.3859,-0.0862,,0.1
88a8acb331fffff,2026-05-05,0.3398,-0.0492,,0.2
88a8acb331fffff,2026-06-19,0.3758,-0.0866,,0.1
88a8acb331fffff,2026-07-29,0.2981,-0.0108,,0.0
88a8acb331fffff,2026-08-18,0.2972,0.009,,0.0
88a8acb333fffff,2026-03-28,0.3964,-0.0837,,2.4
88a8acb333fffff,2026-04-17,0.4127,-0.1004,,0.1
88a8acb333fffff,2026-05-05,0.3337,-0.06,,0.2
88a8acb333fffff,2026-06-19,0.3596,-0.0807,,0.1
88a8acb333fffff,2026-07-29,0.2916,-0.0122,,0.0
88a8acb333fffff,2026-08-18,0.3124,-0.0141,,0.0
88a8acb335fffff,2026-03-28,0.4528,-0.1205,,2.4
88a8acb335fffff,2026-04-17,0.4285,-0.1068,,0.1
88a8acb335fffff,2026-05-05,0.3894,-0.0733,,0.2
88a8acb335fffff,2026-06-19,0.4189,-0.1348,,0.1
88a8acb335fffff,2026-07-29,0.3509,-0.0713,,0.0
88a8acb335fffff,2026-08-18,0.3122,-0.0078,,0.0
88a8acb337fffff,2026-03-28,0.4717,-0.1328,,2.4
88a8acb337fffff,2026-04-17,0.4584,-0.13,,0.1
88a8acb337fffff,2026-05-05,0.377,-0.093,,0.2
88a8acb337fffff,2026-06-19,0.3978,-0.1016,,0.1
88a8acb337fffff,2026-07-29,0.3528,-0.0521,,0.0
88a8acb337fffff,2026-08-18,0.3657,-0.0484,,0.0
88a8acb33bfffff,2026-03-28,0.3895,-0.0775,,2.4
88a8acb33bfffff,2026-04-17,0.3379,-0.0591,,0.1
88a8acb33bfffff,2026-05-05,0.2762,-0.032,,0.2
88a8acb33bfffff,2026-06-19,0.305,-0.0248,,0.1
88a8acb33bfffff,2026-07-29,0.3117,-0.0164,,0.0
88a8acb33bfffff,2026-08-18,0.3161,-0.0078,,0.0
88a8acb33dfffff,2026-03-28,0.4471,-0.0957,,2.4
88a8acb33dfffff,2026-04-17,0.439,-0.0945,,0.1
88a8acb33dfffff,2026-05-05,0.4077,-0.0633,,0.2
88a8acb33dfffff,2026-06-19,0.4245,-0.1166,,0.1
88a8acb33dfffff,2026-07-29,0.349,-0.0523,,0.0
88a8acb33dfffff,2026-08-18,0.3366,0.0079,,0.0
88a8acb521fffff,2026-03-28,0.5297,-0.1815,,2.4
88a8acb521fffff,2026-04-20,0.521,-0.1905,,0.4
88a8acb521fffff,2026-05-05,0.492,-0.1544,,0.2
88a8acb521fffff,2026-06-19,0.4457,-0.1307,,0.6
88a8acb521fffff,2026-07-09,0.4392,-0.1105,,0.0
88a8acb521fffff,2026-08-18,0.4118,-0.0519,,0.0
88a8acb523fffff,2026-03-28,0.5309,-0.1842,,2.4
88a8acb523fffff,2026-04-20,0.5219,-0.1916,,0.4
88a8acb523fffff,2026-05-05,0.4969,-0.161,,0.2
88a8acb523fffff,2026-06-19,0.4561,-0.14,,0.6
88a8acb523fffff,2026-07-09,0.4469,-0.1208,,0.0
88a8acb523fffff,2026-08-18,0.4248,-0.0702,,0.0
88a8acb525fffff,2026-03-28,0.5095,-0.1528,,2.4
88a8acb525fffff,2026-04-20,0.4997,-0.153,,0.4
88a8acb525fffff,2026-05-05,0.4744,-0.1176,,0.2
88a8acb525fffff,2026-06-19,0.4368,-0.1101,,0.6
88a8acb525fffff,2026-07-09,0.4325,-0.0953,,0.0
88a8acb525fffff,2026-08-18,0.4037,-0.0328,,0.0
88a8acb527fffff,2026-03-28,0.5415,-0.1973,,2.4
88a8acb527fffff,2026-04-20,0.5344,-0.2042,,0.4
88a8acb527fffff,2026-05-05,0.5047,-0.1685,,0.2
88a8acb527fffff,2026-06-19,0.4571,-0.1402,,0.6
88a8acb527fffff,2026-07-09,0.4464,-0.1179,,0.0
88a8acb527fffff,2026-08-18,0.4229,-0.0674,,0.0
88a8acb529fffff,2026-03-28,0.4813,-0.1401,,2.4
88a8acb529fffff,2026-04-20,0.4846,-0.1493,,0.4
88a8acb529fffff,2026-05-05,0.4414,-0.1083,,0.2
88a8acb529fffff,2026-06-19,0.3962,-0.0749,,0.6
88a8acb529fffff,2026-07-09,0.4108,-0.09,,0.0
88a8acb529fffff,2026-08-18,0.3453,0.0078,,0.0
88a8acb52dfffff,2026-03-28,0.4952,-0.1476,,2.4
88a8acb52dfffff,2026-04-20,0.4767,-0.1415,,0.4
88a8acb52dfffff,2026-05-05,0.4455,-0.0968,,0.2
88a8acb52dfffff,2026-06-19,0.3949,-0.0654,,0.6
88a8acb52dfffff,2026-07-09,0.3806,-0.0415,,0.0
88a8acb52dfffff,2026-08-18,0.3467,0.0116,,0.0
88a8acb565fffff,2026-03-28,0.4172,-0.0886,,2.4
88a8acb565fffff,2026-04-20,0.4792,-0.1511,,0.4
88a8acb565fffff,2026-05-05,0.4663,-0.126,,0.2
88a8acb565fffff,2026-06-19,0.3814,-0.0597,,0.6
88a8acb565fffff,2026-07-09,0.4155,-0.0887,,0.0
88a8acb565fffff,2026-08-18,0.3917,-0.0477,,0.0
88a8acb567fffff,2026-03-28,0.3962,-0.057,,2.4
88a8acb567fffff,2026-04-20,0.4058,-0.072,,0.4
88a8acb567fffff,2026-05-05,0.3853,-0.041,,0.2
88a8acb567fffff,2026-06-19,0.367,-0.0493,,0.6
88a8acb567fffff,2026-07-09,0.4011,-0.0758,,0.0
88a8acb567fffff,2026-08-18,0.3754,-0.0307,,0.0
88a8acb56dfffff,2026-03-28,0.4804,-0.1309,,2.4
88a8acb56dfffff,2026-04-20,0.4767,-0.136,,0.4
88a8acb56dfffff,2026-05-05,0.4437,-0.0936,,0.2
88a8acb56dfffff,2026-06-19,0.3946,-0.0678,,0.6
88a8acb56dfffff,2026-07-09,0.4074,-0.0862,,0.0
88a8acb56dfffff,2026-08-18,0.3581,-0.0068,,0.0
88a8acb803fffff,2026-03-28,0.2685,0.0087,,3.8
88a8acb803fffff,2026-04-17,0.3734,-0.0298,,0.1
88a8acb803fffff,2026-05-05,0.3436,-0.0139,,1.6
88a8acb803fffff,2026-06-19,0.3004,0.0188,,0.1
88a8acb803fffff,2026-07-29,0.3485,-0.0242,,0.0
88a8acb803fffff,2026-08-18,0.3171,0.0241,,0.0
88a8acb809fffff,2026-03-28,0.466,-0.1341,,3.8
88a8acb809fffff,2026-04-17,0.5168,-0.1903,,0.1
88a8acb809fffff,2026-05-05,0.5063,-0.179,,1.6
88a8acb809fffff,2026-06-19,0.4827,-0.1842,,0.1
88a8acb809fffff,2026-07-29,0.3886,-0.0683,,0.0
88a8acb809fffff,2026-08-18,0.406,-0.0535,,0.0
88a8acb80bfffff,2026-03-28,0.5072,-0.1758,,3.8
88a8acb80bfffff,2026-04-17,0.5111,-0.1843,,0.1
88a8acb80bfffff,2026-05-05,0.4823,-0.1559,,1.6
88a8acb80bfffff,2026-06-19,0.3851,-0.0757,,0.1
88a8acb80bfffff,2026-07-29,0.3238,-0.0029,,0.0
88a8acb80bfffff,2026-08-18,0.3401,0.0023,,0.0
88a8acb811fffff,2026-03-28,0.4708,-0.1337,,3.8
88a8acb811fffff,2026-04-17,0.4686,-0.1326,,0.1
88a8acb811fffff,2026-05-05,0.4416,-0.1029,,1.6
88a8acb811fffff,2026-06-19,0.3868,-0.0627,,0.1
88a8acb811fffff,2026-07-29,0.3273,-0.0049,,0.0
88a8acb811fffff,2026-08-18,0.318,0.023,,0.0
88a8acb813fffff,2026-03-28,0.4395,-0.0978,,3.8
88a8acb813fffff,2026-04-17,0.4317,-0.0873,,0.1
88a8acb813fffff,2026-05-05,0.3766,-0.0368,,1.6
88a8acb813fffff,2026-06-19,0.3669,-0.0273,,0.1
88a8acb813fffff,2026-07-29,0.2923,0.0467,,0.0
88a8acb813fffff,2026-08-18,0.2905,0.0622,,0.0
88a8acb815fffff,2026-03-28,0.4318,-0.1168,,3.8
88a8acb815fffff,2026-04-17,0.4133,-0.0952,,0.1
88a8acb815fffff,2026-05-05,0.3464,-0.027,,1.6
88a8acb815fffff,2026-06-19,0.3336,-0.0126,,0.1
88a8acb815fffff,2026-07-29,0.347,-0.015,,0.0
88a8acb815fffff,2026-08-18,0.3192,0.0254,,0.0
88a8acb817fffff,2026-03-28,0.2825,0.0686,,3.8
88a8acb817fffff,2026-04-17,0.2697,0.075,,0.1
88a8acb817fffff,2026-05-05,0.257,0.0956,,1.6
88a8acb817fffff,2026-06-19,0.3388,0.0021,,0.1
88a8acb817fffff,2026-07-29,0.3469,-0.0092,,0.0
88a8acb817fffff,2026-08-18,0.3062,0.0443,,0.0
88a8acb819fffff,2026-03-28,0.4992,-0.1665,,3.8
88a8acb819fffff,2026-04-17,0.5176,-0.193,,0.1
88a8acb819fffff,2026-05-05,0.5129,-0.1803,,1.6
88a8acb819fffff,2026-06-19,0.4063,-0.0826,,0.1
88a8acb819fffff,2026-07-29,0.3199,0.0034,,0.0
88a8acb819fffff,2026-08-18,0.3279,0.0223,,0.0
88a8acb81bfffff,2026-03-28,0.5183,-0.1814,,2.4
88a8acb81bfffff,2026-04-17,0.4685,-0.1325,,0.1
88a8acb81bfffff,2026-05-05,0.4613,-0.121,,0.2
88a8acb81bfffff,2026-06-19,0.4029,-0.0859,,0.1
88a8acb81bfffff,2026-07-29,0.3502,-0.027,,0.0
88a8acb81bfffff,2026-08-18,0.3337,0.0085,,0.0
88a8acb81dfffff,2026-03-28,0.5004,-0.192,,3.8
88a8acb81dfffff,2026-04-17,0.5722,-0.2674,,0.1
88a8acb81dfffff,2026-05-05,0.5465,-0.2398,,1.6
88a8acb81dfffff,2026-06-19,0.1592,0.0972,,0.1
88a8acb81dfffff,2026-07-29,0.1779,0.1095,,0.0
88a8acb81dfffff,2026-08-18,0.2105,0.0843,,0.0
88a8acb833fffff,2026-03-28,0.4563,-0.0999,,3.8
88a8acb833fffff,2026-04-17,0.3806,-0.0349,,0.1
88a8acb833fffff,2026-05-05,0.3694,-0.0035,,1.6
88a8acb833fffff,2026-06-19,0.3572,-0.0329,,0.1
88a8acb833fffff,2026-07-29,0.3315,-0.0019,,0.0
88a8acb833fffff,2026-08-18,0.2569,0.0868,,0.0
88a8acb839fffff,2026-03-28,0.3545,0.002,,3.8
88a8acb839fffff,2026-04-17,0.4478,-0.1006,,0.1
88a8acb839fffff,2026-05-05,0.4479,-0.1106,,1.6
88a8acb839fffff,2026-06-19,0.316,0.0124,,0.1
88a8acb839fffff,2026-07-29,0.327,0.0128,,0.0
88a8acb839fffff,2026-08-18,0.3049,0.0466,,0.0
88a8acb83bfffff,2026-03-28,0.2342,0.1178,,3.8
88a8acb83bfffff,2026-04-17,0.1689,0.1594,,0.1
88a8acb83bfffff,2026-05-05,0.1729,0.1498,,1.6
88a8acb83bfffff,2026-06-19,0.3546,-0.017,,0.1
88a8acb83bfffff,2026-07-29,0.4393,-0.1257,,0.0
88a8acb83bfffff,2026-08-18,0.3279,0.0076,,0.0
88a8acb84bfffff,2026-03-28,0.5038,-0.1731,,3.8
88a8acb84bfffff,2026-04-17,0.4888,-0.1605,,0.1
88a8acb84bfffff,2026-05-05,0.4615,-0.1208,,1.6
88a8acb84bfffff,2026-06-19,0.4099,-0.0904,,0.1
88a8acb84bfffff,2026-07-29,0.3396,-0.0041,,0.0
88a8acb84bfffff,2026-08-18,0.3585,-0.01,,0.0
88a8acb851fffff,2026-03-28,0.4676,-0.1315,,3.8
88a8acb851fffff,2026-04-17,0.466,-0.1372,,0.1
88a8acb851fffff,2026-05-05,0.4321,-0.0959,,1.6
88a8acb851fffff,2026-06-19,0.3598,-0.0455,,0.1
88a8acb851fffff,2026-07-29,0.3283,-0.0194,,0.0
88a8acb851fffff,2026-08-18,0.3549,-0.0322,,0.0
88a8acb853fffff,2026-03-28,0.5008,-0.1635,,3.8
88a8acb853fffff,2026-04-17,0.493,-0.1636,,0.1
88a8acb853fffff,2026-05-05,0.4658,-0.1308,,1.6
88a8acb853fffff,2026-06-19,0.4063,-0.0846,,0.1
88a8acb853fffff,2026-07-29,0.3537,-0.0273,,0.0
88a8acb853fffff,2026-08-18,0.375,-0.029,,0.0
88a8acb855fffff,2026-03-28,0.5063,-0.1767,,3.8
88a8acb855fffff,2026-04-17,0.5071,-0.188,,0.1
88a8acb855fffff,2026-05-05,0.4842,-0.1629,,1.6
88a8acb855fffff,2026-06-19,0.4323,-0.1226,,0.1
88a8acb855fffff,2026-07-29,0.3992,-0.075,,0.0
88a8acb855fffff,2026-08-18,0.4052,-0.0695,,0.0
88a8acb857fffff,2026-03-28,0.5136,-0.1963,,3.8
88a8acb857fffff,2026-04-17,0.5233,-0.1971,,0.1
88a8acb857fffff,2026-05-05,0.502,-0.1712,,1.6
88a8acb857fffff,2026-06-19,0.4468,-0.1272,,0.1
88a8acb857fffff,2026-07-29,0.3813,-0.0432,,0.0
88a8acb857fffff,2026-08-18,0.4022,-0.0495,,0.0
88a8acb859fffff,2026-03-28,0.2725,0.0244,,3.8
88a8acb859fffff,2026-04-17,0.3224,0.0111,,0.1
88a8acb859fffff,2026-05-05,0.3467,-0.008,,1.6
88a8acb859fffff,2026-06-19,0.4093,-0.1139,,0.1
88a8acb859fffff,2026-07-29,0.4459,-0.1636,,0.0
88a8acb859fffff,2026-08-18,0.4089,-0.1107,,0.0
88a8acb85bfffff,2026-03-28,0.5572,-0.2242,,2.4
88a8acb85bfffff,2026-04-17,0.4242,-0.0921,,0.1
88a8acb85bfffff,2026-05-05,0.5323,-0.1769,,0.2
88a8acb85bfffff,2026-06-19,0.3602,-0.0551,,0.1
88a8acb85bfffff,2026-07-29,0.3204,-0.0218,,0.0
88a8acb85bfffff,2026-08-18,0.3691,-0.0611,,0.0
88a8acb85dfffff,2026-03-28,0.4943,-0.1602,,3.8
88a8acb85dfffff,2026-04-17,0.4817,-0.1476,,0.1
88a8acb85dfffff,2026-05-05,0.4483,-0.1141,,1.6
88a8acb85dfffff,2026-06-19,0.4229,-0.1156,,0.1
88a8acb85dfffff,2026-07-29,0.3802,-0.0617,,0.0
88a8acb85dfffff,2026-08-18,0.3851,-0.0497,,0.0
88a8acb881fffff,2026-03-28,0.4428,-0.1125,,2.4
88a8acb881fffff,2026-04-17,0.4296,-0.1115,,0.1
88a8acb881fffff,2026-05-05,0.4123,-0.0842,,0.2
88a8acb881fffff,2026-06-19,0.3493,-0.0482,,0.1
88a8acb881fffff,2026-07-29,0.2912,0.0035,,0.0
88a8acb881fffff,2026-08-18,0.3047,0.0108,,0.0
88a8acb883fffff,2026-03-28,0.3918,-0.0786,,2.4
88a8acb883fffff,2026-04-17,0.3847,-0.07,,0.1
88a8acb883fffff,2026-05-05,0.3605,-0.0365,,0.2
88a8acb883fffff,2026-06-19,0.3199,-0.0218,,0.1
88a8acb883fffff,2026-07-29,0.3015,-0.0041,,0.0
88a8acb883fffff,2026-08-18,0.3025,0.0038,,0.0
88a8acb885fffff,2026-03-28,0.4005,-0.0657,,2.4
88a8acb885fffff,2026-04-17,0.4187,-0.0947,,0.1
88a8acb885fffff,2026-05-05,0.2605,-0.0098,,0.2
88a8acb885fffff,2026-06-19,0.3584,-0.055,,0.1
88a8acb885fffff,2026-07-29,0.3183,-0.0108,,0.0
88a8acb885fffff,2026-08-18,0.3213,0.0038,,0.0
88a8acb887fffff,2026-03-28,0.3911,-0.0622,,2.4
88a8acb887fffff,2026-04-17,0.3526,-0.0495,,0.1
88a8acb887fffff,2026-05-05,0.3284,-0.0209,,0.2
88a8acb887fffff,2026-06-19,0.2968,-0.0006,,0.1
88a8acb887fffff,2026-07-29,0.2505,0.0453,,0.0
88a8acb887fffff,2026-08-18,0.2476,0.0514,,0.0
88a8acb889fffff,2026-03-28,0.4242,-0.0925,,2.4
88a8acb889fffff,2026-04-17,0.4082,-0.086,,0.1
88a8acb889fffff,2026-05-05,0.3941,-0.0724,,0.2
88a8acb889fffff,2026-06-19,0.3569,-0.0556,,0.1
88a8acb889fffff,2026-07-29,0.3126,-0.0109,,0.0
88a8acb889fffff,2026-08-18,0.3192,-0.0034,,0.0
88a8acb88bfffff,2026-03-28,0.4728,-0.1395,,2.4
88a8acb88bfffff,2026-04-17,0.4481,-0.1292,,0.1
88a8acb88bfffff,2026-05-05,0.4323,-0.1032,,0.2
88a8acb88bfffff,2026-06-19,0.3636,-0.0511,,0.1
88a8acb88bfffff,2026-07-29,0.3179,0.0034,,0.0
88a8acb88bfffff,2026-08-18,0.3301,0.0091,,0.0
88a8acb88dfffff,2026-03-28,0.4545,-0.123,,2.4
88a8acb88dfffff,2026-04-17,0.2077,0.0785,,0.1
88a8acb88dfffff,2026-05-05,0.2691,0.0326,,0.2
88a8acb88dfffff,2026-06-19,0.3766,-0.0634,,0.1
88a8acb88dfffff,2026-07-29,0.4052,-0.0998,,0.0
88a8acb88dfffff,2026-08-18,0.3959,-0.08,,0.0
88a8acb891fffff,2026-03-28,0.4915,-0.1449,,2.4
88a8acb891fffff,2026-04-17,0.4674,-0.1361,,0.1
88a8acb891fffff,2026-05-05,0.4307,-0.0815,,0.2
88a8acb891fffff,2026-06-19,0.3578,-0.038,,0.1
88a8acb891fffff,2026-07-29,0.3225,0.0125,,0.0
88a8acb891fffff,2026-08-18,0.3373,0.0213,,0.0
88a8acb893fffff,2026-03-28,0.4813,-0.1377,,2.4
88a8acb893fffff,2026-04-17,0.4698,-0.1365,,0.1
88a8acb893fffff,2026-05-05,0.4494,-0.084,,0.2
88a8acb893fffff,2026-06-19,0.4044,-0.0614,,0.1
88a8acb893fffff,2026-07-29,0.3503,-0.0034,,0.0
88a8acb893fffff,2026-08-18,0.3499,0.015,,0.0
88a8acb895fffff,2026-03-28,0.3216,0.0017,,2.4
88a8acb895fffff,2026-04-17,0.3032,0.0123,,0.1
88a8acb895fffff,2026-05-05,0.2721,0.0428,,0.2
88a8acb895fffff,2026-06-19,0.3108,-0.0059,,0.1
88a8acb895fffff,2026-07-29,0.3297,-0.0209,,0.0
88a8acb895fffff,2026-08-18,0.329,-0.0107,,0.0
88a8acb897fffff,2026-03-28,0.4006,-0.0678,,2.4
88a8acb897fffff,2026-04-17,0.3901,-0.0698,,0.1
88a8acb897fffff,2026-05-05,0.3708,-0.0341,,0.2
88a8acb897fffff,2026-06-19,0.3159,0.0054,,0.1
88a8acb897fffff,2026-07-29,0.2643,0.056,,0.0
88a8acb897fffff,2026-08-18,0.2666,0.0648,,0.0
88a8acb899fffff,2026-03-28,0.4601,-0.1297,,2.4
88a8acb899fffff,2026-04-17,0.4345,-0.1146,,0.1
88a8acb899fffff,2026-05-05,0.4113,-0.0731,,0.2
88a8acb899fffff,2026-06-19,0.3593,-0.05,,0.1
88a8acb899fffff,2026-07-29,0.2974,0.0191,,0.0
88a8acb899fffff,2026-08-18,0.3076,0.0251,,0.0
88a8acb89bfffff,2026-03-28,0.4839,-0.1264,,2.4
88a8acb89bfffff,2026-04-17,0.4662,-0.1149,,0.1
88a8acb89bfffff,2026-05-05,0.4381,-0.0721,,0.2
88a8acb89bfffff,2026-06-19,0.3722,-0.0348,,0.1
88a8acb89bfffff,2026-07-29,0.3318,0.0121,,0.0
88a8acb89bfffff,2026-08-18,0.3447,0.0161,,0.0
88a8acb89dfffff,2026-03-28,0.4689,-0.1396,,2.4
88a8acb89dfffff,2026-04-17,0.4484,-0.1331,,0.1
88a8acb89dfffff,2026-05-05,0.4294,-0.1026,,0.2
88a8acb89dfffff,2026-06-19,0.3643,-0.0549,,0.1
88a8acb89dfffff,2026-07-29,0.3289,-0.0067,,0.0
88a8acb89dfffff,2026-08-18,0.3405,-0.0034,,0.0
88a8acb8a1fffff,2026-03-28,0.2025,0.0703,,3.8
88a8acb8a1fffff,2026-04-17,0.2995,0.02,,0.1
88a8acb8a1fffff,2026-05-05,0.2933,0.02,,1.6
88a8acb8a1fffff,2026-06-19,0.2902,-0.0079,,0.1
88a8acb8a1fffff,2026-07-29,0.2576,0.027,,0.0
88a8acb8a1fffff,2026-08-18,0.221,0.0686,,0.0
88a8acb8a3fffff,2026-03-28,0.3296,-0.0215,,3.8
88a8acb8a3fffff,2026-04-17,0.3335,-0.0208,,0.1
88a8acb8a3fffff,2026-05-05,0.3265,-0.0064,,1.6
88a8acb8a3fffff,2026-06-19,0.2761,0.0111,,0.1
88a8acb8a3fffff,2026-07-29,0.222,0.0525,,0.0
88a8acb8a3fffff,2026-08-18,0.2204,0.057,,0.0
88a8acb8a5fffff,2026-03-28,0.3884,-0.0591,,3.8
88a8acb8a5fffff,2026-04-17,0.3842,-0.061,,0.1
88a8acb8a5fffff,2026-05-05,0.344,-0.0151,,1.6
88a8acb8a5fffff,2026-06-19,0.325,-0.0174,,0.1
88a8acb8a5fffff,2026-07-29,0.3159,0.0056,,0.0
88a8acb8a5fffff,2026-08-18,0.3204,0.0129,,0.0
88a8acb8a7fffff,2026-03-28,0.2868,-0.0004,,3.8
88a8acb8a7fffff,2026-04-17,0.2886,-0.0053,,0.1
88a8acb8a7fffff,2026-05-05,0.2727,0.0161,,1.6
88a8acb8a7fffff,2026-06-19,0.2419,0.0263,,0.1
88a8acb8a7fffff,2026-07-29,0.2134,0.0547,,0.0
88a8acb8a7fffff,2026-08-18,0.2197,0.0557,,0.0
88a8acb8a9fffff,2026-03-28,0.4361,-0.1006,,3.8
88a8acb8a9fffff,2026-04-17,0.4152,-0.0938,,0.1
88a8acb8a9fffff,2026-05-05,0.3598,-0.027,,1.6
88a8acb8a9fffff,2026-06-19,0.349,-0.0454,,0.1
88a8acb8a9fffff,2026-07-29,0.3193,-0.004,,0.0
88a8acb8a9fffff,2026-08-18,0.3071,0.0271,,0.0
88a8acb8abfffff,2026-03-28,0.392,-0.0579,,2.4
88a8acb8abfffff,2026-04-17,0.389,-0.0629,,0.1
88a8acb8abfffff,2026-05-05,0.3535,-0.0216,,0.2
88a8acb8abfffff,2026-06-19,0.3364,-0.0126,,0.1
88a8acb8abfffff,2026-07-29,0.2979,0.028,,0.0
88a8acb8abfffff,2026-08-18,0.3008,0.0443,,0.0
88a8acb8adfffff,2026-03-28,0.346,-0.0183,,3.8
88a8acb8adfffff,2026-04-17,0.357,-0.0253,,0.1
88a8acb8adfffff,2026-05-05,0.2883,0.0499,,1.6
88a8acb8adfffff,2026-06-19,0.2631,0.0278,,0.1
88a8acb8adfffff,2026-07-29,0.2971,0.0121,,0.0
88a8acb8adfffff,2026-08-18,0.3386,-0.0137,,0.0
88a8acb8b1fffff,2026-03-28,0.2514,-0.0014,,2.4
88a8acb8b1fffff,2026-04-17,0.2538,-0.0164,,0.1
88a8acb8b1fffff,2026-05-05,0.2292,0.0087,,0.2
88a8acb8b1fffff,2026-06-19,0.2075,0.0168,,0.1
88a8acb8b1fffff,2026-07-29,0.1784,0.0575,,0.0
88a8acb8b1fffff,2026-08-18,0.1787,0.0647,,0.0
88a8acb8b3fffff,2026-03-28,0.4679,-0.124,,2.4
88a8acb8b3fffff,2026-04-17,0.4504,-0.1209,,0.1
88a8acb8b3fffff,2026-05-05,0.4259,-0.0814,,0.2
88a8acb8b3fffff,2026-06-19,0.3531,-0.0246,,0.1
88a8acb8b3fffff,2026-07-29,0.3025,0.0359,,0.0
88a8acb8b3fffff,2026-08-18,0.3065,0.0474,,0.0
88a8acb8b5fffff,2026-03-28,0.1962,0.0199,,2.4
88a8acb8b5fffff,2026-04-17,0.3804,-0.0643,,0.1
88a8acb8b5fffff,2026-05-05,0.1953,0.0242,,0.2
88a8acb8b5fffff,2026-06-19,0.3272,-0.0313,,0.1
88a8acb8b5fffff,2026-07-29,0.2852,0.0126,,0.0
88a8acb8b5fffff,2026-08-18,0.2871,0.0192,,0.0
88a8acb8b7fffff,2026-03-28,0.4303,-0.0878,,2.4
88a8acb8b7fffff,2026-04-17,0.4348,-0.1006,,0.1
88a8acb8b7fffff,2026-05-05,0.433,-0.0848,,0.2
88a8acb8b7fffff,2026-06-19,0.3881,-0.0595,,0.1
88a8acb8b7fffff,2026-07-29,0.321,0.0058,,0.0
88a8acb8b7fffff,2026-08-18,0.3249,0.0181,,0.0
88a8acb8b9fffff,2026-03-28,0.2596,0.0207,,2.4
88a8acb8b9fffff,2026-04-17,0.2612,0.0123,,0.1
88a8acb8b9fffff,2026-05-05,0.2104,0.0404,,0.2
88a8acb8b9fffff,2026-06-19,0.2479,0.0282,,0.1
88a8acb8b9fffff,2026-07-29,0.2267,0.0507,,0.0
88a8acb8b9fffff,2026-08-18,0.2432,0.0512,,0.0
88a8acb8bbfffff,2026-03-28,0.392,-0.0808,,2.4
88a8acb8bbfffff,2026-04-17,0.3799,-0.0775,,0.1
88a8acb8bbfffff,2026-05-05,0.3582,-0.0314,,0.2
88a8acb8bbfffff,2026-06-19,0.3079,-0.0083,,0.1
88a8acb8bbfffff,2026-07-29,0.2765,0.0282,,0.0
88a8acb8bbfffff,2026-08-18,0.2803,0.0393,,0.0
88a8acb8bdfffff,2026-03-28,0.2078,0.016,,2.4
88a8acb8bdfffff,2026-04-17,0.235,-0.0017,,0.1
88a8acb8bdfffff,2026-05-05,0.1806,0.0333,,0.2
88a8acb8bdfffff,2026-06-19,0.1834,0.0264,,0.1
88a8acb8bdfffff,2026-07-29,0.1483,0.0553,,0.0
88a8acb8bdfffff,2026-08-18,0.1531,0.0605,,0.0
88a8acb8c1fffff,2026-03-28,0.3102,-0.0505,,2.4
88a8acb8c1fffff,2026-04-17,0.3131,-0.0502,,0.1
88a8acb8c1fffff,2026-05-05,0.2678,-0.0111,,0.2
88a8acb8c1fffff,2026-06-19,0.2558,-0.0115,,0.1
88a8acb8c1fffff,2026-07-29,0.2257,0.0178,,0.0
88a8acb8c1fffff,2026-08-18,0.2147,0.0274,,0.0
88a8acb8c3fffff,2026-03-28,0.3673,-0.0658,,2.4
88a8acb8c3fffff,2026-04-17,0.3748,-0.0778,,0.1
88a8acb8c3fffff,2026-05-05,0.3511,-0.0522,,0.2
88a8acb8c3fffff,2026-06-19,0.3033,-0.0291,,0.1
88a8acb8c3fffff,2026-07-29,0.273,0.0075,,0.0
88a8acb8c3fffff,2026-08-18,0.266,0.0187,,0.0
88a8acb8c5fffff,2026-03-28,0.4203,-0.0914,,2.4
88a8acb8c5fffff,2026-04-17,0.342,-0.0358,,0.1
88a8acb8c5fffff,2026-05-05,0.3729,-0.061,,0.2
88a8acb8c5fffff,2026-06-19,0.3099,-0.0164,,0.1
88a8acb8c5fffff,2026-07-29,0.3449,-0.0375,,0.0
88a8acb8c5fffff,2026-08-18,0.3725,-0.0445,,0.0
88a8acb8c7fffff,2026-03-28,0.4262,-0.0988,,2.4
88a8acb8c7fffff,2026-04-17,0.356,-0.0521,,0.1
88a8acb8c7fffff,2026-05-05,0.3291,-0.025,,0.2
88a8acb8c7fffff,2026-06-19,0.2925,-0.0122,,0.1
88a8acb8c7fffff,2026-07-29,0.3198,-0.0141,,0.0
88a8acb8c7fffff,2026-08-18,0.3547,-0.0246,,0.0
88a8acb8c9fffff,2026-03-28,0.2125,0.0039,,2.4
88a8acb8c9fffff,2026-04-17,0.3818,-0.0624,,0.1
88a8acb8c9fffff,2026-05-05,0.4193,-0.1041,,0.2
88a8acb8c9fffff,2026-06-19,0.3516,-0.0638,,0.1
88a8acb8c9fffff,2026-07-29,0.3022,-0.0201,,0.0
88a8acb8c9fffff,2026-08-18,0.1363,0.0407,,0.0
88a8acb8cbfffff,2026-03-28,0.4074,-0.0709,,2.4
88a8acb8cbfffff,2026-04-17,0.4296,-0.0971,,0.1
88a8acb8cbfffff,2026-05-05,0.3943,-0.0593,,0.2
88a8acb8cbfffff,2026-06-19,0.3563,-0.0385,,0.1
88a8acb8cbfffff,2026-07-29,0.2847,0.0219,,0.0
88a8acb8cbfffff,2026-08-18,0.3067,0.0176,,0.0
88a8acb8cdfffff,2026-03-28,0.2285,0.0435,,2.4
88a8acb8cdfffff,2026-04-17,0.351,-0.0217,,0.1
88a8acb8cdfffff,2026-05-05,0.3717,-0.0355,,0.2
88a8acb8cdfffff,2026-06-19,0.3135,-0.008,,0.1
88a8acb8cdfffff,2026-07-29,0.2566,0.0419,,0.0
88a8acb8cdfffff,2026-08-18,0.1787,0.0778,,0.0
88a8acb8d1fffff,2026-03-28,0.5179,-0.1979,,2.4
88a8acb8d1fffff,2026-04-17,0.4957,-0.183,,0.1
88a8acb8d1fffff,2026-05-05,0.4681,-0.1286,,0.2
88a8acb8d1fffff,2026-06-19,0.4254,-0.1005,,0.1
88a8acb8d1fffff,2026-07-29,0.3483,-0.0096,,0.0
88a8acb8d1fffff,2026-08-18,0.38,-0.022,,0.0
88a8acb8d3fffff,2026-03-28,0.5087,-0.1685,,2.4
88a8acb8d3fffff,2026-04-17,0.4834,-0.1413,,0.1
88a8acb8d3fffff,2026-05-05,0.4447,-0.0821,,0.2
88a8acb8d3fffff,2026-06-19,0.3529,-0.0064,,0.1
88a8acb8d3fffff,2026-07-29,0.2795,0.063,,0.0
88a8acb8d3fffff,2026-08-18,0.3113,0.0568,,0.0
88a8acb8d5fffff,2026-03-28,0.4897,-0.1634,,2.4
88a8acb8d5fffff,2026-04-17,0.4698,-0.1542,,0.1
88a8acb8d5fffff,2026-05-05,0.4446,-0.1024,,0.2
88a8acb8d5fffff,2026-06-19,0.3744,-0.052,,0.1
88a8acb8d5fffff,2026-07-29,0.317,0.0187,,0.0
88a8acb8d5fffff,2026-08-18,0.3317,0.0244,,0.0
88a8acb8d7fffff,2026-03-28,0.4583,-0.1438,,2.4
88a8acb8d7fffff,2026-04-17,0.4424,-0.1304,,0.1
88a8acb8d7fffff,2026-05-05,0.4262,-0.0924,,0.2
88a8acb8d7fffff,2026-06-19,0.3758,-0.0534,,0.1
88a8acb8d7fffff,2026-07-29,0.306,0.0258,,0.0
88a8acb8d7fffff,2026-08-18,0.3112,0.0336,,0.0
88a8acb8d9fffff,2026-03-28,0.3397,-0.0279,,2.4
88a8acb8d9fffff,2026-04-17,0.3334,-0.0246,,0.1
88a8acb8d9fffff,2026-05-05,0.3057,0.0026,,0.2
88a8acb8d9fffff,2026-06-19,0.2847,0.0331,,0.1
88a8acb8d9fffff,2026-07-29,0.2311,0.0744,,0.0
88a8acb8d9fffff,2026-08-18,0.2332,0.082,,0.0
88a8acb8dbfffff,2026-03-28,0.4581,-0.1101,,2.4
88a8acb8dbfffff,2026-04-17,0.4477,-0.104,,0.1
88a8acb8dbfffff,2026-05-05,0.3977,-0.0601,,0.2
88a8acb8dbfffff,2026-06-19,0.3404,-0.0112,,0.1
88a8acb8dbfffff,2026-07-29,0.2842,0.0494,,0.0
88a8acb8dbfffff,2026-08-18,0.2921,0.0523,,0.0
88a8acb8ddfffff,2026-03-28,0.531,-0.1942,,2.4
88a8acb8ddfffff,2026-04-17,0.5046,-0.1697,,0.1
88a8acb8ddfffff,2026-05-05,0.4741,-0.1215,,0.2
88a8acb8ddfffff,2026-06-19,0.4082,-0.0711,,0.1
88a8acb8ddfffff,2026-07-29,0.3446,0.006,,0.0
88a8acb8ddfffff,2026-08-18,0.3785,-0.008,,0.0
88a8acb8e1fffff,2026-03-28,0.2786,0.0565,,3.8
88a8acb8e1fffff,2026-04-17,0.2098,0.1043,,0.1
88a8acb8e1fffff,2026-05-05,0.2495,0.0811,,1.6
88a8acb8e1fffff,2026-06-19,0.3319,-0.0414,,0.1
88a8acb8e1fffff,2026-07-29,0.3773,-0.0799,,0.0
88a8acb8e1fffff,2026-08-18,0.4022,-0.1014,,0.0
88a8acb8e3fffff,2026-03-28,0.29,0.025,,3.8
88a8acb8e3fffff,2026-04-17,0.2407,0.0729,,0.1
88a8acb8e3fffff,2026-05-05,0.2854,0.0253,,1.6
88a8acb8e3fffff,2026-06-19,0.3758,-0.072,,0.1
88a8acb8e3fffff,2026-07-29,0.3617,-0.0549,,0.0
88a8acb8e3fffff,2026-08-18,0.3151,0.0113,,0.0
88a8acb8e5fffff,2026-03-28,0.3942,-0.0842,,3.8
88a8acb8e5fffff,2026-04-17,0.3725,-0.0638,,0.1
88a8acb8e5fffff,2026-05-05,0.368,-0.0484,,1.6
88a8acb8e5fffff,2026-06-19,0.4116,-0.1094,,0.1
88a8acb8e5fffff,2026-07-29,0.4085,-0.1083,,0.0
88a8acb8e5fffff,2026-08-18,0.406,-0.0921,,0.0
88a8acb8e7fffff,2026-03-28,0.3867,-0.0681,,3.8
88a8acb8e7fffff,2026-04-17,0.335,-0.0336,,0.1
88a8acb8e7fffff,2026-05-05,0.3171,0.0056,,1.6
88a8acb8e7fffff,2026-06-19,0.4093,-0.1201,,0.1
88a8acb8e7fffff,2026-07-29,0.322,-0.0225,,0.0
88a8acb8e7fffff,2026-08-18,0.3275,-0.0181,,0.0
88a8acb8e9fffff,2026-03-28,0.3774,-0.041,,3.8
88a8acb8e9fffff,2026-04-17,0.2194,0.1224,,0.1
88a8acb8e9fffff,2026-05-05,0.2019,0.1241,,1.6
88a8acb8e9fffff,2026-06-19,0.351,-0.0344,,0.1
88a8acb8e9fffff,2026-07-29,0.4296,-0.1241,,0.0
88a8acb8e9fffff,2026-08-18,0.3697,-0.0528,,0.0
88a8acb8ebfffff,2026-03-28,0.3881,-0.056,,2.4
88a8acb8ebfffff,2026-04-17,0.1983,0.0901,,0.1
88a8acb8ebfffff,2026-05-05,0.1588,0.1971,,0.2
88a8acb8ebfffff,2026-06-19,0.2894,-0.0098,,0.1
88a8acb8ebfffff,2026-07-29,0.3917,-0.1,,0.0
88a8acb8ebfffff,2026-08-18,0.3946,-0.1019,,0.0
88a8acb8edfffff,2026-03-28,0.2466,0.0731,,3.8
88a8acb8edfffff,2026-04-17,0.1717,0.1321,,0.1
88a8acb8edfffff,2026-05-05,0.1648,0.128,,1.6
88a8acb8edfffff,2026-06-19,0.3619,-0.0336,,0.1
88a8acb8edfffff,2026-07-29,0.4387,-0.1288,,0.0
88a8acb8edfffff,2026-08-18,0.3007,0.0122,,0.0
88a8acb99bfffff,2026-03-28,0.436,-0.1061,,3.8
88a8acb99bfffff,2026-04-17,0.4312,-0.1042,,0.1
88a8acb99bfffff,2026-05-05,0.3935,-0.0656,,1.6
88a8acb99bfffff,2026-06-19,0.3439,-0.0312,,0.1
88a8acb99bfffff,2026-07-29,0.3184,0.0033,,0.0
88a8acb99bfffff,2026-08-18,0.3239,0.0078,,0.0
88a8acb9d3fffff,2026-03-28,0.3951,-0.0709,,3.8
88a8acb9d3fffff,2026-04-17,0.4044,-0.0824,,0.1
88a8acb9d3fffff,2026-05-05,0.3874,-0.0529,,1.6
88a8acb9d3fffff,2026-06-19,0.3202,-0.0168,,0.1
88a8acb9d3fffff,2026-07-29,0.2928,0.017,,0.0
88a8acb9d3fffff,2026-08-18,0.3008,0.0199,,0.0
88a8acb9dbfffff,2026-03-28,0.4443,-0.1233,,3.8
88a8acb9dbfffff,2026-04-17,0.4552,-0.1383,,0.1
88a8acb9dbfffff,2026-05-05,0.4358,-0.1141,,1.6
88a8acb9dbfffff,2026-06-19,0.3537,-0.0378,,0.1
88a8acb9dbfffff,2026-07-29,0.3084,-0.0028,,0.0
88a8acb9dbfffff,2026-08-18,0.328,-0.0222,,0.0
88a8acba03fffff,2026-03-28,0.3182,0.0219,,2.4
88a8acba03fffff,2026-04-17,0.4527,-0.1175,,0.1
88a8acba03fffff,2026-05-05,0.3522,-0.0001,,0.2
88a8acba03fffff,2026-06-19,0.3534,-0.0494,,0.1
88a8acba03fffff,2026-07-29,0.3409,-0.0164,,0.0
88a8acba03fffff,2026-08-18,0.3579,-0.0099,,0.0
88a8acba07fffff,2026-03-28,0.4905,-0.143,,3.8
88a8acba07fffff,2026-04-17,0.4729,-0.1318,,0.1
88a8acba07fffff,2026-05-05,0.4282,-0.0804,,1.6
88a8acba07fffff,2026-06-19,0.3705,-0.0549,,0.1
88a8acba07fffff,2026-07-29,0.3592,-0.0206,,0.0
88a8acba07fffff,2026-08-18,0.3714,-0.0162,,0.0
88a8acba0bfffff,2026-03-28,0.4874,-0.1369,,2.4
88a8acba0bfffff,2026-04-17,0.4808,-0.1397,,0.1
88a8acba0bfffff,2026-05-05,0.4376,-0.0814,,0.2
88a8acba0bfffff,2026-06-19,0.3724,-0.0473,,0.1
88a8acba0bfffff,2026-07-29,0.3235,0.0112,,0.0
88a8acba0bfffff,2026-08-18,0.3377,0.0189,,0.0
88a8acba11fffff,2026-03-28,0.3151,-0.0071,,2.4
88a8acba11fffff,2026-04-17,0.1906,0.0285,,0.1
88a8acba11fffff,2026-05-05,0.3225,-0.0459,,0.2
88a8acba11fffff,2026-06-19,0.3741,-0.1221,,0.1
88a8acba11fffff,2026-07-29,0.4174,-0.1361,,0.0
88a8acba11fffff,2026-08-18,0.3903,-0.0809,,0.0
88a8acba13fffff,2026-03-28,0.4174,-0.0926,,2.4
88a8acba13fffff,2026-04-17,0.3874,-0.0688,,0.1
88a8acba13fffff,2026-05-05,0.3547,-0.0388,,0.2
88a8acba13fffff,2026-06-19,0.3114,-0.0267,,0.1
88a8acba13fffff,2026-07-29,0.3055,-0.0032,,0.0
88a8acba13fffff,2026-08-18,0.3297,-0.004,,0.0
88a8acba15fffff,2026-03-28,0.4327,-0.0907,,2.4
88a8acba15fffff,2026-04-17,0.4492,-0.1211,,0.1
88a8acba15fffff,2026-05-05,0.394,-0.0554,,0.2
88a8acba15fffff,2026-06-19,0.4075,-0.1004,,0.1
88a8acba15fffff,2026-07-29,0.3984,-0.0856,,0.0
88a8acba15fffff,2026-08-18,0.3847,-0.0562,,0.0
88a8acba17fffff,2026-03-28,0.4484,-0.1228,,2.4
88a8acba17fffff,2026-04-17,0.436,-0.1125,,0.1
88a8acba17fffff,2026-05-05,0.4088,-0.0898,,0.2
88a8acba17fffff,2026-06-19,0.349,-0.0551,,0.1
88a8acba17fffff,2026-07-29,0.315,-0.0167,,0.0
88a8acba17fffff,2026-08-18,0.3303,-0.0073,,0.0
88a8acba19fffff,2026-03-28,0.4323,-0.0894,,2.4
88a8acba19fffff,2026-04-17,0.4284,-0.091,,0.1
88a8acba19fffff,2026-05-05,0.3883,-0.0594,,0.2
88a8acba19fffff,2026-06-19,0.3823,-0.0929,,0.1
88a8acba19fffff,2026-07-29,0.3353,-0.0272,,0.0
88a8acba19fffff,2026-08-18,0.3191,0.0055,,0.0
88a8acba1bfffff,2026-03-28,0.4468,-0.118,,2.4
88a8acba1bfffff,2026-04-17,0.4321,-0.1076,,0.1
88a8acba1bfffff,2026-05-05,0.404,-0.0723,,0.2
88a8acba1bfffff,2026-06-19,0.3683,-0.0787,,0.1
88a8acba1bfffff,2026-07-29,0.347,-0.0296,,0.0
88a8acba1bfffff,2026-08-18,0.3686,-0.0349,,0.0
88a8acba1dfffff,2026-03-28,0.445,-0.1135,,2.4
88a8acba1dfffff,2026-04-17,0.43,-0.1052,,0.1
88a8acba1dfffff,2026-05-05,0.3681,-0.0613,,0.2
88a8acba1dfffff,2026-06-19,0.3777,-0.0914,,0.1
88a8acba1dfffff,2026-07-29,0.3823,-0.0802,,0.0
88a8acba1dfffff,2026-08-18,0.3192,0.0007,,0.0
88a8acba23fffff,2026-03-28,0.5269,-0.1977,,3.8
88a8acba23fffff,2026-04-17,0.514,-0.1925,,0.1
88a8acba23fffff,2026-05-05,0.482,-0.1488,,1.6
88a8acba23fffff,2026-06-19,0.4297,-0.1025,,0.1
88a8acba23fffff,2026-07-29,0.3341,-0.0008,,0.0
88a8acba23fffff,2026-08-18,0.3627,-0.0041,,0.0
88a8acba2bfffff,2026-03-28,0.5366,-0.2153,,3.8
88a8acba2bfffff,2026-04-17,0.5221,-0.2109,,0.1
88a8acba2bfffff,2026-05-05,0.4884,-0.1696,,1.6
88a8acba2bfffff,2026-06-19,0.4352,-0.1283,,0.1
88a8acba2bfffff,2026-07-29,0.3516,-0.028,,0.0
88a8acba2bfffff,2026-08-18,0.3817,-0.0447,,0.0
88a8acba31fffff,2026-03-28,0.3881,-0.0696,,3.8
88a8acba31fffff,2026-04-17,0.4115,-0.0627,,0.1
88a8acba31fffff,2026-05-05,0.3807,-0.0292,,1.6
88a8acba31fffff,2026-06-19,0.3536,-0.031,,0.1
88a8acba31fffff,2026-07-29,0.3157,0.0147,,0.0
88a8acba31fffff,2026-08-18,0.3135,0.0157,,0.0
88a8acba33fffff,2026-03-28,0.3003,0.0259,,3.8
88a8acba33fffff,2026-04-17,0.369,-0.0264,,0.1
88a8acba33fffff,2026-05-05,0.3133,0.0093,,1.6
88a8acba33fffff,2026-06-19,0.3415,-0.0426,,0.1
88a8acba33fffff,2026-07-29,0.3538,-0.0418,,0.0
88a8acba33fffff,2026-08-18,0.3703,-0.0416,,0.0
88a8acba35fffff,2026-03-28,0.4883,-0.1455,,3.8
88a8acba35fffff,2026-04-17,0.4717,-0.1386,,0.1
88a8acba35fffff,2026-05-05,0.4386,-0.0935,,1.6
88a8acba35fffff,2026-06-19,0.3992,-0.0593,,0.1
88a8acba35fffff,2026-07-29,0.3298,0.0187,,0.0
88a8acba35fffff,2026-08-18,0.3434,0.0139,,0.0
88a8acba37fffff,2026-03-28,0.4395,-0.1236,,3.8
88a8acba37fffff,2026-04-17,0.4207,-0.1111,,0.1
88a8acba37fffff,2026-05-05,0.3758,-0.063,,1.6
88a8acba37fffff,2026-06-19,0.3935,-0.0829,,0.1
88a8acba37fffff,2026-07-29,0.3112,-0.0058,,0.0
88a8acba37fffff,2026-08-18,0.32,0.0022,,0.0
88a8acba39fffff,2026-03-28,0.415,-0.1033,,3.8
88a8acba39fffff,2026-04-17,0.426,-0.1183,,0.1
88a8acba39fffff,2026-05-05,0.4132,-0.092,,1.6
88a8acba39fffff,2026-06-19,0.3558,-0.0502,,0.1
88a8acba39fffff,2026-07-29,0.3625,-0.0467,,0.0
88a8acba39fffff,2026-08-18,0.3784,-0.0533,,0.0
88a8acba3bfffff,2026-03-28,0.4373,-0.1219,,2.4
88a8acba3bfffff,2026-04-17,0.4242,-0.098,,0.1
88a8acba3bfffff,2026-05-05,0.3794,-0.0646,,0.2
88a8acba3bfffff,2026-06-19,0.3509,-0.0626,,0.1
88a8acba3bfffff,2026-07-29,0.3124,-0.0066,,0.0
88a8acba3bfffff,2026-08-18,0.3322,-0.018,,0.0
88a8acba3dfffff,2026-03-28,0.4924,-0.1615,,3.8
88a8acba3dfffff,2026-04-17,0.4784,-0.1593,,0.1
88a8acba3dfffff,2026-05-05,0.4551,-0.1333,,1.6
88a8acba3dfffff,2026-06-19,0.4316,-0.1307,,0.1
88a8acba3dfffff,2026-07-29,0.3738,-0.0535,,0.0
88a8acba3dfffff,2026-08-18,0.3788,-0.0435,,0.0
88a8acba51fffff,2026-03-28,0.5181,-0.1653,,2.4
88a8acba51fffff,2026-04-17,0.5003,-0.1571,,0.1
88a8acba51fffff,2026-05-05,0.465,-0.1033,,0.2
88a8acba51fffff,2026-06-19,0.4107,-0.0761,,0.1
88a8acba51fffff,2026-07-29,0.3588,-0.0157,,0.0
88a8acba51fffff,2026-08-18,0.3921,-0.032,,0.0
88a8acba53fffff,2026-03-28,0.4782,-0.1351,,2.4
88a8acba53fffff,2026-04-17,0.4736,-0.1374,,0.1
88a8acba53fffff,2026-05-05,0.4311,-0.0907,,0.2
88a8acba53fffff,2026-06-19,0.3774,-0.0645,,0.1
88a8acba53fffff,2026-07-29,0.3279,-0.0055,,0.0
88a8acba53fffff,2026-08-18,0.3387,-0.0048,,0.0
88a8acba57fffff,2026-03-28,0.4986,-0.1657,,2.4
88a8acba57fffff,2026-04-17,0.4934,-0.1693,,0.1
88a8acba57fffff,2026-05-05,0.4342,-0.1095,,0.2
88a8acba57fffff,2026-06-19,0.388,-0.0802,,0.1
88a8acba57fffff,2026-07-29,0.3284,-0.009,,0.0
88a8acba57fffff,2026-08-18,0.3423,-0.0028,,0.0
88a8acba5bfffff,2026-03-28,0.4809,-0.1301,,2.4
88a8acba5bfffff,2026-04-17,0.47,-0.1237,,0.1
88a8acba5bfffff,2026-05-05,0.4319,-0.0817,,0.2
88a8acba5bfffff,2026-06-19,0.374,-0.0457,,0.1
88a8acba5bfffff,2026-07-29,0.3236,0.015,,0.0
88a8acba5bfffff,2026-08-18,0.3397,0.0141,,0.0
88a8acba81fffff,2026-03-28,0.4918,-0.1624,,2.4
88a8acba81fffff,2026-04-17,0.4815,-0.1593,,0.1
88a8acba81fffff,2026-05-05,0.4554,-0.1296,,0.2
88a8acba81fffff,2026-06-19,0.3986,-0.0915,,0.1
88a8acba81fffff,2026-07-29,0.3185,-0.0042,,0.0
88a8acba81fffff,2026-08-18,0.3253,0.0109,,0.0
88a8acba83fffff,2026-03-28,0.4817,-0.1544,,2.4
88a8acba83fffff,2026-04-17,0.4616,-0.1433,,0.1
88a8acba83fffff,2026-05-05,0.4248,-0.0989,,0.2
88a8acba83fffff,2026-06-19,0.376,-0.0656,,0.1
88a8acba83fffff,2026-07-29,0.3087,0.0045,,0.0
88a8acba83fffff,2026-08-18,0.3242,0.0074,,0.0
88a8acba85fffff,2026-03-28,0.4061,-0.1052,,2.4
88a8acba85fffff,2026-04-17,0.3428,-0.0644,,0.1
88a8acba85fffff,2026-05-05,0.3112,-0.0368,,0.2
88a8acba85fffff,2026-06-19,0.302,-0.0396,,0.1
88a8acba85fffff,2026-07-29,0.2623,0.0046,,0.0
88a8acba85fffff,2026-08-18,0.2729,0.0034,,0.0
88a8acba87fffff,2026-03-28,0.3929,-0.0872,,2.4
88a8acba87fffff,2026-04-17,0.385,-0.0829,,0.1
88a8acba87fffff,2026-05-05,0.3521,-0.0485,,0.2
88a8acba87fffff,2026-06-19,0.3184,-0.0226,,0.1
88a8acba87fffff,2026-07-29,0.277,0.0233,,0.0
88a8acba87fffff,2026-08-18,0.2804,0.0296,,0.0
88a8acba89fffff,2026-03-28,0.4662,-0.1467,,2.4
88a8acba89fffff,2026-04-17,0.4664,-0.1514,,0.1
88a8acba89fffff,2026-05-05,0.4383,-0.1235,,0.2
88a8acba89fffff,2026-06-19,0.3786,-0.0817,,0.1
88a8acba89fffff,2026-07-29,0.2868,0.0082,,0.0
88a8acba89fffff,2026-08-18,0.3005,0.0067,,0.0
88a8acba8bfffff,2026-03-28,0.4885,-0.1571,,2.4
88a8acba8bfffff,2026-04-17,0.5076,-0.1878,,0.1
88a8acba8bfffff,2026-05-05,0.4797,-0.1539,,0.2
88a8acba8bfffff,2026-06-19,0.4132,-0.1112,,0.1
88a8acba8bfffff,2026-07-29,0.2999,0.0197,,0.0
88a8acba8bfffff,2026-08-18,0.3172,0.0232,,0.0
88a8acba8dfffff,2026-03-28,0.3995,-0.0913,,2.4
88a8acba8dfffff,2026-04-17,0.3329,-0.0432,,0.1
88a8acba8dfffff,2026-05-05,0.3145,-0.0203,,0.2
88a8acba8dfffff,2026-06-19,0.3393,-0.0534,,0.1
88a8acba8dfffff,2026-07-29,0.2864,-0.0031,,0.0
88a8acba8dfffff,2026-08-18,0.2934,0.0033,,0.0
88a8acba91fffff,2026-03-28,0.4477,-0.1111,,2.4
88a8acba91fffff,2026-04-17,0.4351,-0.1067,,0.1
88a8acba91fffff,2026-05-05,0.4299,-0.1022,,0.2
88a8acba91fffff,2026-06-19,0.3631,-0.0496,,0.1
88a8acba91fffff,2026-07-29,0.3004,0.0275,,0.0
88a8acba91fffff,2026-08-18,0.3139,0.029,,0.0
88a8acba93fffff,2026-03-28,0.4647,-0.137,,2.4
88a8acba93fffff,2026-04-17,0.4475,-0.127,,0.1
88a8acba93fffff,2026-05-05,0.4149,-0.0903,,0.2
88a8acba93fffff,2026-06-19,0.3465,-0.0437,,0.1
88a8acba93fffff,2026-07-29,0.3061,0.0081,,0.0
88a8acba93fffff,2026-08-18,0.3184,0.0089,,0.0
88a8acba95fffff,2026-03-28,0.4441,-0.1129,,2.4
88a8acba95fffff,2026-04-17,0.4273,-0.1008,,0.1
88a8acba95fffff,2026-05-05,0.3922,-0.0577,,0.2
88a8acba95fffff,2026-06-19,0.3544,-0.0443,,0.1
88a8acba95fffff,2026-07-29,0.2995,0.0128,,0.0
88a8acba95fffff,2026-08-18,0.3101,0.0185,,0.0
88a8acba97fffff,2026-03-28,0.3895,-0.0683,,2.4
88a8acba97fffff,2026-04-17,0.3859,-0.0675,,0.1
88a8acba97fffff,2026-05-05,0.3535,-0.0366,,0.2
88a8acba97fffff,2026-06-19,0.2918,0.0018,,0.1
88a8acba97fffff,2026-07-29,0.2354,0.045,,0.0
88a8acba97fffff,2026-08-18,0.2632,0.0455,,0.0
88a8acba99fffff,2026-03-28,0.5433,-0.2147,,2.4
88a8acba99fffff,2026-04-17,0.5296,-0.2123,,0.1
88a8acba99fffff,2026-05-05,0.5045,-0.1826,,0.2
88a8acba99fffff,2026-06-19,0.4563,-0.1471,,0.1
88a8acba99fffff,2026-07-29,0.4112,-0.0853,,0.0
88a8acba99fffff,2026-08-18,0.4218,-0.0808,,0.0
88a8acba9bfffff,2026-03-28,0.5058,-0.1674,,2.4
88a8acba9bfffff,2026-04-17,0.4873,-0.1592,,0.1
88a8acba9bfffff,2026-05-05,0.4556,-0.1209,,0.2
88a8acba9bfffff,2026-06-19,0.3908,-0.0741,,0.1
88a8acba9bfffff,2026-07-29,0.3389,-0.0126,,0.0
88a8acba9bfffff,2026-08-18,0.3363,0.0029,,0.0
88a8acba9dfffff,2026-03-28,0.4029,-0.0747,,2.4
88a8acba9dfffff,2026-04-17,0.4072,-0.0798,,0.1
88a8acba9dfffff,2026-05-05,0.4434,-0.1198,,0.2
88a8acba9dfffff,2026-06-19,0.3855,-0.084,,0.1
88a8acba9dfffff,2026-07-29,0.2991,0.0151,,0.0
88a8acba9dfffff,2026-08-18,0.2968,0.0279,,0.0
88a8acbaa1fffff,2026-03-28,0.5177,-0.1809,,2.4
88a8acbaa1fffff,2026-04-17,0.5138,-0.1849,,0.1
88a8acbaa1fffff,2026-05-05,0.4829,-0.1542,,0.2
88a8acbaa1fffff,2026-06-19,0.4021,-0.0905,,0.1
88a8acbaa1fffff,2026-07-29,0.3414,-0.0123,,0.0
88a8acbaa1fffff,2026-08-18,0.3281,0.0124,,0.0
88a8acbaa3fffff,2026-03-28,0.5127,-0.1816,,2.4
88a8acbaa3fffff,2026-04-17,0.512,-0.1834,,0.1
88a8acbaa3fffff,2026-05-05,0.4928,-0.1601,,0.2
88a8acbaa3fffff,2026-06-19,0.398,-0.0779,,0.1
88a8acbaa3fffff,2026-07-29,0.3146,0.0199,,0.0
88a8acbaa3fffff,2026-08-18,0.2997,0.0641,,0.0
88a8acbaa5fffff,2026-03-28,0.4925,-0.1504,,2.4
88a8acbaa5fffff,2026-04-17,0.4973,-0.1647,,0.1
88a8acbaa5fffff,2026-05-05,0.4589,-0.115,,0.2
88a8acbaa5fffff,2026-06-19,0.3924,-0.0718,,0.1
88a8acbaa5fffff,2026-07-29,0.3351,-0.0035,,0.0
88a8acbaa5fffff,2026-08-18,0.3376,0.0103,,0.0
88a8acbaa7fffff,2026-03-28,0.3131,0.0145,,2.4
88a8acbaa7fffff,2026-04-17,0.4577,-0.1167,,0.1
88a8acbaa7fffff,2026-05-05,0.4787,-0.134,,0.2
88a8acbaa7fffff,2026-06-19,0.399,-0.079,,0.1
88a8acbaa7fffff,2026-07-29,0.3396,-0.0102,,0.0
88a8acbaa7fffff,2026-08-18,0.1907,0.0949,,0.0
88a8acbaa9fffff,2026-03-28,0.5213,-0.1796,,2.4
88a8acbaa9fffff,2026-04-17,0.5034,-0.171,,0.1
88a8acbaa9fffff,2026-05-05,0.4738,-0.1283,,0.2
88a8acbaa9fffff,2026-06-19,0.4037,-0.0905,,0.1
88a8acbaa9fffff,2026-07-29,0.3424,-0.0147,,0.0
88a8acbaa9fffff,2026-08-18,0.3376,0.0043,,0.0
88a8acbaabfffff,2026-03-28,0.5047,-0.1717,,2.4
88a8acbaabfffff,2026-04-17,0.4946,-0.1674,,0.1
88a8acbaabfffff,2026-05-05,0.4566,-0.1206,,0.2
88a8acbaabfffff,2026-06-19,0.386,-0.0717,,0.1
88a8acbaabfffff,2026-07-29,0.3252,-0.0076,,0.0
88a8acbaabfffff,2026-08-18,0.3378,-0.0054,,0.0
88a8acbaadfffff,2026-03-28,0.5183,-0.1778,,2.4
88a8acbaadfffff,2026-04-17,0.5173,-0.1781,,0.1
88a8acbaadfffff,2026-05-05,0.4847,-0.1385,,0.2
88a8acbaadfffff,2026-06-19,0.3973,-0.0698,,0.1
88a8acbaadfffff,2026-07-29,0.3342,-0.0035,,0.0
88a8acbaadfffff,2026-08-18,0.3389,0.0107,,0.0
88a8acbab1fffff,2026-03-28,0.4124,-0.0787,,2.4
88a8acbab1fffff,2026-04-17,0.4053,-0.0789,,0.1
88a8acbab1fffff,2026-05-05,0.3795,-0.043,,0.2
88a8acbab1fffff,2026-06-19,0.3241,-0.007,,0.1
88a8acbab1fffff,2026-07-29,0.2739,0.0444,,0.0
88a8acbab1fffff,2026-08-18,0.2781,0.0462,,0.0
88a8acbab3fffff,2026-03-28,0.2013,0.04,,2.4
88a8acbab3fffff,2026-04-17,0.1988,0.0424,,0.1
88a8acbab3fffff,2026-05-05,0.1848,0.0535,,0.2
88a8acbab3fffff,2026-06-19,0.1781,0.054,,0.1
88a8acbab3fffff,2026-07-29,0.1618,0.069,,0.0
88a8acbab3fffff,2026-08-18,0.1637,0.073,,0.0
88a8acbab5fffff,2026-03-28,0.4452,-0.1044,,2.4
88a8acbab5fffff,2026-04-17,0.4504,-0.1119,,0.1
88a8acbab5fffff,2026-05-05,0.4181,-0.0679,,0.2
88a8acbab5fffff,2026-06-19,0.3594,-0.0459,,0.1
88a8acbab5fffff,2026-07-29,0.2975,0.0107,,0.0
88a8acbab5fffff,2026-08-18,0.3117,0.0136,,0.0
88a8acbab7fffff,2026-03-28,0.4757,-0.1209,,2.4
88a8acbab7fffff,2026-04-17,0.4772,-0.1293,,0.1
88a8acbab7fffff,2026-05-05,0.4437,-0.0868,,0.2
88a8acbab7fffff,2026-06-19,0.3941,-0.0581,,0.1
88a8acbab7fffff,2026-07-29,0.3203,0.0213,,0.0
88a8acbab7fffff,2026-08-18,0.3444,0.0178,,0.0
88a8acbab9fffff,2026-03-28,0.3987,-0.0615,,2.4
88a8acbab9fffff,2026-04-17,0.3943,-0.0565,,0.1
88a8acbab9fffff,2026-05-05,0.3617,-0.0173,,0.2
88a8acbab9fffff,2026-06-19,0.3319,-0.0083,,0.1
88a8acbab9fffff,2026-07-29,0.3,0.0275,,0.0
88a8acbab9fffff,2026-08-18,0.2916,0.0522,,0.0
88a8acbabbfffff,2026-03-28,0.187,0.0658,,2.4
88a8acbabbfffff,2026-04-17,0.2275,0.047,,0.1
88a8acbabbfffff,2026-05-05,0.2187,0.0609,,0.2
88a8acbabbfffff,2026-06-19,0.2257,0.045,,0.1
88a8acbabbfffff,2026-07-29,0.1944,0.0717,,0.0
88a8acbabbfffff,2026-08-18,0.1873,0.0757,,0.0
88a8acbabdfffff,2026-03-28,0.3708,-0.0921,,2.4
88a8acbabdfffff,2026-04-17,0.3892,-0.09,,0.1
88a8acbabdfffff,2026-05-05,0.3512,-0.0429,,0.2
88a8acbabdfffff,2026-06-19,0.3311,-0.0261,,0.1
88a8acbabdfffff,2026-07-29,0.2807,0.0225,,0.0
88a8acbabdfffff,2026-08-18,0.2829,0.0288,,0.0
88a8acbac1fffff,2026-03-28,0.443,-0.1126,,2.4
88a8acbac1fffff,2026-04-17,0.4009,-0.0834,,0.1
88a8acbac1fffff,2026-05-05,0.3949,-0.0582,,0.2
88a8acbac1fffff,2026-06-19,0.3056,-0.0037,,0.1
88a8acbac1fffff,2026-07-29,0.2664,0.0543,,0.0
88a8acbac1fffff,2026-08-18,0.3058,0.0252,,0.0
88a8acbac3fffff,2026-03-28,0.4331,-0.1114,,2.4
88a8acbac3fffff,2026-04-17,0.4303,-0.1191,,0.1
88a8acbac3fffff,2026-05-05,0.418,-0.1027,,0.2
88a8acbac3fffff,2026-06-19,0.3544,-0.0723,,0.1
88a8acbac3fffff,2026-07-29,0.2975,-0.0114,,0.0
88a8acbac3fffff,2026-08-18,0.3122,-0.0087,,0.0
88a8acbac5fffff,2026-03-28,0.4295,-0.0929,,2.4
88a8acbac5fffff,2026-04-17,0.3869,-0.0738,,0.1
88a8acbac5fffff,2026-05-05,0.3656,-0.0523,,0.2
88a8acbac5fffff,2026-06-19,0.3081,-0.0055,,0.1
88a8acbac5fffff,2026-07-29,0.282,0.0348,,0.0
88a8acbac5fffff,2026-08-18,0.3054,0.021,,0.0
88a8acbac7fffff,2026-03-28,0.4026,-0.0819,,2.4
88a8acbac7fffff,2026-04-17,0.3555,-0.0573,,0.1
88a8acbac7fffff,2026-05-05,0.3722,-0.0506,,0.2
88a8acbac7fffff,2026-06-19,0.304,-0.0135,,0.1
88a8acbac7fffff,2026-07-29,0.2183,0.0437,,0.0
88a8acbac7fffff,2026-08-18,0.2558,0.0338,,0.0
88a8acbac9fffff,2026-03-28,0.4901,-0.1589,,2.4
88a8acbac9fffff,2026-04-17,0.4799,-0.1595,,0.1
88a8acbac9fffff,2026-05-05,0.4658,-0.1439,,0.2
88a8acbac9fffff,2026-06-19,0.4538,-0.1569,,0.1
88a8acbac9fffff,2026-07-29,0.4355,-0.1236,,0.0
88a8acbac9fffff,2026-08-18,0.4393,-0.1197,,0.0
88a8acbacbfffff,2026-03-28,0.4449,-0.1199,,2.4
88a8acbacbfffff,2026-04-17,0.4393,-0.1198,,0.1
88a8acbacbfffff,2026-05-05,0.4099,-0.0856,,0.2
88a8acbacbfffff,2026-06-19,0.3587,-0.0645,,0.1
88a8acbacbfffff,2026-07-29,0.3116,-0.0123,,0.0
88a8acbacbfffff,2026-08-18,0.3113,-0.001,,0.0
88a8acbacdfffff,2026-03-28,0.4859,-0.1508,,2.4
88a8acbacdfffff,2026-04-17,0.4699,-0.142,,0.1
88a8acbacdfffff,2026-05-05,0.4374,-0.1028,,0.2
88a8acbacdfffff,2026-06-19,0.3736,-0.0463,,0.1
88a8acbacdfffff,2026-07-29,0.3146,0.0196,,0.0
88a8acbacdfffff,2026-08-18,0.3302,0.0206,,0.0
88a8acbad1fffff,2026-03-28,0.482,-0.1418,,2.4
88a8acbad1fffff,2026-04-17,0.4633,-0.1313,,0.1
88a8acbad1fffff,2026-05-05,0.432,-0.0937,,0.2
88a8acbad1fffff,2026-06-19,0.3986,-0.0875,,0.1
88a8acbad1fffff,2026-07-29,0.334,-0.0153,,0.0
88a8acbad1fffff,2026-08-18,0.348,-0.0113,,0.0
88a8acbad3fffff,2026-03-28,0.4912,-0.1704,,2.4
88a8acbad3fffff,2026-04-17,0.4922,-0.1708,,0.1
88a8acbad3fffff,2026-05-05,0.4613,-0.1311,,0.2
88a8acbad3fffff,2026-06-19,0.4095,-0.0962,,0.1
88a8acbad3fffff,2026-07-29,0.3484,-0.0239,,0.0
88a8acbad3fffff,2026-08-18,0.3756,-0.0315,,0.0
88a8acbad5fffff,2026-03-28,0.4239,-0.0933,,2.4
88a8acbad5fffff,2026-04-17,0.4633,-0.1363,,0.1
88a8acbad5fffff,2026-05-05,0.4505,-0.1264,,0.2
88a8acbad5fffff,2026-06-19,0.4153,-0.1188,,0.1
88a8acbad5fffff,2026-07-29,0.3325,-0.0309,,0.0
88a8acbad5fffff,2026-08-18,0.311,0.0125,,0.0
88a8acbad7fffff,2026-03-28,0.4812,-0.1432,,2.4
88a8acbad7fffff,2026-04-17,0.4629,-0.137,,0.1
88a8acbad7fffff,2026-05-05,0.4292,-0.0952,,0.2
88a8acbad7fffff,2026-06-19,0.3903,-0.0792,,0.1
88a8acbad7fffff,2026-07-29,0.3376,-0.0202,,0.0
88a8acbad7fffff,2026-08-18,0.3518,-0.0128,,0.0
88a8acbad9fffff,2026-03-28,0.47,-0.13,,2.4
88a8acbad9fffff,2026-04-17,0.4655,-0.1359,,0.1
88a8acbad9fffff,2026-05-05,0.4436,-0.112,,0.2
88a8acbad9fffff,2026-06-19,0.3931,-0.073,,0.1
88a8acbad9fffff,2026-07-29,0.3674,-0.0423,,0.0
88a8acbad9fffff,2026-08-18,0.3769,-0.0466,,0.0
88a8acbadbfffff,2026-03-28,0.4938,-0.1561,,2.4
88a8acbadbfffff,2026-04-17,0.4764,-0.1485,,0.1
88a8acbadbfffff,2026-05-05,0.4583,-0.1261,,0.2
88a8acbadbfffff,2026-06-19,0.4376,-0.1362,,0.1
88a8acbadbfffff,2026-07-29,0.4052,-0.0882,,0.0
88a8acbadbfffff,2026-08-18,0.4095,-0.0788,,0.0
88a8acbaddfffff,2026-03-28,0.49,-0.1612,,2.4
88a8acbaddfffff,2026-04-17,0.4796,-0.1591,,0.1
88a8acbaddfffff,2026-05-05,0.4555,-0.1305,,0.2
88a8acbaddfffff,2026-06-19,0.3979,-0.0923,,0.1
88a8acbaddfffff,2026-07-29,0.3295,-0.0176,,0.0
88a8acbaddfffff,2026-08-18,0.3418,-0.0152,,0.0
88a8acbae1fffff,2026-03-28,0.4652,-0.1358,,2.4
88a8acbae1fffff,2026-04-17,0.4527,-0.128,,0.1
88a8acbae1fffff,2026-05-05,0.4357,-0.1025,,0.2
88a8acbae1fffff,2026-06-19,0.4035,-0.0971,,0.1
88a8acbae1fffff,2026-07-29,0.3335,-0.0177,,0.0
88a8acbae1fffff,2026-08-18,0.3453,-0.0089,,0.0
88a8acbae3fffff,2026-03-28,0.4954,-0.1674,,2.4
88a8acbae3fffff,2026-04-17,0.3967,-0.0615,,0.1
88a8acbae3fffff,2026-05-05,0.3841,-0.0298,,0.2
88a8acbae3fffff,2026-06-19,0.4215,-0.1137,,0.1
88a8acbae3fffff,2026-07-29,0.3497,-0.0374,,0.0
88a8acbae3fffff,2026-08-18,0.3422,-0.0089,,0.0
88a8acbae5fffff,2026-03-28,0.3734,-0.0506,,2.4
88a8acbae5fffff,2026-04-17,0.3857,-0.0612,,0.1
88a8acbae5fffff,2026-05-05,0.3679,-0.0388,,0.2
88a8acbae5fffff,2026-06-19,0.4479,-0.1484,,0.1
88a8acbae5fffff,2026-07-29,0.4247,-0.1176,,0.0
88a8acbae5fffff,2026-08-18,0.414,-0.0927,,0.0
88a8acbae7fffff,2026-03-28,0.5243,-0.1896,,2.4
88a8acbae7fffff,2026-04-17,0.5135,-0.1808,,0.1
88a8acbae7fffff,2026-05-05,0.4862,-0.1477,,0.2
88a8acbae7fffff,2026-06-19,0.4103,-0.0912,,0.1
88a8acbae7fffff,2026-07-29,0.3199,0.0102,,0.0
88a8acbae7fffff,2026-08-18,0.3498,-0.005,,0.0
88a8acbae9fffff,2026-03-28,0.4187,-0.0994,,2.4
88a8acbae9fffff,2026-04-17,0.4264,-0.1032,,0.1
88a8acbae9fffff,2026-05-05,0.4254,-0.1028,,0.2
88a8acbae9fffff,2026-06-19,0.3215,-0.0258,,0.1
88a8acbae9fffff,2026-07-29,0.3145,-0.0148,,0.0
88a8acbae9fffff,2026-08-18,0.3649,-0.0443,,0.0
88a8acbaebfffff,2026-03-28,0.4112,-0.0889,,2.4
88a8acbaebfffff,2026-04-17,0.3848,-0.0447,,0.1
88a8acbaebfffff,2026-05-05,0.3293,0.004,,0.2
88a8acbaebfffff,2026-06-19,0.3671,-0.0501,,0.1
88a8acbaebfffff,2026-07-29,0.3123,0.0084,,0.0
88a8acbaebfffff,2026-08-18,0.3084,0.021,,0.0
88a8acbaedfffff,2026-03-28,0.3929,-0.0762,,2.4
88a8acbaedfffff,2026-04-17,0.3876,-0.071,,0.1
88a8acbaedfffff,2026-05-05,0.4158,-0.0872,,0.2
88a8acbaedfffff,2026-06-19,0.4117,-0.1091,,0.1
88a8acbaedfffff,2026-07-29,0.3285,-0.0091,,0.0
88a8acbaedfffff,2026-08-18,0.3343,0.0011,,0.0
