{"type": "FeatureCollection", "source": "Correios via ViaCEP (nomes) + OpenStreetMap contributors, ODbL (traçado das ruas)", "method": "Voronoi de pontos amostrados nas ruas, rotulados pelo bairro dos Correios", "retrieved_at": "2026-10-06", "features": [{"type": "Feature", "properties": {"name": "Aeroporto", "kind": "bairro", "approximate": true, "source": "Correios (ViaCEP) + OpenStreetMap", "street_points": 257, "area_km2": 1.336, "label_lon": -45.906228, "label_lat": -22.295156}, "geometry": {"type": "MultiPolygon", "coordinates": [[[[-45.931103, -22.257488], [-45.931088, -22.257299], [-45.931769, -22.256673], [-45.931546, -22.256166], [-45.931042, -22.256051], [-45.930836, -22.256265], [-45.930231, -22.256576], [-45.930714, -22.257236], [-45.93073, -22.257425], [-45.931103, -22.257488]]], [[[-45.931065, -22.255591], [-45.931097, -22.255863], [-45.931575, -22.255978], [-45.931642, -22.255796], [-45.931888, -22.255586], [-45.931246, -22.255432], [-45.931065, -22.255591]]], [[[-45.931262, -22.25504], [-45.931289, -22.255271], [-45.932007, -22.255473], [-45.932326, -22.255183], [-45.932428, -22.254685], [-45.932135, -22.25438], [-45.931585, -22.254246], [-45.931529, -22.254449], [-45.93103, -22.254725], [-45.931262, -22.25504]]], [[[-45.93213, -22.253636], [-45.93133, -22.253537], [-45.931602, -22.25404], [-45.931984, -22.254098], [-45.931977, -22.253891], [-45.93221, -22.253717], [-45.93213, -22.253636]]], [[[-45.931605, -22.252988], [-45.93143, -22.253425], [-45.932073, -22.253456], [-45.932081, -22.253246], [-45.932249, -22.253113], [-45.932175, -22.253015], [-45.931605, -22.252988]]], [[[-45.93212, -22.252843], [-45.932217, -22.252555], [-45.932129, -22.252401], [-45.931445, -22.252408], [-45.93136, -22.252471], [-45.931587, -22.252848], [-45.93212, -22.252843]]], [[[-45.931681, -22.252101], [-45.931595, -22.252274], [-45.932076, -22.252231], [-45.932159, -22.252058], [-45.931681, -22.252101]]], [[[-45.931234, -22.251455], [-45.931399, -22.251632], [-45.931916, -22.251458], [-45.931771, -22.250982], [-45.931338, -22.25119], [-45.931234, -22.251455]]], [[[-45.931344, -22.250548], [-45.930962, -22.25081], [-45.93123, -22.250881], [-45.931304, -22.251058], [-45.931658, -22.250815], [-45.931344, -22.250548]]], [[[-45.90942, -22.290473], [-45.909283, -22.290389], [-45.909224, -22.290009], [-45.910054, -22.289649], [-45.910607, -22.28819], [-45.911142, -22.287259], [-45.911187, -22.286241], [-45.9115, -22.286041], [-45.91255, -22.286174], [-45.913961, -22.284998], [-45.914493, -22.284654], [-45.914833, -22.283768], [-45.915044, -22.282769], [-45.915176, -22.282649], [-45.915137, -22.282374], [-45.91539, -22.282343], [-45.915357, -22.28207], [-45.915602, -22.282055], [-45.915576, -22.281766], [-45.915812, -22.28174], [-45.915815, -22.281474], [-45.916019, -22.281475], [-45.916045, -22.281203], [-45.916239, -22.281193], [-45.916237, -22.280934], [-45.916456, -22.280909], [-45.916432, -22.280667], [-45.917176, -22.280553], [-45.917383, -22.280295], [-45.917414, -22.279944], [-45.917253, -22.279677], [-45.917039, -22.279544], [-45.916814, -22.279613], [-45.916544, -22.279949], [-45.916182, -22.280105], [-45.915388, -22.280232], [-45.915046, -22.280977], [-45.91438, -22.281803], [-45.914385, -22.282749], [-45.914296, -22.283298], [-45.913459, -22.28334], [-45.913017, -22.283276], [-45.912613, -22.283631], [-45.911986, -22.283926], [-45.911242, -22.284566], [-45.910851, -22.284761], [-45.909474, -22.28503], [-45.909509, -22.285404], [-45.909428, -22.285713], [-45.90867, -22.286878], [-45.908216, -22.287851], [-45.907398, -22.29091], [-45.907087, -22.291387], [-45.906354, -22.292123], [-45.905114, -22.293909], [-45.903753, -22.295496], [-45.903406, -22.296089], [-45.902457, -22.298261], [-45.901899, -22.298733], [-45.900209, -22.299664], [-45.89989, -22.300111], [-45.899761, -22.300687], [-45.899918, -22.301557], [-45.899706, -22.302134], [-45.900396, -22.302583], [-45.900949, -22.302189], [-45.901915, -22.30201], [-45.903891, -22.300915], [-45.904903, -22.300107], [-45.905414, -22.299954], [-45.905069, -22.29843], [-45.904331, -22.297991], [-45.904425, -22.297683], [-45.904496, -22.297694], [-45.904542, -22.297382], [-45.904673, -22.29739], [-45.904759, -22.297274], [-45.9047, -22.297096], [-45.904956, -22.296507], [-45.906077, -22.296739], [-45.907746, -22.296612], [-45.908106, -22.293378], [-45.908419, -22.292896], [-45.908324, -22.292697], [-45.908416, -22.292134], [-45.908744, -22.292255], [-45.908708, -22.291802], [-45.909088, -22.291857], [-45.908808, -22.291494], [-45.909359, -22.291325], [-45.909789, -22.291055], [-45.90942, -22.290473]]], [[[-45.917135, -22.278783], [-45.91723, -22.279224], [-45.917145, -22.279416], [-45.917343, -22.279539], [-45.917494, -22.279477], [-45.917409, -22.279335], [-45.917811, -22.278953], [-45.917773, -22.278785], [-45.917967, -22.278702], [-45.917734, -22.278558], [-45.917621, -22.278691], [-45.917135, -22.278783]]], [[[-45.923303, -22.27593], [-45.922773, -22.275689], [-45.922572, -22.275778], [-45.922445, -22.276202], [-45.923303, -22.27593]]], [[[-45.922885, -22.275618], [-45.923912, -22.27587], [-45.924714, -22.27596], [-45.924883, -22.275536], [-45.923277, -22.274913], [-45.923015, -22.275111], [-45.923057, -22.27535], [-45.924049, -22.275789], [-45.922949, -22.27552], [-45.922885, -22.275618]]], [[[-45.923356, -22.274773], [-45.924942, -22.275383], [-45.925038, -22.275183], [-45.923291, -22.274511], [-45.923356, -22.274773]]], [[[-45.923374, -22.274383], [-45.925122, -22.274985], [-45.925345, -22.273952], [-45.923704, -22.273688], [-45.923374, -22.274383]]], [[[-45.93114, -22.2582], [-45.931075, -22.258061], [-45.930829, -22.258043], [-45.930712, -22.257881], [-45.931034, -22.257873], [-45.931141, -22.257695], [-45.93069, -22.257618], [-45.930489, -22.257824], [-45.929997, -22.258081], [-45.93047, -22.258674], [-45.930471, -22.258881], [-45.930706, -22.258895], [-45.930787, -22.259056], [-45.930439, -22.259047], [-45.930378, -22.259103], [-45.930458, -22.259287], [-45.930828, -22.259401], [-45.930425, -22.25946], [-45.930253, -22.259696], [-45.929945, -22.259866], [-45.929808, -22.260534], [-45.929831, -22.260895], [-45.929566, -22.261587], [-45.92937, -22.261854], [-45.929543, -22.262237], [-45.929803, -22.262356], [-45.929843, -22.262521], [-45.929526, -22.262406], [-45.929435, -22.262601], [-45.929324, -22.262632], [-45.929403, -22.26298], [-45.929047, -22.263022], [-45.929246, -22.263275], [-45.928795, -22.263488], [-45.928801, -22.263625], [-45.929004, -22.263725], [-45.928955, -22.263885], [-45.928764, -22.263788], [-45.92859, -22.263914], [-45.928769, -22.264026], [-45.928891, -22.26426], [-45.928643, -22.264148], [-45.928479, -22.264332], [-45.928344, -22.264322], [-45.9255, -22.26574], [-45.925578, -22.266367], [-45.925164, -22.267121], [-45.924691, -22.267509], [-45.924149, -22.267615], [-45.924108, -22.268632], [-45.924347, -22.269336], [-45.924233, -22.269734], [-45.923507, -22.270418], [-45.923031, -22.270648], [-45.922524, -22.270706], [-45.921604, -22.270635], [-45.920507, -22.271887], [-45.920771, -22.273337], [-45.920716, -22.273839], [-45.920501, -22.274204], [-45.920516, -22.274561], [-45.920743, -22.274903], [-45.921625, -22.274754], [-45.921784, -22.274871], [-45.922043, -22.274845], [-45.922394, -22.274764], [-45.922573, -22.274575], [-45.922907, -22.273998], [-45.923071, -22.27392], [-45.923211, -22.273586], [-45.923133, -22.272922], [-45.923601, -22.273271], [-45.92372, -22.27353], [-45.925377, -22.273796], [-45.925578, -22.273006], [-45.925864, -22.272677], [-45.926199, -22.272498], [-45.925931, -22.271272], [-45.926087, -22.270965], [-45.926429, -22.270485], [-45.927286, -22.269594], [-45.927907, -22.268737], [-45.929126, -22.267649], [-45.928306, -22.265446], [-45.928372, -22.265282], [-45.928143, -22.265167], [-45.930627, -22.264414], [-45.9307, -22.263747], [-45.93048, -22.262174], [-45.93055, -22.262017], [-45.930271, -22.261739], [-45.930342, -22.261596], [-45.930775, -22.261656], [-45.930744, -22.261441], [-45.930868, -22.261287], [-45.93083, -22.261103], [-45.930938, -22.260883], [-45.930962, -22.260436], [-45.931065, -22.260105], [-45.931352, -22.259788], [-45.931747, -22.259535], [-45.931435, -22.259096], [-45.930778, -22.258468], [-45.931021, -22.258498], [-45.93114, -22.2582]]], [[[-45.920474, -22.275027], [-45.920286, -22.274934], [-45.919837, -22.275113], [-45.91895, -22.276279], [-45.918906, -22.276767], [-45.918688, -22.27702], [-45.91768, -22.277479], [-45.917838, -22.278425], [-45.918027, -22.278546], [-45.918263, -22.278349], [-45.918397, -22.278009], [-45.91907, -22.277245], [-45.919171, -22.276938], [-45.919297, -22.276943], [-45.919362, -22.276668], [-45.919525, -22.27662], [-45.919782, -22.276154], [-45.919916, -22.276167], [-45.92002, -22.275917], [-45.920249, -22.275863], [-45.920811, -22.275505], [-45.920743, -22.274903], [-45.920474, -22.275027]]], [[[-45.931233, -22.250331], [-45.930962, -22.249925], [-45.930695, -22.249748], [-45.930436, -22.249889], [-45.930465, -22.250288], [-45.930811, -22.250374], [-45.930897, -22.250551], [-45.931233, -22.250331]]], [[[-45.930849, -22.249112], [-45.930796, -22.249009], [-45.930152, -22.249061], [-45.929949, -22.249466], [-45.930067, -22.249599], [-45.93062, -22.249373], [-45.930849, -22.249112]]]]}}, {"type": "Feature", "properties": {"name": "Aeroporto Jatobá", "kind": "bairro", "approximate": true, "source": "Correios (ViaCEP) + OpenStreetMap", "street_points": 274, "area_km2": 0.642, "label_lon": -45.905503, "label_lat": -22.275905}, "geometry": {"type": "Polygon", "coordinates": [[[-45.913017, -22.283276], [-45.913459, -22.28334], [-45.914296, -22.283298], [-45.914385, -22.282749], [-45.91438, -22.281803], [-45.913406, -22.281708], [-45.913189, -22.281845], [-45.913079, -22.281822], [-45.913087, -22.281716], [-45.913259, -22.2816], [-45.913146, -22.281383], [-45.913196, -22.280397], [-45.911703, -22.279115], [-45.911151, -22.278469], [-45.910904, -22.278353], [-45.910777, -22.278025], [-45.910961, -22.277735], [-45.910574, -22.277223], [-45.910464, -22.27658], [-45.910547, -22.275751], [-45.910123, -22.275671], [-45.909734, -22.275458], [-45.908749, -22.274707], [-45.907899, -22.274234], [-45.906452, -22.27319], [-45.905885, -22.27309], [-45.904224, -22.273486], [-45.903245, -22.274154], [-45.902027, -22.275816], [-45.901913, -22.276369], [-45.902027, -22.276896], [-45.902373, -22.277388], [-45.90382, -22.278441], [-45.904511, -22.279051], [-45.90479, -22.27941], [-45.906115, -22.278847], [-45.906441, -22.278388], [-45.906592, -22.278376], [-45.906653, -22.278501], [-45.906373, -22.27884], [-45.906623, -22.278929], [-45.906673, -22.279069], [-45.906996, -22.279047], [-45.907654, -22.279629], [-45.907893, -22.279791], [-45.908033, -22.279783], [-45.908304, -22.280044], [-45.908141, -22.280417], [-45.908369, -22.280607], [-45.909612, -22.281503], [-45.910028, -22.281132], [-45.910774, -22.281748], [-45.910635, -22.281939], [-45.911228, -22.28249], [-45.911429, -22.282546], [-45.911788, -22.282833], [-45.911783, -22.283351], [-45.911986, -22.283926], [-45.912613, -22.283631], [-45.913017, -22.283276]]]}}, {"type": "Feature", "properties": {"name": "Ala I", "kind": "bairro", "approximate": true, "source": "Correios (ViaCEP) + OpenStreetMap", "street_points": 15, "area_km2": 0.194, "label_lon": -45.911758, "label_lat": -22.216557}, "geometry": {"type": "Polygon", "coordinates": [[[-45.914352, -22.213634], [-45.914219, -22.213274], [-45.91399, -22.211023], [-45.913252, -22.210948], [-45.9127, -22.211031], [-45.912373, -22.210989], [-45.912372, -22.211966], [-45.91227, -22.2125], [-45.910815, -22.215548], [-45.910354, -22.216085], [-45.909375, -22.21671], [-45.909269, -22.216937], [-45.910221, -22.218206], [-45.910649, -22.218035], [-45.911167, -22.218033], [-45.912061, -22.217826], [-45.912734, -22.217912], [-45.913206, -22.216413], [-45.913113, -22.215782], [-45.913186, -22.215082], [-45.913456, -22.21447], [-45.913926, -22.213938], [-45.914352, -22.213634]]]}}, {"type": "Feature", "properties": {"name": "Alfredo Custódio de Paula", "kind": "bairro", "approximate": true, "source": "Correios (ViaCEP) + OpenStreetMap", "street_points": 102, "area_km2": 0.214, "label_lon": -45.930647, "label_lat": -22.221172}, "geometry": {"type": "Polygon", "coordinates": [[[-45.932638, -22.222932], [-45.933032, -22.222957], [-45.933018, -22.222835], [-45.932661, -22.222796], [-45.932535, -22.222475], [-45.932717, -22.222212], [-45.933071, -22.222236], [-45.933233, -22.221944], [-45.933529, -22.221748], [-45.933295, -22.221516], [-45.93278, -22.22148], [-45.932634, -22.221175], [-45.932803, -22.221003], [-45.933192, -22.22103], [-45.933296, -22.220923], [-45.933187, -22.220729], [-45.932808, -22.220703], [-45.93213, -22.219878], [-45.932418, -22.218987], [-45.931326, -22.218493], [-45.930941, -22.218423], [-45.930774, -22.218452], [-45.930706, -22.218995], [-45.930453, -22.219021], [-45.930043, -22.218877], [-45.929969, -22.218681], [-45.929814, -22.218653], [-45.928789, -22.219557], [-45.928745, -22.219683], [-45.929157, -22.219891], [-45.929213, -22.220023], [-45.928984, -22.220167], [-45.928421, -22.220086], [-45.928301, -22.220395], [-45.928478, -22.220709], [-45.928754, -22.220769], [-45.928498, -22.221123], [-45.928461, -22.221338], [-45.92863, -22.221445], [-45.930286, -22.224154], [-45.930458, -22.224074], [-45.930619, -22.224132], [-45.930909, -22.224671], [-45.931182, -22.224815], [-45.931164, -22.224517], [-45.931663, -22.224346], [-45.931472, -22.22382], [-45.932261, -22.223547], [-45.932208, -22.223311], [-45.932441, -22.223186], [-45.932638, -22.222932]]]}}, {"type": "Feature", "properties": {"name": "Altaville", "kind": "bairro", "approximate": true, "source": "Correios (ViaCEP) + OpenStreetMap", "street_points": 85, "area_km2": 0.211, "label_lon": -45.931546, "label_lat": -22.216762}, "geometry": {"type": "Polygon", "coordinates": [[[-45.935495, -22.216988], [-45.936107, -22.217241], [-45.936712, -22.216583], [-45.936803, -22.216338], [-45.937177, -22.2163], [-45.93716, -22.21614], [-45.936785, -22.216178], [-45.936615, -22.215947], [-45.936234, -22.215693], [-45.933852, -22.215874], [-45.933317, -22.215398], [-45.932663, -22.215355], [-45.932445, -22.214946], [-45.931913, -22.214317], [-45.931781, -22.214307], [-45.931285, -22.21488], [-45.930412, -22.215389], [-45.929592, -22.215383], [-45.929503, -22.216013], [-45.92972, -22.216853], [-45.929615, -22.217835], [-45.929525, -22.217938], [-45.929566, -22.21834], [-45.929986, -22.218175], [-45.930076, -22.21804], [-45.930569, -22.218424], [-45.931326, -22.218493], [-45.932418, -22.218987], [-45.933223, -22.218854], [-45.933713, -22.218125], [-45.934025, -22.217979], [-45.933996, -22.21771], [-45.934336, -22.217676], [-45.93427, -22.217073], [-45.935495, -22.216988]]]}}, {"type": "Feature", "properties": {"name": "Alto Ibirá", "kind": "bairro", "approximate": true, "source": "Correios (ViaCEP) + OpenStreetMap", "street_points": 54, "area_km2": 0.191, "label_lon": -45.948935, "label_lat": -22.220663}, "geometry": {"type": "Polygon", "coordinates": [[[-45.952979, -22.220396], [-45.952625, -22.219975], [-45.9525, -22.219555], [-45.951528, -22.218883], [-45.951336, -22.21906], [-45.951111, -22.2189], [-45.950835, -22.219063], [-45.950382, -22.218744], [-45.950062, -22.218919], [-45.949518, -22.219049], [-45.948995, -22.218735], [-45.947836, -22.21869], [-45.947189, -22.219087], [-45.946963, -22.221167], [-45.947828, -22.222142], [-45.94885, -22.222396], [-45.948993, -22.222557], [-45.949488, -22.222814], [-45.949727, -22.222322], [-45.949829, -22.222242], [-45.950271, -22.222264], [-45.950619, -22.221802], [-45.951286, -22.221493], [-45.95204, -22.221544], [-45.952979, -22.220396]]]}}, {"type": "Feature", "properties": {"name": "Alto das Cruzes", "kind": "bairro", "approximate": true, "source": "Correios (ViaCEP) + OpenStreetMap", "street_points": 32, "area_km2": 0.061, "label_lon": -45.940492, "label_lat": -22.221527}, "geometry": {"type": "Polygon", "coordinates": [[[-45.94135, -22.222235], [-45.941972, -22.222156], [-45.942261, -22.221834], [-45.942542, -22.221753], [-45.942903, -22.221782], [-45.942675, -22.220499], [-45.942361, -22.220654], [-45.94204, -22.220982], [-45.941818, -22.221453], [-45.94162, -22.221204], [-45.941435, -22.22122], [-45.941011, -22.220969], [-45.940955, -22.220826], [-45.94025, -22.220719], [-45.940169, -22.220346], [-45.939752, -22.220597], [-45.939649, -22.22054], [-45.939342, -22.220117], [-45.938807, -22.219639], [-45.938598, -22.219618], [-45.938355, -22.21987], [-45.938417, -22.220188], [-45.938807, -22.220505], [-45.93913, -22.22093], [-45.93955, -22.2211], [-45.939678, -22.221499], [-45.93959, -22.221975], [-45.939432, -22.222154], [-45.939505, -22.22233], [-45.940143, -22.222656], [-45.94046, -22.222253], [-45.940938, -22.222154], [-45.94135, -22.222235]]]}}, {"type": "Feature", "properties": {"name": "Antônio José Machado", "kind": "bairro", "approximate": true, "source": "Correios (ViaCEP) + OpenStreetMap", "street_points": 14, "area_km2": 0.034, "label_lon": -45.939684, "label_lat": -22.22625}, "geometry": {"type": "MultiPolygon", "coordinates": [[[[-45.939097, -22.226669], [-45.93999, -22.226762], [-45.940557, -22.226412], [-45.940725, -22.226162], [-45.941135, -22.226184], [-45.941026, -22.226052], [-45.940746, -22.225971], [-45.940687, -22.225814], [-45.939677, -22.225743], [-45.939583, -22.22549], [-45.939104, -22.225515], [-45.939026, -22.226467], [-45.939097, -22.226669]]], [[[-45.939475, -22.225066], [-45.939073, -22.225132], [-45.939114, -22.225384], [-45.939606, -22.225303], [-45.939657, -22.225221], [-45.939475, -22.225066]]], [[[-45.939577, -22.223503], [-45.939199, -22.223416], [-45.938585, -22.223627], [-45.938513, -22.224115], [-45.938888, -22.224452], [-45.939002, -22.224797], [-45.939493, -22.224727], [-45.93994, -22.224277], [-45.939555, -22.22378], [-45.939577, -22.223503]]]]}}, {"type": "Feature", "properties": {"name": "Aristeu da Costa Rios", "kind": "bairro", "approximate": true, "source": "Correios (ViaCEP) + OpenStreetMap", "street_points": 150, "area_km2": 0.33, "label_lon": -45.934444, "label_lat": -22.251883}, "geometry": {"type": "Polygon", "coordinates": [[[-45.936264, -22.253273], [-45.936365, -22.253094], [-45.935777, -22.251551], [-45.935836, -22.25146], [-45.935745, -22.251124], [-45.935568, -22.250904], [-45.935376, -22.250272], [-45.935472, -22.249885], [-45.935582, -22.249718], [-45.935632, -22.250111], [-45.935911, -22.250176], [-45.936023, -22.250357], [-45.936964, -22.251143], [-45.937841, -22.251528], [-45.938314, -22.250754], [-45.938427, -22.249927], [-45.938306, -22.249375], [-45.937817, -22.248654], [-45.936458, -22.249147], [-45.934166, -22.249205], [-45.93392, -22.248827], [-45.933771, -22.248025], [-45.934006, -22.248017], [-45.934135, -22.248711], [-45.934283, -22.248519], [-45.934182, -22.247982], [-45.934254, -22.247918], [-45.934144, -22.247723], [-45.933814, -22.247836], [-45.93377, -22.247608], [-45.934117, -22.247573], [-45.934197, -22.247458], [-45.933977, -22.247284], [-45.933654, -22.247518], [-45.933575, -22.247102], [-45.933965, -22.247223], [-45.934102, -22.246991], [-45.933962, -22.2469], [-45.933621, -22.24702], [-45.933569, -22.246716], [-45.933941, -22.246801], [-45.933995, -22.246526], [-45.933584, -22.246552], [-45.933497, -22.246111], [-45.933824, -22.245982], [-45.933838, -22.245823], [-45.933423, -22.245639], [-45.933115, -22.245765], [-45.933015, -22.245892], [-45.93305, -22.246006], [-45.932817, -22.246238], [-45.93248, -22.246314], [-45.93204, -22.246161], [-45.931826, -22.246579], [-45.931151, -22.246565], [-45.931143, -22.246751], [-45.931855, -22.246731], [-45.931934, -22.246867], [-45.931857, -22.247136], [-45.931131, -22.247157], [-45.931142, -22.247298], [-45.931941, -22.247348], [-45.931826, -22.247558], [-45.93112, -22.247506], [-45.930685, -22.24784], [-45.93065, -22.248193], [-45.930939, -22.248278], [-45.93086, -22.249095], [-45.931373, -22.249459], [-45.931702, -22.249441], [-45.931531, -22.249827], [-45.93181, -22.250046], [-45.932101, -22.24987], [-45.932084, -22.249704], [-45.931878, -22.249695], [-45.931737, -22.249425], [-45.93181, -22.249301], [-45.933097, -22.249086], [-45.933203, -22.249493], [-45.933489, -22.249651], [-45.933652, -22.249658], [-45.933939, -22.249469], [-45.934165, -22.25017], [-45.933859, -22.250282], [-45.93369, -22.250805], [-45.933065, -22.251094], [-45.932392, -22.250095], [-45.932191, -22.249983], [-45.931924, -22.250192], [-45.931982, -22.250405], [-45.932353, -22.250883], [-45.932579, -22.250807], [-45.932895, -22.251199], [-45.932007, -22.251581], [-45.931916, -22.251458], [-45.931435, -22.251647], [-45.931608, -22.251734], [-45.931989, -22.251619], [-45.932027, -22.251767], [-45.931676, -22.251873], [-45.931715, -22.251965], [-45.932069, -22.251896], [-45.932196, -22.252006], [-45.932076, -22.252231], [-45.931595, -22.252274], [-45.931445, -22.252408], [-45.932129, -22.252401], [-45.932217, -22.252555], [-45.93212, -22.252843], [-45.931587, -22.252848], [-45.931605, -22.252988], [-45.932175, -22.253015], [-45.932249, -22.253113], [-45.932081, -22.253246], [-45.932073, -22.253456], [-45.93143, -22.253425], [-45.93133, -22.253537], [-45.93213, -22.253636], [-45.93221, -22.253717], [-45.931977, -22.253891], [-45.931984, -22.254098], [-45.931602, -22.25404], [-45.931614, -22.25414], [-45.932027, -22.254225], [-45.932428, -22.254685], [-45.933077, -22.254401], [-45.933335, -22.2541], [-45.933385, -22.253968], [-45.933237, -22.253443], [-45.934111, -22.253165], [-45.934229, -22.253172], [-45.934407, -22.253724], [-45.934938, -22.253659], [-45.935173, -22.253942], [-45.934922, -22.254151], [-45.934874, -22.254331], [-45.9357, -22.254169], [-45.935236, -22.253929], [-45.935262, -22.253594], [-45.935441, -22.253461], [-45.936264, -22.253273]]]}}, {"type": "Feature", "properties": {"name": "Bairro de Fátima", "kind": "bairro", "approximate": true, "source": "Correios (ViaCEP) + OpenStreetMap", "street_points": 36, "area_km2": 0.146, "label_lon": -45.911523, "label_lat": -22.226039}, "geometry": {"type": "MultiPolygon", "coordinates": [[[[-45.91374, -22.225032], [-45.91355, -22.224937], [-45.912677, -22.225163], [-45.911124, -22.224515], [-45.910649, -22.225084], [-45.910266, -22.225345], [-45.908848, -22.225503], [-45.908277, -22.22577], [-45.908574, -22.226695], [-45.90895, -22.227027], [-45.909642, -22.227222], [-45.91171, -22.227277], [-45.912389, -22.227196], [-45.913376, -22.226885], [-45.914017, -22.226818], [-45.914872, -22.226224], [-45.91374, -22.225032]]], [[[-45.918387, -22.224887], [-45.91886, -22.224442], [-45.919588, -22.224485], [-45.919499, -22.223947], [-45.919226, -22.223893], [-45.919284, -22.22342], [-45.919125, -22.223361], [-45.919096, -22.22363], [-45.918891, -22.223622], [-45.918881, -22.223907], [-45.918358, -22.223963], [-45.918117, -22.224206], [-45.918214, -22.224909], [-45.918387, -22.224887]]]]}}, {"type": "Feature", "properties": {"name": "Bela Itália", "kind": "bairro", "approximate": true, "source": "Correios (ViaCEP) + OpenStreetMap", "street_points": 99, "area_km2": 0.404, "label_lon": -45.902144, "label_lat": -22.205044}, "geometry": {"type": "Polygon", "coordinates": [[[-45.905666, -22.204492], [-45.905721, -22.203826], [-45.905492, -22.20319], [-45.905102, -22.203203], [-45.903747, -22.202865], [-45.90334, -22.20287], [-45.90248, -22.202549], [-45.901501, -22.202453], [-45.900854, -22.202518], [-45.900107, -22.202408], [-45.898652, -22.201423], [-45.898099, -22.202089], [-45.897989, -22.202668], [-45.898106, -22.203194], [-45.898668, -22.204097], [-45.898635, -22.204772], [-45.898756, -22.205324], [-45.899096, -22.205791], [-45.899996, -22.206364], [-45.900266, -22.206827], [-45.900291, -22.207249], [-45.900043, -22.208175], [-45.900361, -22.209311], [-45.901216, -22.209166], [-45.901612, -22.209013], [-45.902298, -22.20844], [-45.903072, -22.208077], [-45.903391, -22.20757], [-45.903987, -22.20709], [-45.90468, -22.206097], [-45.90575, -22.205962], [-45.905933, -22.205814], [-45.906418, -22.20592], [-45.90642, -22.205762], [-45.906023, -22.205658], [-45.905902, -22.204991], [-45.905666, -22.204492]]]}}, {"type": "Feature", "properties": {"name": "Bela Vista", "kind": "bairro", "approximate": true, "source": "Correios (ViaCEP) + OpenStreetMap", "street_points": 11, "area_km2": 0.057, "label_lon": -45.916462, "label_lat": -22.278019}, "geometry": {"type": "Polygon", "coordinates": [[[-45.917135, -22.278783], [-45.917621, -22.278691], [-45.917734, -22.278558], [-45.917967, -22.278702], [-45.918079, -22.278636], [-45.917838, -22.278425], [-45.91768, -22.277479], [-45.917331, -22.277275], [-45.91642, -22.277035], [-45.915913, -22.277229], [-45.915365, -22.277125], [-45.914837, -22.277308], [-45.914746, -22.27816], [-45.916773, -22.27933], [-45.916814, -22.279613], [-45.917039, -22.279544], [-45.917253, -22.279677], [-45.917343, -22.279539], [-45.917145, -22.279416], [-45.91723, -22.279224], [-45.917135, -22.278783]]]}}, {"type": "Feature", "properties": {"name": "Belo Horizonte", "kind": "bairro", "approximate": true, "source": "Correios (ViaCEP) + OpenStreetMap", "street_points": 197, "area_km2": 1.338, "label_lon": -45.878325, "label_lat": -22.23481}, "geometry": {"type": "MultiPolygon", "coordinates": [[[[-45.89924, -22.231698], [-45.89949, -22.231375], [-45.899776, -22.231188], [-45.900916, -22.230949], [-45.901393, -22.230646], [-45.901726, -22.230176], [-45.902046, -22.229082], [-45.902354, -22.228784], [-45.902696, -22.228632], [-45.902547, -22.227709], [-45.902, -22.227602], [-45.901574, -22.227273], [-45.901154, -22.226184], [-45.900824, -22.225729], [-45.898753, -22.227197], [-45.89835, -22.226998], [-45.898379, -22.226556], [-45.897765, -22.225509], [-45.897408, -22.225459], [-45.896077, -22.226326], [-45.895707, -22.22688], [-45.89523, -22.227158], [-45.894828, -22.227038], [-45.894282, -22.226519], [-45.893435, -22.22615], [-45.892567, -22.225425], [-45.892414, -22.225748], [-45.892094, -22.226049], [-45.891786, -22.226187], [-45.890889, -22.226362], [-45.890388, -22.226677], [-45.890048, -22.227173], [-45.88994, -22.227701], [-45.890062, -22.228253], [-45.890401, -22.22872], [-45.891108, -22.229249], [-45.891314, -22.229835], [-45.893429, -22.229928], [-45.894197, -22.230566], [-45.894954, -22.231817], [-45.895393, -22.23171], [-45.895998, -22.23174], [-45.89641, -22.231918], [-45.896676, -22.232173], [-45.897564, -22.231594], [-45.898499, -22.231569], [-45.89924, -22.231698]]], [[[-45.883175, -22.217727], [-45.882921, -22.217973], [-45.882013, -22.219306], [-45.880671, -22.220214], [-45.880202, -22.22067], [-45.879335, -22.221944], [-45.87902, -22.223074], [-45.878935, -22.224042], [-45.879616, -22.229168], [-45.879472, -22.22955], [-45.876879, -22.234059], [-45.876682, -22.234936], [-45.876879, -22.235816], [-45.877219, -22.236283], [-45.877724, -22.236593], [-45.878318, -22.2367], [-45.878884, -22.236593], [-45.879429, -22.23625], [-45.879746, -22.235801], [-45.879988, -22.234688], [-45.88253, -22.23022], [-45.882732, -22.229043], [-45.88204, -22.224135], [-45.882066, -22.223422], [-45.882253, -22.222931], [-45.882508, -22.222583], [-45.882919, -22.222213], [-45.884259, -22.221325], [-45.885043, -22.22023], [-45.885426, -22.219919], [-45.885294, -22.216917], [-45.884254, -22.217091], [-45.883175, -22.217727]]]]}}, {"type": "Feature", "properties": {"name": "Boa Vista", "kind": "bairro", "approximate": true, "source": "Correios (ViaCEP) + OpenStreetMap", "street_points": 102, "area_km2": 0.227, "label_lon": -45.937014, "label_lat": -22.21939}, "geometry": {"type": "MultiPolygon", "coordinates": [[[[-45.93955, -22.2211], [-45.93913, -22.22093], [-45.938807, -22.220505], [-45.938417, -22.220188], [-45.938355, -22.21987], [-45.938598, -22.219618], [-45.938807, -22.219639], [-45.939342, -22.220117], [-45.939433, -22.21993], [-45.939374, -22.219764], [-45.939868, -22.2193], [-45.939669, -22.218989], [-45.939451, -22.218998], [-45.938955, -22.218201], [-45.938473, -22.218466], [-45.937906, -22.217817], [-45.937607, -22.217721], [-45.937312, -22.217917], [-45.936726, -22.218101], [-45.936197, -22.21778], [-45.936107, -22.217241], [-45.935852, -22.2171], [-45.935148, -22.216967], [-45.93427, -22.217073], [-45.934336, -22.217676], [-45.933996, -22.21771], [-45.934025, -22.217979], [-45.933713, -22.218125], [-45.933223, -22.218854], [-45.934143, -22.219334], [-45.934868, -22.220193], [-45.934972, -22.220162], [-45.93535, -22.220555], [-45.935752, -22.22019], [-45.935869, -22.220234], [-45.936152, -22.220492], [-45.936241, -22.220698], [-45.93609, -22.22108], [-45.936282, -22.2212], [-45.937, -22.221372], [-45.936814, -22.221825], [-45.936458, -22.222033], [-45.936429, -22.222351], [-45.936212, -22.222595], [-45.936575, -22.222889], [-45.937237, -22.222168], [-45.937651, -22.222454], [-45.938176, -22.221921], [-45.938339, -22.221909], [-45.938643, -22.222156], [-45.938777, -22.222067], [-45.939119, -22.222277], [-45.939432, -22.222154], [-45.93959, -22.221975], [-45.939678, -22.221499], [-45.93955, -22.2211]]], [[[-45.939848, -22.218895], [-45.940039, -22.21921], [-45.94028, -22.219203], [-45.940575, -22.218835], [-45.940197, -22.217986], [-45.940027, -22.218603], [-45.939848, -22.218895]]]]}}, {"type": "Feature", "properties": {"name": "Buritis", "kind": "bairro", "approximate": true, "source": "Correios (ViaCEP) + OpenStreetMap", "street_points": 102, "area_km2": 0.258, "label_lon": -45.949863, "label_lat": -22.214149}, "geometry": {"type": "Polygon", "coordinates": [[[-45.953524, -22.21545], [-45.953214, -22.215199], [-45.952216, -22.213469], [-45.951871, -22.21328], [-45.951872, -22.213193], [-45.952183, -22.213077], [-45.952197, -22.211652], [-45.951126, -22.211588], [-45.950624, -22.211341], [-45.949666, -22.212006], [-45.949167, -22.212149], [-45.948334, -22.212164], [-45.947702, -22.212814], [-45.946944, -22.212955], [-45.946628, -22.213372], [-45.946588, -22.213617], [-45.946277, -22.213617], [-45.946249, -22.213761], [-45.94666, -22.213804], [-45.946978, -22.214142], [-45.947403, -22.214434], [-45.947543, -22.214418], [-45.947779, -22.214758], [-45.948064, -22.215308], [-45.948121, -22.215818], [-45.948008, -22.216332], [-45.949515, -22.216154], [-45.951594, -22.216236], [-45.952318, -22.216404], [-45.952868, -22.216379], [-45.952933, -22.216166], [-45.9536, -22.215812], [-45.953524, -22.21545]]]}}, {"type": "Feature", "properties": {"name": "Caiçara", "kind": "bairro", "approximate": true, "source": "Correios (ViaCEP) + OpenStreetMap", "street_points": 50, "area_km2": 0.468, "label_lon": -45.869232, "label_lat": -22.244189}, "geometry": {"type": "MultiPolygon", "coordinates": [[[[-45.870948, -22.240957], [-45.870813, -22.240594], [-45.871033, -22.238966], [-45.871114, -22.238852], [-45.871079, -22.23864], [-45.871174, -22.238509], [-45.871124, -22.238315], [-45.871312, -22.238171], [-45.871355, -22.236557], [-45.870576, -22.236675], [-45.870108, -22.236631], [-45.86987, -22.237212], [-45.869594, -22.239672], [-45.868999, -22.241674], [-45.867415, -22.242523], [-45.866845, -22.243265], [-45.866633, -22.24323], [-45.866549, -22.243317], [-45.866757, -22.243474], [-45.86679, -22.243627], [-45.866578, -22.245602], [-45.866922, -22.24568], [-45.868054, -22.246231], [-45.868893, -22.247101], [-45.869687, -22.2476], [-45.870601, -22.247773], [-45.871194, -22.24766], [-45.873163, -22.24644], [-45.873503, -22.245944], [-45.873611, -22.245416], [-45.87349, -22.244865], [-45.87315, -22.244398], [-45.872645, -22.244088], [-45.871966, -22.24388], [-45.871583, -22.243492], [-45.871448, -22.242875], [-45.871589, -22.24223], [-45.871787, -22.241837], [-45.871249, -22.241354], [-45.870948, -22.240957]]], [[[-45.872252, -22.238929], [-45.872941, -22.239329], [-45.873829, -22.23805], [-45.873529, -22.237792], [-45.873033, -22.237061], [-45.872528, -22.23675], [-45.871737, -22.236616], [-45.871462, -22.238181], [-45.871719, -22.238351], [-45.871822, -22.238553], [-45.872252, -22.238929]]]]}}, {"type": "Feature", "properties": {"name": "Cascalho", "kind": "bairro", "approximate": true, "source": "Correios (ViaCEP) + OpenStreetMap", "street_points": 14, "area_km2": 0.025, "label_lon": -45.928943, "label_lat": -22.218899}, "geometry": {"type": "Polygon", "coordinates": [[[-45.929814, -22.218653], [-45.929969, -22.218681], [-45.930043, -22.218877], [-45.930453, -22.219021], [-45.930706, -22.218995], [-45.930774, -22.218452], [-45.930569, -22.218424], [-45.930076, -22.21804], [-45.929809, -22.218272], [-45.929197, -22.218492], [-45.928687, -22.218482], [-45.928492, -22.218727], [-45.928487, -22.219219], [-45.928208, -22.219533], [-45.927919, -22.219592], [-45.927958, -22.21972], [-45.928421, -22.220086], [-45.928984, -22.220167], [-45.929213, -22.220023], [-45.929157, -22.219891], [-45.928745, -22.219683], [-45.928789, -22.219557], [-45.929814, -22.218653]]]}}, {"type": "Feature", "properties": {"name": "Centro", "kind": "bairro", "approximate": true, "source": "Correios (ViaCEP) + OpenStreetMap", "street_points": 836, "area_km2": 1.534, "label_lon": -45.935394, "label_lat": -22.230691}, "geometry": {"type": "MultiPolygon", "coordinates": [[[[-45.931729, -22.235921], [-45.931476, -22.236043], [-45.932409, -22.236414], [-45.932462, -22.23688], [-45.932173, -22.237468], [-45.932202, -22.23785], [-45.93235, -22.238189], [-45.932914, -22.238178], [-45.933586, -22.238446], [-45.933979, -22.238472], [-45.934673, -22.23835], [-45.934293, -22.237576], [-45.933548, -22.237001], [-45.932813, -22.236167], [-45.932572, -22.236295], [-45.931729, -22.235921]]], [[[-45.941149, -22.23611], [-45.941021, -22.236286], [-45.940726, -22.23762], [-45.941494, -22.237888], [-45.94169, -22.236246], [-45.941329, -22.236057], [-45.941149, -22.23611]]], [[[-45.936156, -22.235363], [-45.935446, -22.236182], [-45.935577, -22.236258], [-45.93629, -22.235469], [-45.936488, -22.235547], [-45.936354, -22.235145], [-45.936125, -22.235263], [-45.936156, -22.235363]]], [[[-45.94705, -22.238369], [-45.947013, -22.237831], [-45.947275, -22.237006], [-45.946441, -22.2362], [-45.946282, -22.235854], [-45.94628, -22.235424], [-45.946141, -22.235333], [-45.945792, -22.235295], [-45.945225, -22.235645], [-45.945045, -22.235608], [-45.944796, -22.235381], [-45.94431, -22.235324], [-45.944101, -22.234998], [-45.944012, -22.234816], [-45.944277, -22.234577], [-45.944703, -22.234512], [-45.944673, -22.234349], [-45.944368, -22.234395], [-45.944089, -22.234018], [-45.94458, -22.233921], [-45.944627, -22.233695], [-45.94421, -22.233728], [-45.943776, -22.233053], [-45.943861, -22.232641], [-45.943588, -22.232446], [-45.943111, -22.232466], [-45.942951, -22.232061], [-45.943198, -22.231751], [-45.943149, -22.231396], [-45.942581, -22.230986], [-45.942673, -22.230716], [-45.942578, -22.230443], [-45.942234, -22.230132], [-45.942364, -22.229755], [-45.942268, -22.229407], [-45.942041, -22.229251], [-45.942016, -22.229079], [-45.942219, -22.228348], [-45.942088, -22.228225], [-45.941918, -22.228363], [-45.941738, -22.228659], [-45.941741, -22.228891], [-45.941598, -22.228954], [-45.941497, -22.229237], [-45.941257, -22.229282], [-45.941064, -22.229122], [-45.940912, -22.229186], [-45.940551, -22.229104], [-45.940452, -22.228995], [-45.939717, -22.228874], [-45.939563, -22.228727], [-45.93963, -22.228395], [-45.93938, -22.228063], [-45.93936, -22.2279], [-45.939006, -22.227854], [-45.939027, -22.227637], [-45.938908, -22.227496], [-45.939036, -22.226988], [-45.939908, -22.227077], [-45.93999, -22.226762], [-45.939097, -22.226669], [-45.939026, -22.226467], [-45.939104, -22.225515], [-45.939583, -22.22549], [-45.939677, -22.225743], [-45.939937, -22.225739], [-45.939994, -22.225256], [-45.939826, -22.225188], [-45.939114, -22.225384], [-45.938888, -22.224452], [-45.938513, -22.224115], [-45.938075, -22.224463], [-45.938079, -22.224669], [-45.937703, -22.224956], [-45.937411, -22.224974], [-45.937264, -22.225238], [-45.937154, -22.225264], [-45.936598, -22.225997], [-45.936655, -22.226171], [-45.93603, -22.227048], [-45.935324, -22.226557], [-45.935078, -22.226816], [-45.934876, -22.226762], [-45.934653, -22.226475], [-45.934096, -22.226497], [-45.934309, -22.226761], [-45.9343, -22.226868], [-45.934018, -22.227156], [-45.9338, -22.227122], [-45.933512, -22.227467], [-45.93338, -22.22736], [-45.933669, -22.227015], [-45.933555, -22.226806], [-45.933353, -22.226699], [-45.933013, -22.227105], [-45.93289, -22.226986], [-45.933222, -22.226592], [-45.933122, -22.22635], [-45.932672, -22.22635], [-45.932486, -22.226723], [-45.932369, -22.226759], [-45.9318, -22.226716], [-45.931903, -22.226361], [-45.931454, -22.226022], [-45.930916, -22.22585], [-45.930734, -22.226003], [-45.930651, -22.22669], [-45.93013, -22.227131], [-45.930293, -22.227574], [-45.930508, -22.227747], [-45.930447, -22.228081], [-45.930098, -22.228294], [-45.930533, -22.228767], [-45.930469, -22.229616], [-45.93057, -22.229825], [-45.929856, -22.229921], [-45.929691, -22.230247], [-45.929381, -22.230538], [-45.92958, -22.230674], [-45.92941, -22.231111], [-45.929546, -22.231334], [-45.929383, -22.231415], [-45.929343, -22.231596], [-45.929718, -22.23139], [-45.930299, -22.231337], [-45.929688, -22.232303], [-45.929115, -22.23284], [-45.929117, -22.233252], [-45.928772, -22.233655], [-45.92896, -22.233896], [-45.929624, -22.234248], [-45.93009, -22.234127], [-45.930379, -22.23437], [-45.930814, -22.234423], [-45.93095, -22.234675], [-45.930885, -22.234829], [-45.930992, -22.235034], [-45.931094, -22.234764], [-45.931324, -22.234813], [-45.931474, -22.234733], [-45.93223, -22.235056], [-45.932306, -22.235162], [-45.932563, -22.235198], [-45.932537, -22.235413], [-45.932659, -22.235533], [-45.932775, -22.235323], [-45.933044, -22.23539], [-45.932921, -22.2357], [-45.933003, -22.235739], [-45.933286, -22.235551], [-45.93329, -22.235739], [-45.933045, -22.235983], [-45.933255, -22.236003], [-45.933429, -22.235876], [-45.933686, -22.236008], [-45.9345, -22.235946], [-45.934874, -22.235107], [-45.935115, -22.235061], [-45.935666, -22.234337], [-45.935953, -22.234591], [-45.936381, -22.234653], [-45.936394, -22.2351], [-45.936727, -22.23525], [-45.937132, -22.234853], [-45.937651, -22.234787], [-45.937993, -22.235285], [-45.937785, -22.235422], [-45.937588, -22.235853], [-45.937671, -22.236252], [-45.937397, -22.236072], [-45.937234, -22.236136], [-45.937237, -22.236249], [-45.937462, -22.236472], [-45.937278, -22.236499], [-45.937144, -22.236352], [-45.937007, -22.236476], [-45.93662, -22.23643], [-45.935965, -22.236508], [-45.936055, -22.237322], [-45.936224, -22.23758], [-45.936354, -22.237595], [-45.936441, -22.237883], [-45.936352, -22.238182], [-45.936573, -22.238138], [-45.937214, -22.237668], [-45.93922, -22.23884], [-45.94015, -22.237413], [-45.938649, -22.236871], [-45.938694, -22.236222], [-45.938948, -22.236105], [-45.938991, -22.235644], [-45.939654, -22.234934], [-45.939914, -22.235048], [-45.940617, -22.23467], [-45.940687, -22.23482], [-45.94125, -22.235213], [-45.941174, -22.235507], [-45.941267, -22.235676], [-45.941518, -22.23576], [-45.941441, -22.235918], [-45.941809, -22.236108], [-45.942255, -22.235433], [-45.942208, -22.235286], [-45.94256, -22.234843], [-45.94338, -22.23542], [-45.942746, -22.236193], [-45.942417, -22.236325], [-45.942097, -22.238031], [-45.942804, -22.237704], [-45.944151, -22.238108], [-45.944334, -22.238413], [-45.944845, -22.238572], [-45.945985, -22.238602], [-45.94705, -22.238369]]]]}}, {"type": "Feature", "properties": {"name": "Chiarini", "kind": "bairro", "approximate": true, "source": "Correios (ViaCEP) + OpenStreetMap", "street_points": 5, "area_km2": 0.023, "label_lon": -45.902325, "label_lat": -22.21188}, "geometry": {"type": "Polygon", "coordinates": [[[-45.90399, -22.210313], [-45.903604, -22.210052], [-45.903156, -22.210211], [-45.901889, -22.211834], [-45.902004, -22.212903], [-45.90399, -22.210313]]]}}, {"type": "Feature", "properties": {"name": "Chácara Primavera I", "kind": "bairro", "approximate": true, "source": "Correios (ViaCEP) + OpenStreetMap", "street_points": 88, "area_km2": 0.143, "label_lon": -45.935604, "label_lat": -22.225443}, "geometry": {"type": "MultiPolygon", "coordinates": [[[[-45.937703, -22.224956], [-45.938079, -22.224669], [-45.938075, -22.224463], [-45.937728, -22.224338], [-45.937649, -22.224141], [-45.937697, -22.223808], [-45.93738, -22.223687], [-45.937204, -22.223798], [-45.937047, -22.223136], [-45.936898, -22.22316], [-45.936574, -22.222896], [-45.936468, -22.223003], [-45.93622, -22.22302], [-45.936107, -22.223395], [-45.935578, -22.223948], [-45.935417, -22.224018], [-45.93512, -22.223776], [-45.934995, -22.223883], [-45.935291, -22.224151], [-45.935263, -22.224274], [-45.934816, -22.224673], [-45.934693, -22.224719], [-45.934345, -22.224569], [-45.934393, -22.224096], [-45.934321, -22.223871], [-45.934154, -22.223864], [-45.933645, -22.224415], [-45.933722, -22.224639], [-45.933978, -22.224695], [-45.934329, -22.224586], [-45.934382, -22.225044], [-45.933794, -22.225576], [-45.933787, -22.225841], [-45.933916, -22.226007], [-45.933636, -22.226309], [-45.933452, -22.226202], [-45.93319, -22.226199], [-45.933122, -22.22635], [-45.933222, -22.226592], [-45.93289, -22.226986], [-45.933013, -22.227105], [-45.933353, -22.226699], [-45.933555, -22.226806], [-45.933669, -22.227015], [-45.93338, -22.22736], [-45.933512, -22.227467], [-45.9338, -22.227122], [-45.934018, -22.227156], [-45.9343, -22.226868], [-45.934309, -22.226761], [-45.934096, -22.226497], [-45.934653, -22.226475], [-45.934876, -22.226762], [-45.935078, -22.226816], [-45.935324, -22.226557], [-45.93603, -22.227048], [-45.936655, -22.226171], [-45.936598, -22.225997], [-45.937154, -22.225264], [-45.937264, -22.225238], [-45.937411, -22.224974], [-45.937703, -22.224956]]], [[[-45.933924, -22.223874], [-45.933615, -22.223845], [-45.933313, -22.224144], [-45.933529, -22.224266], [-45.933924, -22.223874]]], [[[-45.933142, -22.223779], [-45.933233, -22.223982], [-45.933491, -22.223712], [-45.933375, -22.223535], [-45.933373, -22.223259], [-45.932901, -22.223753], [-45.933142, -22.223779]]], [[[-45.932637, -22.22374], [-45.933209, -22.22321], [-45.932441, -22.223186], [-45.932208, -22.223311], [-45.932417, -22.22381], [-45.932637, -22.22374]]], [[[-45.937746, -22.223745], [-45.93807, -22.22363], [-45.938539, -22.223714], [-45.938668, -22.222942], [-45.938271, -22.222621], [-45.937528, -22.223436], [-45.937746, -22.223745]]], [[[-45.935628, -22.223248], [-45.935804, -22.223171], [-45.935837, -22.222901], [-45.936033, -22.222865], [-45.936429, -22.222351], [-45.936458, -22.222033], [-45.935933, -22.222133], [-45.935431, -22.222625], [-45.935662, -22.222811], [-45.935628, -22.223248]]], [[[-45.938758, -22.222799], [-45.938976, -22.222649], [-45.93904, -22.222413], [-45.938634, -22.222183], [-45.938389, -22.222505], [-45.938758, -22.222799]]]]}}, {"type": "Feature", "properties": {"name": "Chácara Primavera II", "kind": "bairro", "approximate": true, "source": "Correios (ViaCEP) + OpenStreetMap", "street_points": 46, "area_km2": 0.084, "label_lon": -45.933234, "label_lat": -22.225144}, "geometry": {"type": "MultiPolygon", "coordinates": [[[[-45.93512, -22.223776], [-45.935417, -22.224018], [-45.935578, -22.223948], [-45.936107, -22.223395], [-45.93622, -22.22302], [-45.936468, -22.223003], [-45.936575, -22.222889], [-45.936164, -22.222606], [-45.935983, -22.223264], [-45.935804, -22.223171], [-45.935427, -22.223311], [-45.935431, -22.222625], [-45.934788, -22.222692], [-45.933748, -22.222593], [-45.933679, -22.223172], [-45.933399, -22.223273], [-45.933375, -22.223535], [-45.933491, -22.223712], [-45.933233, -22.223982], [-45.933142, -22.223779], [-45.932901, -22.223753], [-45.933373, -22.223259], [-45.933321, -22.223228], [-45.933209, -22.22321], [-45.932637, -22.22374], [-45.932417, -22.22381], [-45.932477, -22.224085], [-45.932311, -22.224561], [-45.932496, -22.225138], [-45.932069, -22.225332], [-45.932299, -22.225885], [-45.932514, -22.226028], [-45.933144, -22.2261], [-45.93319, -22.226199], [-45.933452, -22.226202], [-45.933636, -22.226309], [-45.933916, -22.226007], [-45.933787, -22.225841], [-45.933794, -22.225576], [-45.934382, -22.225044], [-45.934329, -22.224586], [-45.933978, -22.224695], [-45.933722, -22.224639], [-45.933645, -22.224415], [-45.934154, -22.223864], [-45.934321, -22.223871], [-45.934393, -22.224096], [-45.934345, -22.224569], [-45.934693, -22.224719], [-45.934911, -22.224619], [-45.935291, -22.224151], [-45.934995, -22.223883], [-45.93512, -22.223776]], [[-45.933313, -22.224144], [-45.933615, -22.223845], [-45.933924, -22.223874], [-45.933529, -22.224266], [-45.933313, -22.224144]]], [[[-45.933032, -22.222957], [-45.932638, -22.222932], [-45.932441, -22.223186], [-45.933205, -22.223208], [-45.933032, -22.222957]]]]}}, {"type": "Feature", "properties": {"name": "Cidade Jardim", "kind": "bairro", "approximate": true, "source": "Correios (ViaCEP) + OpenStreetMap", "street_points": 269, "area_km2": 0.916, "label_lon": -45.864133, "label_lat": -22.241373}, "geometry": {"type": "Polygon", "coordinates": [[[-45.868999, -22.241674], [-45.86951, -22.239989], [-45.869722, -22.239029], [-45.86987, -22.237212], [-45.870108, -22.236631], [-45.869814, -22.236502], [-45.86946, -22.236164], [-45.868955, -22.235854], [-45.868292, -22.235726], [-45.867361, -22.235315], [-45.866425, -22.235111], [-45.865153, -22.235259], [-45.864475, -22.235537], [-45.863671, -22.236031], [-45.863211, -22.23664], [-45.862832, -22.236878], [-45.863492, -22.238344], [-45.862124, -22.238783], [-45.861614, -22.239224], [-45.861357, -22.239188], [-45.860871, -22.238892], [-45.858521, -22.239621], [-45.858261, -22.239611], [-45.857103, -22.239213], [-45.856284, -22.240519], [-45.857291, -22.241296], [-45.858189, -22.241207], [-45.8583, -22.24107], [-45.858064, -22.240839], [-45.858196, -22.240679], [-45.858467, -22.240743], [-45.859079, -22.241276], [-45.859289, -22.241365], [-45.859359, -22.241494], [-45.859306, -22.24193], [-45.859188, -22.242074], [-45.859256, -22.242272], [-45.859551, -22.242153], [-45.859842, -22.242276], [-45.859868, -22.242494], [-45.860477, -22.243593], [-45.861487, -22.243436], [-45.861864, -22.243488], [-45.86217, -22.244016], [-45.862062, -22.244691], [-45.862155, -22.245378], [-45.862637, -22.246367], [-45.863207, -22.246309], [-45.86415, -22.246516], [-45.864715, -22.246409], [-45.865969, -22.245703], [-45.866578, -22.245602], [-45.86679, -22.243627], [-45.866757, -22.243474], [-45.866549, -22.243317], [-45.866633, -22.24323], [-45.866845, -22.243265], [-45.867415, -22.242523], [-45.868999, -22.241674]], [[-45.859971, -22.241946], [-45.859886, -22.24205], [-45.859607, -22.242111], [-45.859853, -22.241811], [-45.859971, -22.241946]]]}}, {"type": "Feature", "properties": {"name": "Cidade Vergani", "kind": "bairro", "approximate": true, "source": "Correios (ViaCEP) + OpenStreetMap", "street_points": 149, "area_km2": 0.663, "label_lon": -45.948009, "label_lat": -22.270946}, "geometry": {"type": "Polygon", "coordinates": [[[-45.939917, -22.271929], [-45.940154, -22.272527], [-45.940237, -22.273205], [-45.940226, -22.27351], [-45.93995, -22.274248], [-45.940039, -22.274766], [-45.940736, -22.274755], [-45.941443, -22.275132], [-45.942104, -22.275254], [-45.942697, -22.275141], [-45.943429, -22.27478], [-45.944094, -22.274814], [-45.944687, -22.2747], [-45.945188, -22.274385], [-45.945677, -22.273775], [-45.946167, -22.273546], [-45.946714, -22.27355], [-45.947273, -22.273814], [-45.947868, -22.273921], [-45.948461, -22.273807], [-45.950679, -22.273073], [-45.951181, -22.272757], [-45.951499, -22.272309], [-45.951628, -22.271733], [-45.951506, -22.271181], [-45.951247, -22.270739], [-45.950706, -22.268991], [-45.950366, -22.268525], [-45.949861, -22.268214], [-45.949266, -22.268108], [-45.948742, -22.268134], [-45.947866, -22.26795], [-45.947273, -22.268064], [-45.946746, -22.268346], [-45.945786, -22.268517], [-45.945285, -22.268833], [-45.944854, -22.269365], [-45.944382, -22.269594], [-45.943997, -22.269638], [-45.943117, -22.269498], [-45.942552, -22.269608], [-45.941808, -22.270011], [-45.940989, -22.270113], [-45.940647, -22.270099], [-45.940255, -22.269955], [-45.939936, -22.270649], [-45.939917, -22.271929]]]}}, {"type": "Feature", "properties": {"name": "Colina Verde", "kind": "bairro", "approximate": true, "source": "Correios (ViaCEP) + OpenStreetMap", "street_points": 67, "area_km2": 0.356, "label_lon": -45.917065, "label_lat": -22.293181}, "geometry": {"type": "Polygon", "coordinates": [[[-45.919165, -22.290747], [-45.91931, -22.290113], [-45.919521, -22.289654], [-45.919607, -22.288802], [-45.917931, -22.28865], [-45.918006, -22.288323], [-45.917849, -22.288097], [-45.917394, -22.288039], [-45.917271, -22.288116], [-45.917153, -22.288592], [-45.916402, -22.289113], [-45.915954, -22.288482], [-45.915775, -22.288361], [-45.915585, -22.287896], [-45.915359, -22.287714], [-45.915422, -22.287473], [-45.915338, -22.287082], [-45.915055, -22.286687], [-45.914979, -22.28662], [-45.914564, -22.286805], [-45.91344, -22.287691], [-45.913351, -22.288266], [-45.913447, -22.288659], [-45.913724, -22.288842], [-45.91446, -22.288956], [-45.91454, -22.289586], [-45.914426, -22.290491], [-45.915637, -22.290652], [-45.915596, -22.29125], [-45.915333, -22.29222], [-45.915239, -22.293264], [-45.914953, -22.293848], [-45.915023, -22.295093], [-45.915487, -22.295109], [-45.916016, -22.295276], [-45.916611, -22.295697], [-45.916844, -22.296062], [-45.917556, -22.295795], [-45.918177, -22.295419], [-45.918696, -22.29478], [-45.919165, -22.290747]]]}}, {"type": "Feature", "properties": {"name": "Colina do Rei", "kind": "bairro", "approximate": true, "source": "Correios (ViaCEP) + OpenStreetMap", "street_points": 2, "area_km2": 0.004, "label_lon": -45.933996, "label_lat": -22.256384}, "geometry": {"type": "Polygon", "coordinates": [[[-45.934574, -22.256067], [-45.934455, -22.256026], [-45.933692, -22.256258], [-45.933672, -22.256536], [-45.93402, -22.256615], [-45.934093, -22.256975], [-45.93428, -22.256946], [-45.934173, -22.256582], [-45.934414, -22.256401], [-45.934574, -22.256067]]]}}, {"type": "Feature", "properties": {"name": "Colinas de Santa Bárbara", "kind": "bairro", "approximate": true, "source": "Correios (ViaCEP) + OpenStreetMap", "street_points": 322, "area_km2": 0.782, "label_lon": -45.951631, "label_lat": -22.227549}, "geometry": {"type": "Polygon", "coordinates": [[[-45.951268, -22.224042], [-45.950344, -22.22457], [-45.948897, -22.225109], [-45.948099, -22.225149], [-45.947574, -22.225574], [-45.946474, -22.225517], [-45.945926, -22.225825], [-45.945735, -22.225797], [-45.945538, -22.22574], [-45.945495, -22.225474], [-45.945575, -22.22421], [-45.945735, -22.223767], [-45.946108, -22.223428], [-45.946434, -22.222946], [-45.945962, -22.222531], [-45.945674, -22.222641], [-45.945572, -22.222178], [-45.945997, -22.221854], [-45.946369, -22.221344], [-45.94472, -22.221143], [-45.944347, -22.221506], [-45.943471, -22.22173], [-45.943203, -22.221904], [-45.942892, -22.224344], [-45.943317, -22.224814], [-45.943697, -22.224847], [-45.943704, -22.225202], [-45.943938, -22.225176], [-45.943944, -22.224696], [-45.944145, -22.224695], [-45.944137, -22.225199], [-45.94449, -22.225525], [-45.944445, -22.225925], [-45.944773, -22.226294], [-45.944771, -22.226478], [-45.945065, -22.226503], [-45.944976, -22.226665], [-45.944757, -22.226644], [-45.944502, -22.226911], [-45.944542, -22.228863], [-45.94499, -22.229012], [-45.944891, -22.229394], [-45.945053, -22.229412], [-45.945277, -22.229273], [-45.945201, -22.229088], [-45.945379, -22.228964], [-45.945562, -22.2291], [-45.945662, -22.228974], [-45.945973, -22.228964], [-45.945985, -22.229242], [-45.946288, -22.229341], [-45.946811, -22.229191], [-45.946793, -22.228877], [-45.947043, -22.229004], [-45.947051, -22.229223], [-45.947263, -22.22918], [-45.94726, -22.228848], [-45.947434, -22.228837], [-45.947445, -22.229184], [-45.947572, -22.229275], [-45.947794, -22.22927], [-45.948103, -22.229094], [-45.94809, -22.228688], [-45.948271, -22.228702], [-45.948282, -22.229176], [-45.94847, -22.229271], [-45.948974, -22.23013], [-45.949246, -22.230218], [-45.949827, -22.230609], [-45.950226, -22.231157], [-45.950798, -22.231008], [-45.951768, -22.231152], [-45.95236, -22.231039], [-45.953165, -22.230423], [-45.954719, -22.229529], [-45.955262, -22.228782], [-45.955505, -22.226454], [-45.955512, -22.226072], [-45.955036, -22.224214], [-45.954697, -22.223748], [-45.954192, -22.223438], [-45.952889, -22.223313], [-45.952358, -22.223038], [-45.951268, -22.224042]]]}}, {"type": "Feature", "properties": {"name": "Comunidade São Judas Tadeu", "kind": "bairro", "approximate": true, "source": "Correios (ViaCEP) + OpenStreetMap", "street_points": 4, "area_km2": 0.005, "label_lon": -45.958649, "label_lat": -22.243362}, "geometry": {"type": "Polygon", "coordinates": [[[-45.958348, -22.243027], [-45.958231, -22.243107], [-45.957924, -22.242933], [-45.957608, -22.242968], [-45.958154, -22.243239], [-45.958148, -22.243375], [-45.958465, -22.243435], [-45.958542, -22.243582], [-45.959458, -22.243555], [-45.959382, -22.24345], [-45.958872, -22.243394], [-45.958861, -22.243261], [-45.958348, -22.243027]]]}}, {"type": "Feature", "properties": {"name": "Conjunto Habitacional Doutor Custódio Ribeiro de Miranda", "kind": "bairro", "approximate": true, "source": "Correios (ViaCEP) + OpenStreetMap", "street_points": 61, "area_km2": 0.145, "label_lon": -45.918771, "label_lat": -22.28496}, "geometry": {"type": "Polygon", "coordinates": [[[-45.920008, -22.283657], [-45.919595, -22.283], [-45.919545, -22.282465], [-45.919945, -22.282032], [-45.919761, -22.281983], [-45.919473, -22.282302], [-45.919281, -22.282139], [-45.918884, -22.282166], [-45.918225, -22.281587], [-45.917837, -22.281424], [-45.917463, -22.281553], [-45.917276, -22.281753], [-45.916823, -22.281672], [-45.916821, -22.282057], [-45.916562, -22.282341], [-45.916878, -22.28266], [-45.916779, -22.283462], [-45.915671, -22.28347], [-45.915538, -22.283306], [-45.914927, -22.283387], [-45.914886, -22.283466], [-45.914699, -22.284125], [-45.915983, -22.283872], [-45.916111, -22.283941], [-45.916412, -22.283881], [-45.916782, -22.283901], [-45.916864, -22.283999], [-45.917351, -22.284002], [-45.917228, -22.28378], [-45.917313, -22.283463], [-45.918264, -22.283466], [-45.918265, -22.283855], [-45.917953, -22.284151], [-45.917529, -22.284124], [-45.917314, -22.284359], [-45.917352, -22.285233], [-45.917243, -22.285341], [-45.916845, -22.285341], [-45.916837, -22.285677], [-45.916593, -22.285943], [-45.916686, -22.286008], [-45.917617, -22.285943], [-45.917922, -22.28617], [-45.918181, -22.286177], [-45.918323, -22.286016], [-45.919866, -22.286177], [-45.920008, -22.283657]]]}}, {"type": "Feature", "properties": {"name": "Conjunto Habitacional Doutor Custódio Ribeiro de Miranda II", "kind": "bairro", "approximate": true, "source": "Correios (ViaCEP) + OpenStreetMap", "street_points": 51, "area_km2": 0.129, "label_lon": -45.916625, "label_lat": -22.287132}, "geometry": {"type": "Polygon", "coordinates": [[[-45.919866, -22.286177], [-45.918323, -22.286016], [-45.918181, -22.286177], [-45.917922, -22.28617], [-45.917617, -22.285943], [-45.916686, -22.286008], [-45.916274, -22.285936], [-45.915221, -22.28606], [-45.914979, -22.28662], [-45.915338, -22.287082], [-45.915422, -22.287473], [-45.915359, -22.287714], [-45.915585, -22.287896], [-45.915775, -22.288361], [-45.915954, -22.288482], [-45.916402, -22.289113], [-45.917153, -22.288592], [-45.917271, -22.288116], [-45.917394, -22.288039], [-45.917849, -22.288097], [-45.918006, -22.288323], [-45.917931, -22.28865], [-45.919607, -22.288802], [-45.919866, -22.286177]]]}}, {"type": "Feature", "properties": {"name": "Conjunto Habitacional Inconfidentes I", "kind": "bairro", "approximate": true, "source": "Correios (ViaCEP) + OpenStreetMap", "street_points": 6, "area_km2": 0.019, "label_lon": -45.917168, "label_lat": -22.275718}, "geometry": {"type": "MultiPolygon", "coordinates": [[[[-45.917751, -22.276067], [-45.917729, -22.276473], [-45.917881, -22.276443], [-45.917981, -22.276313], [-45.91834, -22.276549], [-45.918243, -22.276681], [-45.918235, -22.277187], [-45.918688, -22.27702], [-45.918906, -22.276767], [-45.91895, -22.276279], [-45.918436, -22.27642], [-45.91807, -22.276103], [-45.917751, -22.276067]]], [[[-45.91719, -22.274933], [-45.916529, -22.275875], [-45.916717, -22.276288], [-45.917175, -22.27617], [-45.91739, -22.276213], [-45.917716, -22.276041], [-45.917552, -22.27512], [-45.917344, -22.274886], [-45.91719, -22.274933]]]]}}, {"type": "Feature", "properties": {"name": "Conjunto Habitacional João Batista Pereira Beraldo", "kind": "bairro", "approximate": true, "source": "Correios (ViaCEP) + OpenStreetMap", "street_points": 177, "area_km2": 0.458, "label_lon": -45.920944, "label_lat": -22.277384}, "geometry": {"type": "MultiPolygon", "coordinates": [[[[-45.923073, -22.282916], [-45.922867, -22.283424], [-45.923175, -22.283428], [-45.923364, -22.283538], [-45.92396, -22.283169], [-45.923271, -22.283191], [-45.923073, -22.282916]]], [[[-45.920258, -22.283451], [-45.920625, -22.283146], [-45.921564, -22.283127], [-45.921727, -22.283038], [-45.921971, -22.283125], [-45.92212, -22.283063], [-45.922339, -22.283182], [-45.922517, -22.283063], [-45.922721, -22.283301], [-45.922929, -22.282745], [-45.922145, -22.28183], [-45.920881, -22.281853], [-45.920783, -22.282166], [-45.920423, -22.282323], [-45.920258, -22.283451]]], [[[-45.923972, -22.279266], [-45.924751, -22.281432], [-45.925322, -22.282291], [-45.925731, -22.282021], [-45.926432, -22.281864], [-45.926933, -22.281548], [-45.927273, -22.281052], [-45.927381, -22.280525], [-45.927259, -22.279973], [-45.926726, -22.279241], [-45.925946, -22.278552], [-45.925101, -22.277866], [-45.92362, -22.278725], [-45.923866, -22.278846], [-45.923833, -22.279123], [-45.923972, -22.279266]]], [[[-45.923303, -22.27593], [-45.922445, -22.276202], [-45.922371, -22.276338], [-45.922077, -22.276164], [-45.921829, -22.275735], [-45.921784, -22.274871], [-45.921625, -22.274754], [-45.920743, -22.274903], [-45.920811, -22.275505], [-45.920249, -22.275863], [-45.92002, -22.275917], [-45.919916, -22.276167], [-45.919782, -22.276154], [-45.919525, -22.27662], [-45.919362, -22.276668], [-45.919297, -22.276943], [-45.919171, -22.276938], [-45.91907, -22.277245], [-45.918397, -22.278009], [-45.918263, -22.278349], [-45.918027, -22.278546], [-45.918079, -22.278636], [-45.917773, -22.278785], [-45.917811, -22.278953], [-45.917409, -22.279335], [-45.917494, -22.279477], [-45.917253, -22.279677], [-45.917414, -22.279944], [-45.917407, -22.280245], [-45.917198, -22.280603], [-45.917728, -22.280945], [-45.917795, -22.281421], [-45.918225, -22.281587], [-45.918884, -22.282166], [-45.919281, -22.282139], [-45.919473, -22.282302], [-45.919761, -22.281983], [-45.919945, -22.282032], [-45.919545, -22.282465], [-45.91955, -22.282865], [-45.919964, -22.283609], [-45.920246, -22.28228], [-45.920053, -22.282181], [-45.919985, -22.282031], [-45.920126, -22.281671], [-45.920272, -22.28156], [-45.920353, -22.281216], [-45.920252, -22.28101], [-45.920335, -22.280879], [-45.920057, -22.280527], [-45.920588, -22.280374], [-45.920657, -22.280204], [-45.920549, -22.279915], [-45.920673, -22.279845], [-45.920957, -22.279325], [-45.920824, -22.279032], [-45.920886, -22.278927], [-45.922537, -22.279012], [-45.922567, -22.278746], [-45.923365, -22.278677], [-45.925009, -22.277722], [-45.924755, -22.276581], [-45.924714, -22.27596], [-45.922885, -22.275618], [-45.922773, -22.275689], [-45.923303, -22.27593]]]]}}, {"type": "Feature", "properties": {"name": "Conjunto Habitacional Prefeito Jorge Antônio Andere", "kind": "bairro", "approximate": true, "source": "Correios (ViaCEP) + OpenStreetMap", "street_points": 52, "area_km2": 0.108, "label_lon": -45.91603, "label_lat": -22.284873}, "geometry": {"type": "MultiPolygon", "coordinates": [[[[-45.917529, -22.284124], [-45.917953, -22.284151], [-45.918265, -22.283855], [-45.918264, -22.283466], [-45.917313, -22.283463], [-45.917228, -22.28378], [-45.917351, -22.284002], [-45.916864, -22.283999], [-45.916782, -22.283901], [-45.916412, -22.283881], [-45.916111, -22.283941], [-45.915983, -22.283872], [-45.914699, -22.284125], [-45.914493, -22.284654], [-45.915012, -22.285079], [-45.915207, -22.285395], [-45.915274, -22.285723], [-45.915221, -22.28606], [-45.916593, -22.285943], [-45.916837, -22.285677], [-45.916845, -22.285341], [-45.917243, -22.285341], [-45.917352, -22.285233], [-45.917314, -22.284359], [-45.917529, -22.284124]]], [[[-45.916821, -22.282057], [-45.916823, -22.281672], [-45.917276, -22.281753], [-45.917463, -22.281553], [-45.917795, -22.281421], [-45.917728, -22.280945], [-45.917176, -22.280553], [-45.916432, -22.280667], [-45.916456, -22.280909], [-45.916237, -22.280934], [-45.916239, -22.281193], [-45.916045, -22.281203], [-45.916019, -22.281475], [-45.915815, -22.281474], [-45.915812, -22.28174], [-45.915576, -22.281766], [-45.915602, -22.282055], [-45.915357, -22.28207], [-45.91539, -22.282343], [-45.915137, -22.282374], [-45.915176, -22.282649], [-45.915044, -22.282769], [-45.914927, -22.283387], [-45.915538, -22.283306], [-45.915671, -22.28347], [-45.916779, -22.283462], [-45.916878, -22.28266], [-45.916562, -22.282341], [-45.916821, -22.282057]]]]}}, {"type": "Feature", "properties": {"name": "Conjunto Residencial Santa Lúcia", "kind": "bairro", "approximate": true, "source": "Correios (ViaCEP) + OpenStreetMap", "street_points": 19, "area_km2": 0.053, "label_lon": -45.925944, "label_lat": -22.231637}, "geometry": {"type": "Polygon", "coordinates": [[[-45.928518, -22.230673], [-45.928484, -22.230422], [-45.928799, -22.229687], [-45.928984, -22.229593], [-45.929013, -22.229366], [-45.928407, -22.229332], [-45.92799, -22.229569], [-45.927831, -22.229755], [-45.927169, -22.229706], [-45.927118, -22.230344], [-45.926708, -22.230492], [-45.926282, -22.230901], [-45.925899, -22.231021], [-45.925382, -22.231033], [-45.925164, -22.232468], [-45.925354, -22.232346], [-45.925633, -22.232314], [-45.926041, -22.232381], [-45.927719, -22.230995], [-45.928202, -22.231026], [-45.928518, -22.230673]]]}}, {"type": "Feature", "properties": {"name": "Coronel Evaristo Azevedo Junqueira", "kind": "bairro", "approximate": true, "source": "Correios (ViaCEP) + OpenStreetMap", "street_points": 20, "area_km2": 0.048, "label_lon": -45.937068, "label_lat": -22.235669}, "geometry": {"type": "Polygon", "coordinates": [[[-45.937588, -22.235853], [-45.937785, -22.235422], [-45.937993, -22.235285], [-45.937651, -22.234787], [-45.937132, -22.234853], [-45.936727, -22.23525], [-45.936394, -22.2351], [-45.936381, -22.234653], [-45.935953, -22.234591], [-45.935666, -22.234337], [-45.935115, -22.235061], [-45.934874, -22.235107], [-45.934506, -22.235892], [-45.934868, -22.236115], [-45.935446, -22.236182], [-45.936156, -22.235363], [-45.936125, -22.235263], [-45.936354, -22.235145], [-45.936488, -22.235547], [-45.93629, -22.235469], [-45.935577, -22.236258], [-45.935965, -22.236508], [-45.93662, -22.23643], [-45.937007, -22.236476], [-45.937144, -22.236352], [-45.937278, -22.236499], [-45.937462, -22.236472], [-45.937237, -22.236249], [-45.937234, -22.236136], [-45.937397, -22.236072], [-45.937671, -22.236252], [-45.937588, -22.235853]]]}}, {"type": "Feature", "properties": {"name": "Cruzeiro do Sul", "kind": "bairro", "approximate": true, "source": "Correios (ViaCEP) + OpenStreetMap", "street_points": 20, "area_km2": 0.051, "label_lon": -45.92382, "label_lat": -22.223624}, "geometry": {"type": "Polygon", "coordinates": [[[-45.926031, -22.22418], [-45.926135, -22.224095], [-45.926418, -22.224142], [-45.926655, -22.223708], [-45.926269, -22.223584], [-45.926196, -22.223459], [-45.92584, -22.223291], [-45.925278, -22.223274], [-45.924876, -22.222981], [-45.924416, -22.223118], [-45.923605, -22.222969], [-45.923366, -22.222581], [-45.922892, -22.222606], [-45.92262, -22.222413], [-45.922056, -22.222747], [-45.922448, -22.22342], [-45.922781, -22.22351], [-45.923138, -22.224035], [-45.923634, -22.224241], [-45.926031, -22.22418]]]}}, {"type": "Feature", "properties": {"name": "Distrito Industrial (CDI)", "kind": "bairro", "approximate": true, "source": "Correios (ViaCEP) + OpenStreetMap", "street_points": 87, "area_km2": 0.908, "label_lon": -45.889527, "label_lat": -22.270729}, "geometry": {"type": "Polygon", "coordinates": [[[-45.89518, -22.274701], [-45.894675, -22.274391], [-45.893484, -22.274266], [-45.89292, -22.27392], [-45.892703, -22.273548], [-45.891336, -22.268377], [-45.890996, -22.267911], [-45.890491, -22.2676], [-45.889897, -22.267494], [-45.889304, -22.267607], [-45.888802, -22.267923], [-45.888097, -22.268973], [-45.887682, -22.269189], [-45.887004, -22.269325], [-45.886291, -22.26982], [-45.885958, -22.270291], [-45.885843, -22.270844], [-45.885965, -22.271396], [-45.886327, -22.271878], [-45.88681, -22.272173], [-45.888919, -22.27285], [-45.889359, -22.273182], [-45.889564, -22.273579], [-45.889935, -22.275024], [-45.889925, -22.275326], [-45.889774, -22.275702], [-45.88839, -22.276845], [-45.885958, -22.278675], [-45.885508, -22.278931], [-45.885058, -22.278995], [-45.884617, -22.278895], [-45.883396, -22.278083], [-45.882801, -22.277976], [-45.882208, -22.278089], [-45.881707, -22.278405], [-45.881177, -22.27914], [-45.881062, -22.279693], [-45.881184, -22.280245], [-45.881523, -22.280711], [-45.882502, -22.281273], [-45.88313, -22.281974], [-45.883635, -22.282284], [-45.883982, -22.282429], [-45.884897, -22.282571], [-45.885823, -22.282361], [-45.88717, -22.281456], [-45.89192, -22.277861], [-45.892851, -22.277561], [-45.894731, -22.277159], [-45.895232, -22.276844], [-45.895572, -22.276348], [-45.89568, -22.27582], [-45.895566, -22.275294], [-45.89518, -22.274701]]]}}, {"type": "Feature", "properties": {"name": "Distrito Industrial São João", "kind": "bairro", "approximate": true, "source": "Correios (ViaCEP) + OpenStreetMap", "street_points": 11, "area_km2": 0.105, "label_lon": -45.958038, "label_lat": -22.235686}, "geometry": {"type": "Polygon", "coordinates": [[[-45.960245, -22.236888], [-45.960606, -22.236967], [-45.960881, -22.237145], [-45.961371, -22.23691], [-45.961826, -22.23532], [-45.958353, -22.234596], [-45.957416, -22.23471], [-45.956495, -22.235257], [-45.957251, -22.236498], [-45.957548, -22.236755], [-45.957941, -22.23686], [-45.958253, -22.236826], [-45.958484, -22.236649], [-45.958797, -22.236582], [-45.959165, -22.236634], [-45.959625, -22.236963], [-45.960245, -22.236888]]]}}, {"type": "Feature", "properties": {"name": "Dorotéia II", "kind": "bairro", "approximate": true, "source": "Correios (ViaCEP) + OpenStreetMap", "street_points": 18, "area_km2": 0.055, "label_lon": -45.922889, "label_lat": -22.217567}, "geometry": {"type": "Polygon", "coordinates": [[[-45.923557, -22.218752], [-45.924319, -22.218205], [-45.923331, -22.216989], [-45.92336, -22.216886], [-45.923179, -22.216671], [-45.922598, -22.216587], [-45.922258, -22.216414], [-45.921712, -22.21546], [-45.921193, -22.215458], [-45.921382, -22.216829], [-45.92113, -22.217474], [-45.921345, -22.21751], [-45.922129, -22.217011], [-45.922162, -22.217298], [-45.921811, -22.217491], [-45.921869, -22.217835], [-45.9222, -22.218156], [-45.922199, -22.218457], [-45.922717, -22.218217], [-45.922777, -22.218438], [-45.922262, -22.218676], [-45.922486, -22.218743], [-45.922884, -22.218574], [-45.923557, -22.218752]]]}}, {"type": "Feature", "properties": {"name": "Doutor José Alfredo de Paula", "kind": "bairro", "approximate": true, "source": "Correios (ViaCEP) + OpenStreetMap", "street_points": 18, "area_km2": 0.037, "label_lon": -45.931779, "label_lat": -22.22489}, "geometry": {"type": "Polygon", "coordinates": [[[-45.932672, -22.22635], [-45.932987, -22.226402], [-45.933122, -22.22635], [-45.93319, -22.226199], [-45.933144, -22.2261], [-45.932514, -22.226028], [-45.932299, -22.225885], [-45.932065, -22.225421], [-45.932069, -22.225332], [-45.932496, -22.225138], [-45.932311, -22.224561], [-45.932477, -22.224085], [-45.932261, -22.223547], [-45.931472, -22.22382], [-45.931663, -22.224346], [-45.931164, -22.224517], [-45.931226, -22.224689], [-45.931173, -22.225046], [-45.930916, -22.22585], [-45.931454, -22.226022], [-45.931874, -22.226312], [-45.9318, -22.226716], [-45.932486, -22.226723], [-45.932672, -22.22635]]]}}, {"type": "Feature", "properties": {"name": "Faisqueira", "kind": "bairro", "approximate": true, "source": "Correios (ViaCEP) + OpenStreetMap", "street_points": 33, "area_km2": 0.267, "label_lon": -45.909395, "label_lat": -22.213663}, "geometry": {"type": "Polygon", "coordinates": [[[-45.91227, -22.2125], [-45.912372, -22.211966], [-45.912373, -22.210989], [-45.912047, -22.210848], [-45.911272, -22.211477], [-45.910789, -22.211578], [-45.910281, -22.211523], [-45.909967, -22.211288], [-45.909167, -22.211673], [-45.909063, -22.211444], [-45.908292, -22.211194], [-45.907246, -22.21123], [-45.906507, -22.211934], [-45.90629, -22.212615], [-45.906348, -22.213498], [-45.906707, -22.213528], [-45.90783, -22.215036], [-45.90773, -22.215402], [-45.907869, -22.216857], [-45.909269, -22.216937], [-45.909375, -22.21671], [-45.910623, -22.215833], [-45.91227, -22.2125]]]}}, {"type": "Feature", "properties": {"name": "Foch I", "kind": "bairro", "approximate": true, "source": "Correios (ViaCEP) + OpenStreetMap", "street_points": 90, "area_km2": 0.167, "label_lon": -45.928386, "label_lat": -22.250545}, "geometry": {"type": "Polygon", "coordinates": [[[-45.929387, -22.251748], [-45.930205, -22.251772], [-45.930667, -22.251445], [-45.931234, -22.251455], [-45.931338, -22.25119], [-45.931769, -22.250946], [-45.931658, -22.250815], [-45.931304, -22.251058], [-45.93123, -22.250881], [-45.93092, -22.250805], [-45.930933, -22.250694], [-45.931253, -22.250434], [-45.931233, -22.250331], [-45.930897, -22.250551], [-45.930811, -22.250374], [-45.930475, -22.250296], [-45.930436, -22.249889], [-45.929949, -22.249466], [-45.926247, -22.248337], [-45.9262, -22.249163], [-45.92595, -22.249438], [-45.925594, -22.249428], [-45.92525, -22.249008], [-45.924927, -22.24804], [-45.924549, -22.247889], [-45.924168, -22.249588], [-45.924232, -22.249676], [-45.92538, -22.249837], [-45.925508, -22.249776], [-45.925593, -22.249503], [-45.925935, -22.249729], [-45.926012, -22.24991], [-45.926283, -22.249791], [-45.926718, -22.24985], [-45.926749, -22.250457], [-45.92647, -22.250739], [-45.926447, -22.251009], [-45.926041, -22.250944], [-45.925815, -22.251132], [-45.926016, -22.251351], [-45.926368, -22.251392], [-45.926412, -22.251591], [-45.926722, -22.251749], [-45.927048, -22.251689], [-45.9272, -22.252285], [-45.927566, -22.252455], [-45.927895, -22.252108], [-45.928231, -22.251987], [-45.928893, -22.252016], [-45.929387, -22.251748]]]}}, {"type": "Feature", "properties": {"name": "Foch II", "kind": "bairro", "approximate": true, "source": "Correios (ViaCEP) + OpenStreetMap", "street_points": 92, "area_km2": 0.309, "label_lon": -45.922298, "label_lat": -22.249772}, "geometry": {"type": "MultiPolygon", "coordinates": [[[[-45.9272, -22.252285], [-45.927048, -22.251689], [-45.926722, -22.251749], [-45.926412, -22.251591], [-45.926368, -22.251392], [-45.926016, -22.251351], [-45.92581, -22.251147], [-45.926041, -22.250944], [-45.926447, -22.251009], [-45.92647, -22.250739], [-45.926749, -22.250457], [-45.926718, -22.24985], [-45.926283, -22.249791], [-45.926012, -22.24991], [-45.925935, -22.249729], [-45.925593, -22.249503], [-45.925508, -22.249776], [-45.92538, -22.249837], [-45.924232, -22.249676], [-45.924168, -22.249588], [-45.924549, -22.247889], [-45.923712, -22.247489], [-45.923336, -22.247902], [-45.922794, -22.248093], [-45.920804, -22.247778], [-45.920215, -22.247901], [-45.919738, -22.248203], [-45.919419, -22.24865], [-45.919166, -22.249685], [-45.919549, -22.250979], [-45.921012, -22.251099], [-45.921719, -22.252204], [-45.922772, -22.252193], [-45.923085, -22.252304], [-45.923581, -22.252661], [-45.923952, -22.252737], [-45.924537, -22.252407], [-45.924914, -22.252335], [-45.926316, -22.252557], [-45.92652, -22.252655], [-45.9272, -22.252285]]], [[[-45.926247, -22.248337], [-45.925913, -22.248071], [-45.924927, -22.24804], [-45.92525, -22.249008], [-45.925594, -22.249428], [-45.92595, -22.249438], [-45.9262, -22.249163], [-45.926247, -22.248337]]]]}}, {"type": "Feature", "properties": {"name": "Francisca Augusta Rios", "kind": "bairro", "approximate": true, "source": "Correios (ViaCEP) + OpenStreetMap", "street_points": 174, "area_km2": 0.456, "label_lon": -45.925813, "label_lat": -22.259475}, "geometry": {"type": "Polygon", "coordinates": [[[-45.929945, -22.259866], [-45.930253, -22.259696], [-45.930425, -22.25946], [-45.930828, -22.259401], [-45.930458, -22.259287], [-45.930378, -22.259103], [-45.930787, -22.259056], [-45.930706, -22.258895], [-45.930471, -22.258881], [-45.93047, -22.258674], [-45.929997, -22.258081], [-45.929613, -22.258], [-45.929446, -22.257839], [-45.928626, -22.257769], [-45.928164, -22.257921], [-45.92591, -22.257497], [-45.925191, -22.257474], [-45.924887, -22.257308], [-45.92441, -22.257217], [-45.923977, -22.256832], [-45.923636, -22.25681], [-45.923219, -22.256996], [-45.922583, -22.25687], [-45.922146, -22.257056], [-45.921802, -22.25703], [-45.921375, -22.256645], [-45.920587, -22.256486], [-45.920238, -22.256496], [-45.918883, -22.256816], [-45.918816, -22.257554], [-45.918938, -22.258106], [-45.919328, -22.258974], [-45.919451, -22.259497], [-45.920053, -22.260348], [-45.92101, -22.260025], [-45.921296, -22.260151], [-45.922181, -22.260193], [-45.922326, -22.260314], [-45.922643, -22.260295], [-45.922706, -22.260054], [-45.923719, -22.26022], [-45.923866, -22.260322], [-45.923826, -22.260748], [-45.924378, -22.261099], [-45.925235, -22.262235], [-45.925581, -22.262166], [-45.926079, -22.261397], [-45.92654, -22.261537], [-45.927129, -22.26118], [-45.927293, -22.261443], [-45.927486, -22.261291], [-45.927392, -22.260975], [-45.927587, -22.260916], [-45.927834, -22.26105], [-45.927918, -22.260998], [-45.927995, -22.260659], [-45.92821, -22.260718], [-45.928053, -22.261017], [-45.928114, -22.261032], [-45.928266, -22.260742], [-45.928456, -22.260796], [-45.928265, -22.261098], [-45.928671, -22.261766], [-45.928925, -22.26186], [-45.92937, -22.261854], [-45.929726, -22.26122], [-45.929945, -22.259866]]]}}, {"type": "Feature", "properties": {"name": "Fátima I", "kind": "bairro", "approximate": true, "source": "Correios (ViaCEP) + OpenStreetMap", "street_points": 167, "area_km2": 0.608, "label_lon": -45.913878, "label_lat": -22.222094}, "geometry": {"type": "MultiPolygon", "coordinates": [[[[-45.922688, -22.226083], [-45.923377, -22.225855], [-45.923446, -22.225577], [-45.923031, -22.22512], [-45.921793, -22.224646], [-45.921441, -22.224711], [-45.921281, -22.226061], [-45.921345, -22.226102], [-45.922688, -22.226083]]], [[[-45.925277, -22.224849], [-45.925474, -22.224693], [-45.925385, -22.224247], [-45.924428, -22.224222], [-45.924454, -22.224598], [-45.92475, -22.224623], [-45.924815, -22.224725], [-45.925277, -22.224849]]], [[[-45.927626, -22.224244], [-45.927651, -22.223897], [-45.928077, -22.223645], [-45.928018, -22.223455], [-45.927585, -22.223742], [-45.927434, -22.223591], [-45.926655, -22.223708], [-45.926418, -22.224142], [-45.926135, -22.224095], [-45.926031, -22.22418], [-45.925526, -22.224214], [-45.925667, -22.224687], [-45.925811, -22.224562], [-45.926169, -22.224513], [-45.926431, -22.224653], [-45.927268, -22.22485], [-45.92743, -22.224777], [-45.927626, -22.224244]]], [[[-45.922448, -22.22342], [-45.922056, -22.222747], [-45.922177, -22.222617], [-45.921744, -22.221891], [-45.921878, -22.221646], [-45.921082, -22.220605], [-45.92087, -22.220531], [-45.920622, -22.220296], [-45.92029, -22.220578], [-45.920204, -22.220284], [-45.91994, -22.220046], [-45.919577, -22.220229], [-45.919455, -22.220517], [-45.919141, -22.220411], [-45.918771, -22.220252], [-45.918892, -22.219969], [-45.918835, -22.219742], [-45.918574, -22.219544], [-45.918417, -22.220148], [-45.917994, -22.220208], [-45.917591, -22.220389], [-45.916852, -22.220157], [-45.915339, -22.220311], [-45.915017, -22.220076], [-45.91404, -22.219805], [-45.913291, -22.219448], [-45.912947, -22.219823], [-45.91204, -22.220315], [-45.911707, -22.220786], [-45.911423, -22.221952], [-45.911474, -22.222431], [-45.911124, -22.224515], [-45.912677, -22.225163], [-45.91355, -22.224937], [-45.913853, -22.224592], [-45.914099, -22.224532], [-45.914465, -22.224586], [-45.915108, -22.223996], [-45.91511, -22.224508], [-45.914868, -22.224783], [-45.914533, -22.224686], [-45.91454, -22.224912], [-45.914274, -22.225131], [-45.91374, -22.225032], [-45.914872, -22.226224], [-45.915308, -22.226045], [-45.91552, -22.225658], [-45.915965, -22.225307], [-45.918214, -22.224909], [-45.918117, -22.224206], [-45.917748, -22.224132], [-45.917672, -22.224037], [-45.917815, -22.223873], [-45.918172, -22.223838], [-45.918358, -22.223963], [-45.918793, -22.223957], [-45.918881, -22.223907], [-45.918892, -22.223621], [-45.919096, -22.22363], [-45.919125, -22.223361], [-45.919284, -22.22342], [-45.919226, -22.223893], [-45.919499, -22.223947], [-45.919588, -22.224485], [-45.920275, -22.22414], [-45.920402, -22.224149], [-45.920474, -22.224003], [-45.920612, -22.223959], [-45.920516, -22.224215], [-45.920666, -22.22432], [-45.920804, -22.224036], [-45.921141, -22.224005], [-45.921957, -22.224204], [-45.922557, -22.224585], [-45.922582, -22.224693], [-45.922929, -22.224586], [-45.923138, -22.224035], [-45.922781, -22.22351], [-45.922448, -22.22342]]]]}}, {"type": "Feature", "properties": {"name": "Fátima II", "kind": "bairro", "approximate": true, "source": "Correios (ViaCEP) + OpenStreetMap", "street_points": 78, "area_km2": 0.225, "label_lon": -45.920284, "label_lat": -22.218666}, "geometry": {"type": "Polygon", "coordinates": [[[-45.921349, -22.220435], [-45.92167, -22.22048], [-45.922011, -22.220384], [-45.92205, -22.219694], [-45.922333, -22.219549], [-45.922535, -22.219215], [-45.922697, -22.219194], [-45.922824, -22.21928], [-45.923557, -22.218752], [-45.922884, -22.218574], [-45.922486, -22.218743], [-45.922262, -22.218676], [-45.922777, -22.218438], [-45.922717, -22.218217], [-45.922199, -22.218457], [-45.9222, -22.218156], [-45.921869, -22.217835], [-45.921811, -22.217491], [-45.922162, -22.217298], [-45.922129, -22.217011], [-45.921345, -22.21751], [-45.92113, -22.217474], [-45.921382, -22.216829], [-45.921193, -22.215458], [-45.920894, -22.215351], [-45.920412, -22.216399], [-45.919327, -22.216843], [-45.918943, -22.217936], [-45.917804, -22.217654], [-45.917486, -22.217794], [-45.917272, -22.218327], [-45.916932, -22.218243], [-45.916545, -22.218305], [-45.915458, -22.219273], [-45.915017, -22.220076], [-45.915339, -22.220311], [-45.916852, -22.220157], [-45.917591, -22.220389], [-45.917994, -22.220208], [-45.918417, -22.220148], [-45.918574, -22.219544], [-45.918835, -22.219742], [-45.918892, -22.219969], [-45.918811, -22.220289], [-45.919455, -22.220517], [-45.919577, -22.220229], [-45.91994, -22.220046], [-45.920204, -22.220284], [-45.92029, -22.220578], [-45.920622, -22.220296], [-45.92087, -22.220531], [-45.92108, -22.220605], [-45.921349, -22.220435]]]}}, {"type": "Feature", "properties": {"name": "Fátima III", "kind": "bairro", "approximate": true, "source": "Correios (ViaCEP) + OpenStreetMap", "street_points": 81, "area_km2": 0.366, "label_lon": -45.915723, "label_lat": -22.215868}, "geometry": {"type": "Polygon", "coordinates": [[[-45.918943, -22.217936], [-45.919327, -22.216843], [-45.920412, -22.216399], [-45.920894, -22.215351], [-45.920467, -22.214973], [-45.918651, -22.215384], [-45.918294, -22.21521], [-45.918476, -22.214799], [-45.918438, -22.214573], [-45.920074, -22.214028], [-45.918342, -22.21441], [-45.918221, -22.214323], [-45.918371, -22.214133], [-45.918314, -22.213896], [-45.919766, -22.213796], [-45.918166, -22.213707], [-45.918009, -22.213599], [-45.917108, -22.213744], [-45.916754, -22.213389], [-45.916371, -22.213221], [-45.915941, -22.21321], [-45.914652, -22.2137], [-45.914352, -22.213634], [-45.913666, -22.214194], [-45.913186, -22.215082], [-45.913113, -22.215782], [-45.913206, -22.216413], [-45.912734, -22.217912], [-45.913153, -22.218214], [-45.91336, -22.218578], [-45.913419, -22.219038], [-45.913291, -22.219448], [-45.91404, -22.219805], [-45.915017, -22.220076], [-45.915458, -22.219273], [-45.916545, -22.218305], [-45.916932, -22.218243], [-45.917272, -22.218327], [-45.917486, -22.217794], [-45.917804, -22.217654], [-45.918943, -22.217936]]]}}, {"type": "Feature", "properties": {"name": "Gleba Alberto de Barros Cobra", "kind": "bairro", "approximate": true, "source": "Correios (ViaCEP) + OpenStreetMap", "street_points": 207, "area_km2": 0.851, "label_lon": -45.917046, "label_lat": -22.226735}, "geometry": {"type": "MultiPolygon", "coordinates": [[[[-45.932673, -22.235751], [-45.933044, -22.23539], [-45.932831, -22.23533], [-45.93257, -22.235697], [-45.932673, -22.235751]]], [[[-45.929286, -22.23413], [-45.928772, -22.233655], [-45.927196, -22.234172], [-45.927096, -22.23399], [-45.926813, -22.234068], [-45.926837, -22.233922], [-45.926637, -22.233867], [-45.926664, -22.23395], [-45.926483, -22.234145], [-45.92663, -22.234265], [-45.926847, -22.235247], [-45.927601, -22.235146], [-45.928657, -22.235211], [-45.929776, -22.235607], [-45.930425, -22.235592], [-45.930756, -22.235675], [-45.931373, -22.236071], [-45.932439, -22.235681], [-45.93256, -22.235476], [-45.932563, -22.235198], [-45.932306, -22.235162], [-45.93223, -22.235056], [-45.931474, -22.234733], [-45.931324, -22.234813], [-45.931094, -22.234764], [-45.930992, -22.235034], [-45.930885, -22.234829], [-45.93095, -22.234675], [-45.930814, -22.234423], [-45.930379, -22.23437], [-45.93009, -22.234127], [-45.929624, -22.234248], [-45.929286, -22.23413]]], [[[-45.925633, -22.232314], [-45.925354, -22.232346], [-45.925164, -22.232468], [-45.925382, -22.231033], [-45.925267, -22.230824], [-45.925002, -22.230477], [-45.924299, -22.230125], [-45.924035, -22.229722], [-45.923069, -22.228964], [-45.923366, -22.228014], [-45.922931, -22.227545], [-45.92305, -22.227162], [-45.922688, -22.226083], [-45.921396, -22.226127], [-45.921227, -22.226045], [-45.920438, -22.226443], [-45.919958, -22.226515], [-45.919211, -22.226207], [-45.918981, -22.226018], [-45.919541, -22.225495], [-45.919449, -22.225311], [-45.919723, -22.225041], [-45.919897, -22.225126], [-45.920666, -22.22432], [-45.920516, -22.224215], [-45.920612, -22.223959], [-45.920474, -22.224003], [-45.920402, -22.224149], [-45.920275, -22.22414], [-45.919522, -22.22452], [-45.919589, -22.22491], [-45.919313, -22.225172], [-45.918613, -22.225023], [-45.918387, -22.224887], [-45.916174, -22.22523], [-45.915726, -22.225458], [-45.915308, -22.226045], [-45.914575, -22.226357], [-45.914017, -22.226818], [-45.913376, -22.226885], [-45.912689, -22.227142], [-45.91171, -22.227277], [-45.909298, -22.227171], [-45.90895, -22.227027], [-45.908574, -22.226695], [-45.908277, -22.22577], [-45.90732, -22.225914], [-45.906587, -22.226288], [-45.904866, -22.226382], [-45.904275, -22.226495], [-45.903774, -22.22681], [-45.903169, -22.227518], [-45.902547, -22.227709], [-45.902696, -22.228632], [-45.903419, -22.228651], [-45.904292, -22.229163], [-45.904886, -22.229269], [-45.909143, -22.22903], [-45.910713, -22.229187], [-45.912426, -22.229074], [-45.918468, -22.228159], [-45.919037, -22.228153], [-45.919643, -22.228472], [-45.922335, -22.231546], [-45.9231, -22.232628], [-45.923211, -22.233047], [-45.923166, -22.233391], [-45.925017, -22.233746], [-45.925854, -22.234074], [-45.926354, -22.234049], [-45.926532, -22.233857], [-45.92662, -22.233547], [-45.926453, -22.233609], [-45.926321, -22.233501], [-45.926393, -22.233341], [-45.926031, -22.232984], [-45.926041, -22.232381], [-45.925633, -22.232314]]]]}}, {"type": "Feature", "properties": {"name": "Gran Royalle - Pouso Alegre", "kind": "bairro", "approximate": true, "source": "Correios (ViaCEP) + OpenStreetMap", "street_points": 165, "area_km2": 0.928, "label_lon": -45.913605, "label_lat": -22.303286}, "geometry": {"type": "Polygon", "coordinates": [[[-45.91689, -22.304814], [-45.916813, -22.304426], [-45.916965, -22.304334], [-45.916936, -22.304115], [-45.917072, -22.304035], [-45.91705, -22.303801], [-45.917177, -22.303731], [-45.917164, -22.303486], [-45.917282, -22.303428], [-45.91728, -22.30317], [-45.917376, -22.303123], [-45.917584, -22.301886], [-45.915911, -22.299993], [-45.915613, -22.300156], [-45.915179, -22.300234], [-45.913487, -22.300035], [-45.913154, -22.300073], [-45.912561, -22.300187], [-45.911694, -22.300638], [-45.91104, -22.300594], [-45.910585, -22.300309], [-45.910187, -22.299801], [-45.910101, -22.299281], [-45.910231, -22.298873], [-45.909369, -22.298216], [-45.907746, -22.296612], [-45.906077, -22.296739], [-45.904956, -22.296507], [-45.9047, -22.297096], [-45.904759, -22.297274], [-45.904673, -22.29739], [-45.904542, -22.297382], [-45.904496, -22.297694], [-45.904425, -22.297683], [-45.904331, -22.297991], [-45.905069, -22.29843], [-45.905414, -22.299954], [-45.906, -22.300051], [-45.906587, -22.300453], [-45.907356, -22.301164], [-45.908944, -22.30298], [-45.910136, -22.303884], [-45.91033, -22.304379], [-45.910299, -22.306337], [-45.910479, -22.307171], [-45.911044, -22.307901], [-45.91185, -22.308361], [-45.913134, -22.308854], [-45.91404, -22.308991], [-45.915745, -22.30902], [-45.916338, -22.308907], [-45.91684, -22.308591], [-45.917173, -22.30812], [-45.917292, -22.307086], [-45.917898, -22.305715], [-45.91689, -22.304814]]]}}, {"type": "Feature", "properties": {"name": "Guanabara", "kind": "bairro", "approximate": true, "source": "Correios (ViaCEP) + OpenStreetMap", "street_points": 64, "area_km2": 0.131, "label_lon": -45.925824, "label_lat": -22.229467}, "geometry": {"type": "Polygon", "coordinates": [[[-45.927831, -22.229755], [-45.92799, -22.229569], [-45.928407, -22.229332], [-45.928338, -22.228877], [-45.927968, -22.228498], [-45.928177, -22.228062], [-45.928125, -22.227796], [-45.927977, -22.227843], [-45.927743, -22.228152], [-45.927487, -22.228133], [-45.927438, -22.227877], [-45.927078, -22.227589], [-45.926925, -22.227614], [-45.926928, -22.227743], [-45.926685, -22.228001], [-45.926359, -22.228057], [-45.926181, -22.227829], [-45.925727, -22.227879], [-45.925738, -22.228179], [-45.92549, -22.228133], [-45.92545, -22.227887], [-45.925261, -22.22777], [-45.925239, -22.227442], [-45.924949, -22.227537], [-45.924693, -22.227969], [-45.924392, -22.228075], [-45.924261, -22.228006], [-45.923366, -22.228014], [-45.923069, -22.228964], [-45.924035, -22.229722], [-45.924299, -22.230125], [-45.925002, -22.230477], [-45.925382, -22.231033], [-45.925899, -22.231021], [-45.926282, -22.230901], [-45.926708, -22.230492], [-45.927118, -22.230344], [-45.927169, -22.229706], [-45.927831, -22.229755]]]}}, {"type": "Feature", "properties": {"name": "Ipiranga", "kind": "bairro", "approximate": true, "source": "Correios (ViaCEP) + OpenStreetMap", "street_points": 98, "area_km2": 1.181, "label_lon": -45.899469, "label_lat": -22.241747}, "geometry": {"type": "Polygon", "coordinates": [[[-45.897564, -22.231594], [-45.896676, -22.232173], [-45.89685, -22.232523], [-45.896885, -22.23284], [-45.896674, -22.233744], [-45.896661, -22.235418], [-45.89714, -22.23798], [-45.897126, -22.238623], [-45.897593, -22.240398], [-45.898001, -22.242768], [-45.897982, -22.243635], [-45.897385, -22.247078], [-45.896382, -22.24978], [-45.895984, -22.250512], [-45.895584, -22.251596], [-45.8951, -22.252456], [-45.894188, -22.253545], [-45.892952, -22.256393], [-45.892265, -22.25749], [-45.891525, -22.258457], [-45.890627, -22.259347], [-45.890093, -22.260042], [-45.889161, -22.26177], [-45.889046, -22.262323], [-45.889168, -22.262875], [-45.889507, -22.263341], [-45.890012, -22.263652], [-45.890635, -22.263754], [-45.8912, -22.263645], [-45.891701, -22.263329], [-45.892772, -22.261458], [-45.893766, -22.260443], [-45.89509, -22.258711], [-45.89577, -22.257579], [-45.89692, -22.254941], [-45.897909, -22.253672], [-45.898392, -22.252798], [-45.898809, -22.251689], [-45.899296, -22.250739], [-45.900306, -22.248028], [-45.90077, -22.245125], [-45.901068, -22.244032], [-45.901052, -22.242352], [-45.901127, -22.241854], [-45.901005, -22.241302], [-45.900785, -22.240892], [-45.900549, -22.239632], [-45.900274, -22.238738], [-45.900347, -22.237943], [-45.900002, -22.236836], [-45.899748, -22.235308], [-45.89977, -22.233743], [-45.899653, -22.233217], [-45.899178, -22.232474], [-45.899134, -22.232044], [-45.89924, -22.231698], [-45.899072, -22.231625], [-45.897564, -22.231594]]]}}, {"type": "Feature", "properties": {"name": "Jardim Aeroporto", "kind": "bairro", "approximate": true, "source": "Correios (ViaCEP) + OpenStreetMap", "street_points": 62, "area_km2": 0.25, "label_lon": -45.923188, "label_lat": -22.279769}, "geometry": {"type": "MultiPolygon", "coordinates": [[[[-45.923638, -22.287177], [-45.923134, -22.287185], [-45.923013, -22.287309], [-45.923127, -22.287466], [-45.923518, -22.28742], [-45.923638, -22.287177]]], [[[-45.922753, -22.286587], [-45.92311, -22.286861], [-45.923786, -22.286857], [-45.924978, -22.28564], [-45.922914, -22.285658], [-45.922829, -22.285845], [-45.922895, -22.285915], [-45.923703, -22.285901], [-45.922913, -22.286136], [-45.922924, -22.286307], [-45.922753, -22.286587]]], [[[-45.92292, -22.285095], [-45.922843, -22.285358], [-45.922899, -22.285487], [-45.924894, -22.285537], [-45.92472, -22.28514], [-45.92292, -22.285095]]], [[[-45.922958, -22.284679], [-45.922907, -22.284924], [-45.924705, -22.285042], [-45.924709, -22.284794], [-45.922958, -22.284679]]], [[[-45.922906, -22.284414], [-45.922942, -22.284499], [-45.924719, -22.284744], [-45.924833, -22.284435], [-45.923385, -22.283692], [-45.923149, -22.283894], [-45.923949, -22.284304], [-45.923079, -22.284089], [-45.92308, -22.284281], [-45.922906, -22.284414]]], [[[-45.923271, -22.283191], [-45.92396, -22.283169], [-45.923372, -22.283569], [-45.925061, -22.283829], [-45.92504, -22.282814], [-45.925322, -22.282291], [-45.924677, -22.281233], [-45.92308, -22.28132], [-45.922986, -22.281528], [-45.92234, -22.282012], [-45.923271, -22.283191]]], [[[-45.923521, -22.289115], [-45.923504, -22.288964], [-45.923095, -22.288935], [-45.923103, -22.289101], [-45.923008, -22.289193], [-45.923287, -22.289438], [-45.922953, -22.289629], [-45.923146, -22.28975], [-45.923069, -22.290063], [-45.922939, -22.290106], [-45.92317, -22.290398], [-45.922809, -22.290603], [-45.922938, -22.290699], [-45.923089, -22.292437], [-45.923178, -22.292463], [-45.923236, -22.29236], [-45.923118, -22.290717], [-45.923337, -22.290684], [-45.923416, -22.290589], [-45.92322, -22.290403], [-45.923368, -22.290083], [-45.923246, -22.289758], [-45.923482, -22.28963], [-45.92331, -22.289439], [-45.923521, -22.289115]]], [[[-45.919521, -22.289654], [-45.919207, -22.290541], [-45.920471, -22.290838], [-45.921113, -22.290583], [-45.921267, -22.290176], [-45.921341, -22.289319], [-45.919582, -22.289095], [-45.919521, -22.289654]]], [[[-45.923563, -22.288697], [-45.923409, -22.288485], [-45.923038, -22.288643], [-45.923015, -22.288712], [-45.923083, -22.28878], [-45.923489, -22.288795], [-45.923563, -22.288697]]], [[[-45.923533, -22.287635], [-45.923137, -22.287579], [-45.923079, -22.287779], [-45.923175, -22.287823], [-45.923243, -22.288148], [-45.923009, -22.288273], [-45.923407, -22.288458], [-45.923531, -22.288218], [-45.923379, -22.288148], [-45.923394, -22.287828], [-45.923579, -22.28775], [-45.923533, -22.287635]]], [[[-45.921485, -22.280904], [-45.921103, -22.280891], [-45.920967, -22.280999], [-45.92081, -22.280614], [-45.920335, -22.280879], [-45.920252, -22.28101], [-45.920353, -22.281216], [-45.920272, -22.28156], [-45.920126, -22.281671], [-45.919985, -22.282031], [-45.920053, -22.282181], [-45.920246, -22.28228], [-45.920008, -22.283657], [-45.920258, -22.283451], [-45.920423, -22.282323], [-45.920783, -22.282166], [-45.920881, -22.281853], [-45.922145, -22.28183], [-45.921625, -22.281214], [-45.921485, -22.280904]]], [[[-45.925101, -22.277866], [-45.925009, -22.277722], [-45.923365, -22.278677], [-45.922567, -22.278746], [-45.922537, -22.279012], [-45.920886, -22.278927], [-45.920824, -22.279032], [-45.920957, -22.279325], [-45.920673, -22.279845], [-45.920549, -22.279915], [-45.920657, -22.280204], [-45.920588, -22.280374], [-45.920815, -22.280595], [-45.921088, -22.280464], [-45.921142, -22.280727], [-45.921542, -22.28075], [-45.921621, -22.280577], [-45.922341, -22.280098], [-45.923125, -22.281143], [-45.92464, -22.281121], [-45.923972, -22.279266], [-45.923833, -22.279123], [-45.923866, -22.278846], [-45.92362, -22.278725], [-45.925101, -22.277866]]]]}}, {"type": "Feature", "properties": {"name": "Jardim Alvorada", "kind": "bairro", "approximate": true, "source": "Correios (ViaCEP) + OpenStreetMap", "street_points": 32, "area_km2": 0.04, "label_lon": -45.929757, "label_lat": -22.229161}, "geometry": {"type": "Polygon", "coordinates": [[[-45.930533, -22.228767], [-45.929861, -22.228123], [-45.929613, -22.228392], [-45.929385, -22.228153], [-45.928959, -22.228517], [-45.928767, -22.228457], [-45.928647, -22.228698], [-45.928338, -22.228877], [-45.928407, -22.229332], [-45.929013, -22.229366], [-45.928984, -22.229593], [-45.928799, -22.229687], [-45.92852, -22.230382], [-45.929327, -22.230234], [-45.929371, -22.230535], [-45.92909, -22.230661], [-45.92918, -22.230891], [-45.929086, -22.230997], [-45.929303, -22.231143], [-45.929505, -22.230959], [-45.92958, -22.230674], [-45.929381, -22.230538], [-45.929691, -22.230247], [-45.929856, -22.229921], [-45.93057, -22.229825], [-45.930469, -22.229616], [-45.930533, -22.228767]]]}}, {"type": "Feature", "properties": {"name": "Jardim Amazonas I", "kind": "bairro", "approximate": true, "source": "Correios (ViaCEP) + OpenStreetMap", "street_points": 26, "area_km2": 0.07, "label_lon": -45.953819, "label_lat": -22.237948}, "geometry": {"type": "Polygon", "coordinates": [[[-45.955152, -22.238075], [-45.955411, -22.237821], [-45.955424, -22.237497], [-45.955206, -22.237337], [-45.954951, -22.237322], [-45.954567, -22.236926], [-45.954722, -22.236782], [-45.954679, -22.236585], [-45.954486, -22.236439], [-45.954229, -22.236475], [-45.952936, -22.237553], [-45.952942, -22.237697], [-45.951621, -22.238721], [-45.951797, -22.239023], [-45.95186, -22.239436], [-45.953037, -22.23979], [-45.954987, -22.23807], [-45.955152, -22.238075]]]}}, {"type": "Feature", "properties": {"name": "Jardim Amazonas II", "kind": "bairro", "approximate": true, "source": "Correios (ViaCEP) + OpenStreetMap", "street_points": 13, "area_km2": 0.072, "label_lon": -45.951713, "label_lat": -22.237252}, "geometry": {"type": "Polygon", "coordinates": [[[-45.954198, -22.236564], [-45.954198, -22.236384], [-45.955354, -22.235088], [-45.953995, -22.236185], [-45.953241, -22.235948], [-45.952812, -22.235906], [-45.952449, -22.236119], [-45.951788, -22.236122], [-45.95141, -22.236215], [-45.950786, -22.236544], [-45.950226, -22.237133], [-45.95089, -22.23803], [-45.951621, -22.238721], [-45.952942, -22.237697], [-45.952936, -22.237553], [-45.954198, -22.236564]]]}}, {"type": "Feature", "properties": {"name": "Jardim América", "kind": "bairro", "approximate": true, "source": "Correios (ViaCEP) + OpenStreetMap", "street_points": 86, "area_km2": 0.182, "label_lon": -45.947303, "label_lat": -22.230652}, "geometry": {"type": "Polygon", "coordinates": [[[-45.948136, -22.232613], [-45.949102, -22.233046], [-45.949099, -22.232727], [-45.94925, -22.232328], [-45.94988, -22.231445], [-45.950226, -22.231157], [-45.949827, -22.230609], [-45.949246, -22.230218], [-45.948974, -22.23013], [-45.94847, -22.229271], [-45.948282, -22.229176], [-45.948271, -22.228702], [-45.94809, -22.228688], [-45.948103, -22.229094], [-45.947794, -22.22927], [-45.947572, -22.229275], [-45.947445, -22.229184], [-45.947434, -22.228837], [-45.94726, -22.228848], [-45.947263, -22.22918], [-45.947051, -22.229223], [-45.947043, -22.229004], [-45.946793, -22.228877], [-45.946811, -22.229191], [-45.946288, -22.229341], [-45.945985, -22.229242], [-45.945973, -22.228964], [-45.945662, -22.228974], [-45.945562, -22.2291], [-45.945379, -22.228964], [-45.945201, -22.229088], [-45.945277, -22.229273], [-45.945053, -22.229412], [-45.944707, -22.229382], [-45.944533, -22.229549], [-45.944258, -22.229582], [-45.944095, -22.230327], [-45.944843, -22.230316], [-45.944865, -22.230603], [-45.944536, -22.231015], [-45.944826, -22.231526], [-45.944765, -22.232034], [-45.944998, -22.232673], [-45.945469, -22.232657], [-45.945895, -22.232383], [-45.946347, -22.232416], [-45.947043, -22.232029], [-45.947692, -22.232279], [-45.948136, -22.232613]]]}}, {"type": "Feature", "properties": {"name": "Jardim Aureliano", "kind": "bairro", "approximate": true, "source": "Correios (ViaCEP) + OpenStreetMap", "street_points": 41, "area_km2": 0.152, "label_lon": -45.933007, "label_lat": -22.258604}, "geometry": {"type": "Polygon", "coordinates": [[[-45.936588, -22.258476], [-45.937128, -22.258057], [-45.937528, -22.257586], [-45.937122, -22.257153], [-45.93691, -22.256411], [-45.934546, -22.256979], [-45.934093, -22.256975], [-45.933841, -22.257133], [-45.933376, -22.257231], [-45.933115, -22.25716], [-45.932772, -22.257372], [-45.932419, -22.257455], [-45.931808, -22.257434], [-45.931685, -22.257609], [-45.931173, -22.257671], [-45.931034, -22.257873], [-45.930712, -22.257881], [-45.930829, -22.258043], [-45.931075, -22.258061], [-45.93114, -22.2582], [-45.931021, -22.258498], [-45.930778, -22.258468], [-45.931435, -22.259096], [-45.931747, -22.259535], [-45.932881, -22.259873], [-45.933363, -22.25988], [-45.934003, -22.259523], [-45.934663, -22.259454], [-45.935386, -22.258789], [-45.936588, -22.258476]]]}}, {"type": "Feature", "properties": {"name": "Jardim Brasil I", "kind": "bairro", "approximate": true, "source": "Correios (ViaCEP) + OpenStreetMap", "street_points": 39, "area_km2": 0.16, "label_lon": -45.920789, "label_lat": -22.28689}, "geometry": {"type": "MultiPolygon", "coordinates": [[[[-45.921276, -22.289256], [-45.92125, -22.289075], [-45.919598, -22.288918], [-45.919582, -22.289095], [-45.921276, -22.289256]]], [[[-45.923134, -22.287185], [-45.923638, -22.287177], [-45.923786, -22.286857], [-45.92311, -22.286861], [-45.922753, -22.286587], [-45.921767, -22.286642], [-45.921573, -22.28637], [-45.921555, -22.286035], [-45.921649, -22.285894], [-45.921569, -22.285713], [-45.921641, -22.285404], [-45.921598, -22.285055], [-45.921666, -22.284934], [-45.92287, -22.284881], [-45.922958, -22.284679], [-45.924719, -22.284744], [-45.922942, -22.284499], [-45.922752, -22.284368], [-45.922509, -22.284453], [-45.92164, -22.284482], [-45.92163, -22.28402], [-45.923149, -22.283894], [-45.923385, -22.283692], [-45.924833, -22.284435], [-45.924997, -22.284141], [-45.925061, -22.283829], [-45.922867, -22.283424], [-45.923073, -22.282916], [-45.922929, -22.282745], [-45.922721, -22.283301], [-45.922517, -22.283063], [-45.922339, -22.283182], [-45.92212, -22.283063], [-45.921971, -22.283125], [-45.921727, -22.283038], [-45.921564, -22.283127], [-45.920625, -22.283146], [-45.920008, -22.283657], [-45.919893, -22.285967], [-45.919608, -22.288805], [-45.921241, -22.288906], [-45.921407, -22.288725], [-45.921493, -22.287869], [-45.921441, -22.28763], [-45.921517, -22.287444], [-45.921746, -22.287365], [-45.923013, -22.287309], [-45.923134, -22.287185]]]]}}, {"type": "Feature", "properties": {"name": "Jardim Califórnia", "kind": "bairro", "approximate": true, "source": "Correios (ViaCEP) + OpenStreetMap", "street_points": 36, "area_km2": 0.282, "label_lon": -45.918636, "label_lat": -22.270677}, "geometry": {"type": "Polygon", "coordinates": [[[-45.920359, -22.269026], [-45.919976, -22.269107], [-45.91928, -22.269093], [-45.918048, -22.268607], [-45.917536, -22.269287], [-45.916863, -22.269737], [-45.916309, -22.270474], [-45.916521, -22.270678], [-45.917265, -22.272023], [-45.917347, -22.272727], [-45.918008, -22.273004], [-45.918868, -22.272657], [-45.919642, -22.272144], [-45.920507, -22.271887], [-45.921604, -22.270635], [-45.922524, -22.270706], [-45.923031, -22.270648], [-45.923507, -22.270418], [-45.924233, -22.269734], [-45.924347, -22.269336], [-45.924108, -22.268632], [-45.924149, -22.267615], [-45.923594, -22.267465], [-45.92253, -22.266722], [-45.921734, -22.266581], [-45.921471, -22.267359], [-45.921479, -22.267822], [-45.921358, -22.268175], [-45.920669, -22.268872], [-45.920359, -22.269026]]]}}, {"type": "Feature", "properties": {"name": "Jardim Canadá", "kind": "bairro", "approximate": true, "source": "Correios (ViaCEP) + OpenStreetMap", "street_points": 46, "area_km2": 0.165, "label_lon": -45.937992, "label_lat": -22.259232}, "geometry": {"type": "Polygon", "coordinates": [[[-45.938151, -22.262672], [-45.938317, -22.262483], [-45.93969, -22.264225], [-45.939721, -22.263706], [-45.938495, -22.262422], [-45.938903, -22.262081], [-45.939246, -22.262159], [-45.93959, -22.262503], [-45.939785, -22.263073], [-45.940715, -22.262319], [-45.940875, -22.262046], [-45.940934, -22.261693], [-45.940829, -22.260959], [-45.93977, -22.261226], [-45.939629, -22.261345], [-45.939311, -22.261371], [-45.939233, -22.261873], [-45.939032, -22.261296], [-45.939127, -22.26127], [-45.939291, -22.260966], [-45.9392, -22.260682], [-45.939435, -22.259468], [-45.939367, -22.25785], [-45.938967, -22.257883], [-45.938008, -22.257757], [-45.937528, -22.257586], [-45.937128, -22.258057], [-45.936588, -22.258476], [-45.936514, -22.259495], [-45.936252, -22.259838], [-45.936696, -22.260071], [-45.936811, -22.260282], [-45.937112, -22.261461], [-45.937291, -22.261756], [-45.937125, -22.262117], [-45.937564, -22.262328], [-45.937764, -22.262745], [-45.937948, -22.262743], [-45.93958, -22.26461], [-45.939651, -22.264575], [-45.938151, -22.262672]]]}}, {"type": "Feature", "properties": {"name": "Jardim Esplanada", "kind": "bairro", "approximate": true, "source": "Correios (ViaCEP) + OpenStreetMap", "street_points": 60, "area_km2": 0.232, "label_lon": -45.938564, "label_lat": -22.216589}, "geometry": {"type": "Polygon", "coordinates": [[[-45.941618, -22.219049], [-45.941841, -22.218335], [-45.941804, -22.218017], [-45.940735, -22.217235], [-45.940537, -22.217206], [-45.940035, -22.216659], [-45.939792, -22.214621], [-45.939507, -22.2146], [-45.939275, -22.214117], [-45.939247, -22.213777], [-45.939445, -22.213262], [-45.938941, -22.212131], [-45.938151, -22.212594], [-45.938, -22.212914], [-45.937622, -22.214625], [-45.93706, -22.21554], [-45.936234, -22.215693], [-45.936615, -22.215947], [-45.936785, -22.216178], [-45.93716, -22.21614], [-45.937177, -22.2163], [-45.936803, -22.216338], [-45.936712, -22.216583], [-45.936107, -22.217241], [-45.936197, -22.21778], [-45.936726, -22.218101], [-45.937312, -22.217917], [-45.937607, -22.217721], [-45.937906, -22.217817], [-45.938473, -22.218466], [-45.938955, -22.218201], [-45.939451, -22.218998], [-45.939669, -22.218989], [-45.939868, -22.2193], [-45.939374, -22.219764], [-45.939433, -22.21993], [-45.939342, -22.220117], [-45.939752, -22.220597], [-45.940169, -22.220346], [-45.94025, -22.220719], [-45.940955, -22.220826], [-45.941076, -22.220117], [-45.941618, -22.219049]], [[-45.940039, -22.21921], [-45.939848, -22.218895], [-45.940027, -22.218603], [-45.940197, -22.217986], [-45.940575, -22.218835], [-45.94028, -22.219203], [-45.940039, -22.21921]]]}}, {"type": "Feature", "properties": {"name": "Jardim Europa", "kind": "bairro", "approximate": true, "source": "Correios (ViaCEP) + OpenStreetMap", "street_points": 14, "area_km2": 0.033, "label_lon": -45.94304, "label_lat": -22.227137}, "geometry": {"type": "MultiPolygon", "coordinates": [[[[-45.943402, -22.226603], [-45.943523, -22.226156], [-45.943269, -22.226163], [-45.943218, -22.226562], [-45.943123, -22.226566], [-45.943042, -22.226507], [-45.943104, -22.226101], [-45.942808, -22.225642], [-45.94263, -22.225631], [-45.942411, -22.225843], [-45.942208, -22.226457], [-45.942205, -22.226769], [-45.942568, -22.227477], [-45.942927, -22.227711], [-45.943289, -22.227672], [-45.943398, -22.227871], [-45.943877, -22.227846], [-45.943952, -22.227734], [-45.94373, -22.226927], [-45.943402, -22.226603]]], [[[-45.943883, -22.226453], [-45.944502, -22.226911], [-45.944757, -22.226644], [-45.944976, -22.226665], [-45.945065, -22.226503], [-45.944771, -22.226478], [-45.944773, -22.226294], [-45.944445, -22.225925], [-45.943918, -22.226264], [-45.943883, -22.226453]]]]}}, {"type": "Feature", "properties": {"name": "Jardim Filomena", "kind": "bairro", "approximate": true, "source": "Correios (ViaCEP) + OpenStreetMap", "street_points": 11, "area_km2": 0.047, "label_lon": -45.943678, "label_lat": -22.220785}, "geometry": {"type": "Polygon", "coordinates": [[[-45.94465, -22.219979], [-45.944959, -22.219685], [-45.944434, -22.219399], [-45.944278, -22.219437], [-45.944118, -22.219287], [-45.943862, -22.219256], [-45.943791, -22.219148], [-45.94333, -22.219047], [-45.943192, -22.21932], [-45.943207, -22.220042], [-45.942675, -22.220499], [-45.942903, -22.221782], [-45.943203, -22.221904], [-45.943471, -22.22173], [-45.944347, -22.221506], [-45.94472, -22.221143], [-45.944557, -22.220212], [-45.94465, -22.219979]]]}}, {"type": "Feature", "properties": {"name": "Jardim Flamboyant", "kind": "bairro", "approximate": true, "source": "Correios (ViaCEP) + OpenStreetMap", "street_points": 9, "area_km2": 0.088, "label_lon": -45.919891, "label_lat": -22.267675}, "geometry": {"type": "Polygon", "coordinates": [[[-45.921358, -22.268175], [-45.921479, -22.267822], [-45.921471, -22.267359], [-45.921734, -22.266581], [-45.921238, -22.266344], [-45.920643, -22.266238], [-45.919385, -22.26638], [-45.918884, -22.266696], [-45.918246, -22.267594], [-45.918048, -22.268607], [-45.91928, -22.269093], [-45.919976, -22.269107], [-45.920669, -22.268872], [-45.921358, -22.268175]]]}}, {"type": "Feature", "properties": {"name": "Jardim Floresta", "kind": "bairro", "approximate": true, "source": "Correios (ViaCEP) + OpenStreetMap", "street_points": 127, "area_km2": 0.617, "label_lon": -45.959081, "label_lat": -22.215035}, "geometry": {"type": "Polygon", "coordinates": [[[-45.951872, -22.213193], [-45.951871, -22.21328], [-45.952216, -22.213469], [-45.953214, -22.215199], [-45.953524, -22.21545], [-45.9536, -22.215792], [-45.952933, -22.216166], [-45.952868, -22.216379], [-45.953469, -22.217008], [-45.954049, -22.217987], [-45.954713, -22.218372], [-45.954913, -22.218123], [-45.955333, -22.217835], [-45.956015, -22.217555], [-45.955911, -22.217096], [-45.95599, -22.215888], [-45.955829, -22.21517], [-45.956004, -22.214033], [-45.956363, -22.213763], [-45.956602, -22.213728], [-45.956643, -22.213527], [-45.956826, -22.213519], [-45.956772, -22.21375], [-45.956951, -22.213917], [-45.956926, -22.214208], [-45.956437, -22.217533], [-45.956941, -22.217604], [-45.95919, -22.217171], [-45.959644, -22.217189], [-45.95996, -22.217309], [-45.961181, -22.218118], [-45.962031, -22.218416], [-45.963316, -22.219122], [-45.96391, -22.219229], [-45.964503, -22.219115], [-45.964981, -22.218815], [-45.965337, -22.218329], [-45.965451, -22.217776], [-45.965336, -22.217249], [-45.96499, -22.216757], [-45.963308, -22.215791], [-45.96229, -22.215355], [-45.961101, -22.213839], [-45.960281, -22.213216], [-45.959493, -22.21278], [-45.957847, -22.212243], [-45.954556, -22.211683], [-45.952354, -22.211641], [-45.952197, -22.211652], [-45.952183, -22.213077], [-45.951872, -22.213193]], [[-45.955128, -22.213612], [-45.955009, -22.214398], [-45.954458, -22.214684], [-45.954374, -22.214541], [-45.954839, -22.214295], [-45.954571, -22.214142], [-45.954613, -22.213851], [-45.954502, -22.213534], [-45.954829, -22.213469], [-45.954876, -22.213224], [-45.95505, -22.213247], [-45.955003, -22.213493], [-45.955128, -22.213612]]]}}, {"type": "Feature", "properties": {"name": "Jardim Frederico", "kind": "bairro", "approximate": true, "source": "Correios (ViaCEP) + OpenStreetMap", "street_points": 5, "area_km2": 0.01, "label_lon": -45.944021, "label_lat": -22.225748}, "geometry": {"type": "Polygon", "coordinates": [[[-45.94449, -22.225525], [-45.944137, -22.225199], [-45.944145, -22.224695], [-45.943944, -22.224696], [-45.943938, -22.225176], [-45.943704, -22.225202], [-45.943509, -22.226267], [-45.943786, -22.226501], [-45.943883, -22.226453], [-45.943918, -22.226264], [-45.944387, -22.225967], [-45.94449, -22.225525]]]}}, {"type": "Feature", "properties": {"name": "Jardim Industrial Mariosa", "kind": "bairro", "approximate": true, "source": "Correios (ViaCEP) + OpenStreetMap", "street_points": 85, "area_km2": 0.178, "label_lon": -45.927078, "label_lat": -22.263062}, "geometry": {"type": "Polygon", "coordinates": [[[-45.928643, -22.264148], [-45.928891, -22.26426], [-45.928769, -22.264026], [-45.92859, -22.263914], [-45.928764, -22.263788], [-45.928955, -22.263885], [-45.929004, -22.263725], [-45.928801, -22.263625], [-45.928795, -22.263488], [-45.929246, -22.263275], [-45.929047, -22.263022], [-45.929403, -22.26298], [-45.929324, -22.262632], [-45.929435, -22.262601], [-45.929526, -22.262406], [-45.929843, -22.262521], [-45.929803, -22.262356], [-45.929543, -22.262237], [-45.92937, -22.261854], [-45.928925, -22.26186], [-45.928671, -22.261766], [-45.928265, -22.261098], [-45.928456, -22.260796], [-45.928266, -22.260742], [-45.928114, -22.261032], [-45.928053, -22.261017], [-45.92821, -22.260718], [-45.927995, -22.260659], [-45.927918, -22.260998], [-45.927834, -22.26105], [-45.927587, -22.260916], [-45.927392, -22.260975], [-45.927486, -22.261291], [-45.927293, -22.261443], [-45.927129, -22.26118], [-45.92654, -22.261537], [-45.926079, -22.261397], [-45.925581, -22.262166], [-45.925235, -22.262235], [-45.925342, -22.263119], [-45.92409, -22.263712], [-45.923639, -22.264369], [-45.924109, -22.264778], [-45.925132, -22.265306], [-45.9255, -22.26574], [-45.928344, -22.264322], [-45.928479, -22.264332], [-45.928643, -22.264148]]]}}, {"type": "Feature", "properties": {"name": "Jardim Jacarandá", "kind": "bairro", "approximate": true, "source": "Correios (ViaCEP) + OpenStreetMap", "street_points": 67, "area_km2": 0.241, "label_lon": -45.909685, "label_lat": -22.283101}, "geometry": {"type": "Polygon", "coordinates": [[[-45.911242, -22.284566], [-45.911986, -22.283926], [-45.911783, -22.283351], [-45.911788, -22.282833], [-45.911429, -22.282546], [-45.911228, -22.28249], [-45.910635, -22.281939], [-45.910774, -22.281748], [-45.910028, -22.281132], [-45.909612, -22.281503], [-45.908369, -22.280607], [-45.908141, -22.280417], [-45.908304, -22.280044], [-45.908033, -22.279783], [-45.907893, -22.279791], [-45.907654, -22.279629], [-45.906996, -22.279047], [-45.906673, -22.279069], [-45.906623, -22.278929], [-45.906373, -22.27884], [-45.906653, -22.278501], [-45.906592, -22.278376], [-45.906441, -22.278388], [-45.906115, -22.278847], [-45.90479, -22.27941], [-45.905025, -22.281023], [-45.905365, -22.28149], [-45.90597, -22.281939], [-45.906862, -22.282412], [-45.907925, -22.283275], [-45.908607, -22.284163], [-45.909245, -22.284612], [-45.909474, -22.28503], [-45.910404, -22.284897], [-45.911242, -22.284566]]]}}, {"type": "Feature", "properties": {"name": "Jardim Noronha", "kind": "bairro", "approximate": true, "source": "Correios (ViaCEP) + OpenStreetMap", "street_points": 61, "area_km2": 0.192, "label_lon": -45.947132, "label_lat": -22.233987}, "geometry": {"type": "Polygon", "coordinates": [[[-45.947275, -22.237006], [-45.947858, -22.236552], [-45.948374, -22.236423], [-45.948349, -22.235544], [-45.949347, -22.23356], [-45.949102, -22.233046], [-45.948136, -22.232613], [-45.947671, -22.232254], [-45.947266, -22.232079], [-45.946866, -22.232066], [-45.946595, -22.232327], [-45.946347, -22.232416], [-45.945895, -22.232383], [-45.945658, -22.23259], [-45.945119, -22.232712], [-45.944998, -22.232673], [-45.944765, -22.232034], [-45.944134, -22.232387], [-45.943861, -22.232641], [-45.943776, -22.233053], [-45.94421, -22.233728], [-45.944627, -22.233695], [-45.94458, -22.233921], [-45.944089, -22.234018], [-45.944368, -22.234395], [-45.944673, -22.234349], [-45.944703, -22.234512], [-45.944277, -22.234577], [-45.944012, -22.234816], [-45.94431, -22.235324], [-45.944796, -22.235381], [-45.945045, -22.235608], [-45.945225, -22.235645], [-45.945792, -22.235295], [-45.946141, -22.235333], [-45.94628, -22.235424], [-45.946282, -22.235854], [-45.946441, -22.2362], [-45.947275, -22.237006]]]}}, {"type": "Feature", "properties": {"name": "Jardim Olímpico", "kind": "bairro", "approximate": true, "source": "Correios (ViaCEP) + OpenStreetMap", "street_points": 107, "area_km2": 0.31, "label_lon": -45.929743, "label_lat": -22.253222}, "geometry": {"type": "Polygon", "coordinates": [[[-45.931529, -22.254449], [-45.931585, -22.254246], [-45.932135, -22.25438], [-45.932027, -22.254225], [-45.931614, -22.25414], [-45.931525, -22.253822], [-45.9313, -22.253559], [-45.931573, -22.253221], [-45.931605, -22.252988], [-45.931488, -22.252605], [-45.93136, -22.252471], [-45.931681, -22.252101], [-45.932196, -22.252006], [-45.932069, -22.251896], [-45.931715, -22.251965], [-45.931608, -22.251734], [-45.931234, -22.251455], [-45.930667, -22.251445], [-45.930205, -22.251772], [-45.930002, -22.25172], [-45.929208, -22.251785], [-45.928893, -22.252016], [-45.928231, -22.251987], [-45.927895, -22.252108], [-45.927566, -22.252455], [-45.927142, -22.252286], [-45.92652, -22.252655], [-45.926034, -22.25249], [-45.924914, -22.252335], [-45.924537, -22.252407], [-45.923952, -22.252737], [-45.923581, -22.252661], [-45.922718, -22.253255], [-45.92236, -22.253283], [-45.921719, -22.252204], [-45.920716, -22.252877], [-45.920315, -22.252859], [-45.920675, -22.253039], [-45.92069, -22.253264], [-45.921051, -22.253782], [-45.921709, -22.253821], [-45.922113, -22.253604], [-45.922347, -22.253333], [-45.922631, -22.253588], [-45.923507, -22.254768], [-45.924753, -22.255018], [-45.925917, -22.254403], [-45.926252, -22.254464], [-45.926742, -22.255075], [-45.92688, -22.255863], [-45.927035, -22.256025], [-45.927261, -22.256086], [-45.927944, -22.256128], [-45.928187, -22.255389], [-45.928938, -22.254898], [-45.929261, -22.254997], [-45.929323, -22.255184], [-45.930392, -22.255456], [-45.931065, -22.255591], [-45.931246, -22.255432], [-45.931914, -22.255572], [-45.932007, -22.255473], [-45.931289, -22.255271], [-45.931262, -22.25504], [-45.93103, -22.254725], [-45.931529, -22.254449]], [[-45.928971, -22.254762], [-45.928914, -22.254495], [-45.929462, -22.254612], [-45.92931, -22.254806], [-45.928971, -22.254762]]]}}, {"type": "Feature", "properties": {"name": "Jardim Paraíso", "kind": "bairro", "approximate": true, "source": "Correios (ViaCEP) + OpenStreetMap", "street_points": 24, "area_km2": 0.102, "label_lon": -45.934398, "label_lat": -22.255115}, "geometry": {"type": "Polygon", "coordinates": [[[-45.935391, -22.255877], [-45.936876, -22.256013], [-45.937169, -22.255022], [-45.9357, -22.254169], [-45.934874, -22.254331], [-45.934922, -22.254151], [-45.935173, -22.253942], [-45.934938, -22.253659], [-45.934407, -22.253724], [-45.934229, -22.253172], [-45.934111, -22.253165], [-45.933237, -22.253443], [-45.933385, -22.253968], [-45.933077, -22.254401], [-45.933396, -22.254787], [-45.933491, -22.255693], [-45.933001, -22.255736], [-45.932918, -22.25555], [-45.932326, -22.255183], [-45.931642, -22.255796], [-45.931546, -22.256166], [-45.931769, -22.256673], [-45.932705, -22.256485], [-45.933054, -22.255923], [-45.933517, -22.255815], [-45.933692, -22.256258], [-45.934455, -22.256026], [-45.934574, -22.256067], [-45.935391, -22.255877]]]}}, {"type": "Feature", "properties": {"name": "Jardim Santa Cruz", "kind": "bairro", "approximate": true, "source": "Correios (ViaCEP) + OpenStreetMap", "street_points": 73, "area_km2": 0.124, "label_lon": -45.943341, "label_lat": -22.228908}, "geometry": {"type": "Polygon", "coordinates": [[[-45.944826, -22.231526], [-45.944536, -22.231015], [-45.944865, -22.230603], [-45.944843, -22.230316], [-45.944095, -22.230327], [-45.944073, -22.230211], [-45.944258, -22.229582], [-45.944533, -22.229549], [-45.944707, -22.229382], [-45.944891, -22.229394], [-45.94499, -22.229012], [-45.944542, -22.228863], [-45.944502, -22.226911], [-45.9443, -22.226712], [-45.944115, -22.226688], [-45.943883, -22.226453], [-45.943786, -22.226501], [-45.943509, -22.226267], [-45.943402, -22.226603], [-45.943861, -22.227162], [-45.943931, -22.227792], [-45.943398, -22.227871], [-45.943289, -22.227672], [-45.942927, -22.227711], [-45.942568, -22.227477], [-45.942429, -22.227277], [-45.942026, -22.227728], [-45.942013, -22.228054], [-45.942219, -22.228348], [-45.942016, -22.229079], [-45.942041, -22.229251], [-45.942268, -22.229407], [-45.942364, -22.229755], [-45.942234, -22.230132], [-45.942578, -22.230443], [-45.942673, -22.230716], [-45.942581, -22.230986], [-45.943149, -22.231396], [-45.943198, -22.231751], [-45.942951, -22.232061], [-45.943162, -22.232504], [-45.943588, -22.232446], [-45.943861, -22.232641], [-45.944134, -22.232387], [-45.944765, -22.232034], [-45.944826, -22.231526]]]}}, {"type": "Feature", "properties": {"name": "Jardim Santa Eliza", "kind": "bairro", "approximate": true, "source": "Correios (ViaCEP) + OpenStreetMap", "street_points": 21, "area_km2": 0.063, "label_lon": -45.928901, "label_lat": -22.223333}, "geometry": {"type": "MultiPolygon", "coordinates": [[[[-45.930286, -22.224154], [-45.92863, -22.221445], [-45.928385, -22.221352], [-45.928156, -22.221791], [-45.928267, -22.222849], [-45.927952, -22.223192], [-45.927417, -22.22329], [-45.927525, -22.223488], [-45.927434, -22.223591], [-45.927585, -22.223742], [-45.928018, -22.223455], [-45.928077, -22.223645], [-45.927651, -22.223897], [-45.927626, -22.224244], [-45.928233, -22.223877], [-45.928635, -22.224399], [-45.92926, -22.224014], [-45.929536, -22.224268], [-45.929911, -22.224441], [-45.930286, -22.224154]]], [[[-45.925853, -22.221926], [-45.926054, -22.222131], [-45.926058, -22.222286], [-45.926453, -22.222648], [-45.926531, -22.222861], [-45.926951, -22.22308], [-45.92724, -22.222832], [-45.926995, -22.221435], [-45.92605, -22.221627], [-45.925853, -22.221926]]], [[[-45.925213, -22.221702], [-45.925443, -22.221749], [-45.925665, -22.2214], [-45.925608, -22.221283], [-45.925462, -22.221318], [-45.925213, -22.221702]]]]}}, {"type": "Feature", "properties": {"name": "Jardim Santo Antônio", "kind": "bairro", "approximate": true, "source": "Correios (ViaCEP) + OpenStreetMap", "street_points": 14, "area_km2": 0.089, "label_lon": -45.948297, "label_lat": -22.211075}, "geometry": {"type": "Polygon", "coordinates": [[[-45.949167, -22.212149], [-45.949666, -22.212006], [-45.950624, -22.211341], [-45.95, -22.210513], [-45.949495, -22.210203], [-45.948584, -22.209991], [-45.948187, -22.20967], [-45.947849, -22.209864], [-45.946611, -22.211087], [-45.946558, -22.211282], [-45.946044, -22.211304], [-45.946193, -22.211455], [-45.946542, -22.211452], [-45.946992, -22.211939], [-45.946773, -22.212072], [-45.946577, -22.212493], [-45.946644, -22.212719], [-45.946944, -22.212955], [-45.947702, -22.212814], [-45.948334, -22.212164], [-45.949167, -22.212149]]]}}, {"type": "Feature", "properties": {"name": "Jardim São Francisco", "kind": "bairro", "approximate": true, "source": "Correios (ViaCEP) + OpenStreetMap", "street_points": 7, "area_km2": 0.114, "label_lon": -45.90813, "label_lat": -22.218356}, "geometry": {"type": "MultiPolygon", "coordinates": [[[[-45.906036, -22.218024], [-45.906157, -22.218576], [-45.906496, -22.219042], [-45.907697, -22.219784], [-45.908263, -22.219887], [-45.908884, -22.219777], [-45.909385, -22.219462], [-45.909718, -22.218991], [-45.909912, -22.2185], [-45.910221, -22.218206], [-45.909269, -22.216937], [-45.906341, -22.216835], [-45.906036, -22.218024]]], [[[-45.955003, -22.213493], [-45.95505, -22.213247], [-45.954876, -22.213224], [-45.954829, -22.213469], [-45.954502, -22.213534], [-45.954613, -22.213851], [-45.954571, -22.214142], [-45.954839, -22.214295], [-45.954374, -22.214541], [-45.954458, -22.214684], [-45.955009, -22.214398], [-45.955128, -22.213612], [-45.955003, -22.213493]]]]}}, {"type": "Feature", "properties": {"name": "Jardim São José", "kind": "bairro", "approximate": true, "source": "Correios (ViaCEP) + OpenStreetMap", "street_points": 49, "area_km2": 0.089, "label_lon": -45.9276, "label_lat": -22.232792}, "geometry": {"type": "Polygon", "coordinates": [[[-45.929002, -22.231861], [-45.929343, -22.231596], [-45.929383, -22.231415], [-45.929546, -22.231334], [-45.92941, -22.231111], [-45.929303, -22.231143], [-45.929086, -22.230997], [-45.92918, -22.230891], [-45.92909, -22.230661], [-45.929371, -22.230535], [-45.929316, -22.230397], [-45.929092, -22.23042], [-45.928995, -22.230328], [-45.92852, -22.230382], [-45.928518, -22.230673], [-45.928316, -22.230959], [-45.928202, -22.231026], [-45.927719, -22.230995], [-45.926102, -22.232315], [-45.926031, -22.232984], [-45.926331, -22.233211], [-45.926393, -22.233341], [-45.926321, -22.233501], [-45.926453, -22.233609], [-45.92662, -22.233547], [-45.926532, -22.233857], [-45.926837, -22.233922], [-45.926813, -22.234068], [-45.927096, -22.23399], [-45.927196, -22.234172], [-45.928626, -22.23373], [-45.929117, -22.233252], [-45.929049, -22.232563], [-45.928693, -22.232275], [-45.929002, -22.231861]]]}}, {"type": "Feature", "properties": {"name": "Jardim São João", "kind": "bairro", "approximate": true, "source": "Correios (ViaCEP) + OpenStreetMap", "street_points": 54, "area_km2": 0.123, "label_lon": -45.962536, "label_lat": -22.238002}, "geometry": {"type": "Polygon", "coordinates": [[[-45.964744, -22.238642], [-45.964117, -22.238465], [-45.964501, -22.237789], [-45.964582, -22.237733], [-45.964842, -22.237799], [-45.965075, -22.237558], [-45.965019, -22.237478], [-45.965146, -22.235839], [-45.964858, -22.235785], [-45.96447, -22.236684], [-45.964458, -22.237285], [-45.964226, -22.237544], [-45.964027, -22.237684], [-45.963502, -22.237656], [-45.963488, -22.237353], [-45.963691, -22.237037], [-45.963877, -22.235443], [-45.962663, -22.235547], [-45.962411, -22.236788], [-45.961961, -22.237064], [-45.961731, -22.237438], [-45.960901, -22.237255], [-45.960864, -22.237399], [-45.961138, -22.237956], [-45.961374, -22.238062], [-45.961421, -22.238213], [-45.961657, -22.238419], [-45.961658, -22.238515], [-45.961369, -22.238729], [-45.961628, -22.238994], [-45.961917, -22.238738], [-45.962113, -22.238828], [-45.962432, -22.239181], [-45.962157, -22.239474], [-45.96216, -22.2396], [-45.962652, -22.239922], [-45.962974, -22.239648], [-45.963055, -22.239692], [-45.963177, -22.240174], [-45.963451, -22.23997], [-45.963538, -22.239743], [-45.963467, -22.239487], [-45.963579, -22.239286], [-45.963896, -22.23935], [-45.964106, -22.239532], [-45.964025, -22.239679], [-45.96418, -22.240362], [-45.964472, -22.240623], [-45.964845, -22.24033], [-45.964744, -22.238642]]]}}, {"type": "Feature", "properties": {"name": "Jardim Yara", "kind": "bairro", "approximate": true, "source": "Correios (ViaCEP) + OpenStreetMap", "street_points": 259, "area_km2": 0.854, "label_lon": -45.940149, "label_lat": -22.240936}, "geometry": {"type": "Polygon", "coordinates": [[[-45.953127, -22.243097], [-45.953188, -22.242561], [-45.953343, -22.242734], [-45.953322, -22.242899], [-45.953712, -22.242808], [-45.953486, -22.242464], [-45.953184, -22.242427], [-45.95182, -22.241896], [-45.95116, -22.241397], [-45.950739, -22.240844], [-45.950197, -22.240962], [-45.949088, -22.240921], [-45.94845, -22.240713], [-45.948088, -22.240308], [-45.947863, -22.239436], [-45.94705, -22.238369], [-45.945985, -22.238602], [-45.944845, -22.238572], [-45.944351, -22.238461], [-45.944151, -22.238108], [-45.942804, -22.237704], [-45.942044, -22.238065], [-45.94015, -22.237413], [-45.93922, -22.23884], [-45.937214, -22.237668], [-45.936573, -22.238138], [-45.936352, -22.238182], [-45.936441, -22.237883], [-45.936354, -22.237595], [-45.936224, -22.23758], [-45.936055, -22.237322], [-45.935965, -22.236508], [-45.935446, -22.236182], [-45.934868, -22.236115], [-45.9345, -22.235946], [-45.933686, -22.236008], [-45.933429, -22.235876], [-45.933255, -22.236003], [-45.933045, -22.235983], [-45.93329, -22.235739], [-45.933286, -22.235551], [-45.933003, -22.235739], [-45.932921, -22.2357], [-45.93277, -22.235902], [-45.932813, -22.236167], [-45.933548, -22.237001], [-45.934293, -22.237576], [-45.934673, -22.23835], [-45.935738, -22.23922], [-45.936091, -22.239807], [-45.936439, -22.240916], [-45.937358, -22.241689], [-45.937546, -22.242623], [-45.93771, -22.242897], [-45.938122, -22.242729], [-45.938585, -22.242721], [-45.939458, -22.243152], [-45.940431, -22.243499], [-45.941026, -22.243606], [-45.942018, -22.243509], [-45.942116, -22.242345], [-45.942668, -22.241926], [-45.942983, -22.242025], [-45.94324, -22.241747], [-45.943475, -22.241882], [-45.943711, -22.24152], [-45.943972, -22.241661], [-45.944184, -22.241394], [-45.944632, -22.241553], [-45.945072, -22.241879], [-45.94485, -22.242228], [-45.944939, -22.242292], [-45.944994, -22.244047], [-45.948122, -22.243862], [-45.950551, -22.243959], [-45.952572, -22.244161], [-45.952829, -22.243539], [-45.953127, -22.243097]]]}}, {"type": "Feature", "properties": {"name": "Jardim das Nações", "kind": "bairro", "approximate": true, "source": "Correios (ViaCEP) + OpenStreetMap", "street_points": 8, "area_km2": 0.012, "label_lon": -45.968278, "label_lat": -22.238657}, "geometry": {"type": "MultiPolygon", "coordinates": [[[[-45.966851, -22.239548], [-45.967195, -22.240051], [-45.967273, -22.240341], [-45.967592, -22.24026], [-45.967362, -22.240628], [-45.967555, -22.240736], [-45.967721, -22.240349], [-45.967448, -22.239957], [-45.967337, -22.239957], [-45.967095, -22.239608], [-45.966851, -22.239548]]], [[[-45.968096, -22.23811], [-45.967754, -22.238346], [-45.968241, -22.238915], [-45.968381, -22.238835], [-45.968772, -22.239275], [-45.968881, -22.239092], [-45.968506, -22.238748], [-45.968533, -22.238614], [-45.968096, -22.23811]]], [[[-45.967889, -22.237873], [-45.9676, -22.237948], [-45.967779, -22.236337], [-45.967573, -22.236312], [-45.967408, -22.2379], [-45.967574, -22.238119], [-45.968008, -22.238024], [-45.967889, -22.237873]]]]}}, {"type": "Feature", "properties": {"name": "José Fernandes Barreiro", "kind": "bairro", "approximate": true, "source": "Correios (ViaCEP) + OpenStreetMap", "street_points": 11, "area_km2": 0.027, "label_lon": -45.945176, "label_lat": -22.211245}, "geometry": {"type": "MultiPolygon", "coordinates": [[[[-45.945859, -22.211148], [-45.945651, -22.210582], [-45.94517, -22.210118], [-45.944878, -22.210414], [-45.944647, -22.210915], [-45.944208, -22.211218], [-45.943865, -22.211219], [-45.943951, -22.211359], [-45.944165, -22.211386], [-45.944268, -22.211686], [-45.944768, -22.211771], [-45.945103, -22.211974], [-45.944904, -22.212791], [-45.945124, -22.21264], [-45.945284, -22.211997], [-45.94586, -22.211945], [-45.945859, -22.211148]]], [[[-45.943323, -22.211341], [-45.943644, -22.211451], [-45.943755, -22.211206], [-45.943472, -22.21078], [-45.943323, -22.211341]]]]}}, {"type": "Feature", "properties": {"name": "João Paulo II", "kind": "bairro", "approximate": true, "source": "Correios (ViaCEP) + OpenStreetMap", "street_points": 49, "area_km2": 0.126, "label_lon": -45.934722, "label_lat": -22.22148}, "geometry": {"type": "MultiPolygon", "coordinates": [[[[-45.935427, -22.223311], [-45.935628, -22.223248], [-45.935662, -22.222811], [-45.935475, -22.222694], [-45.935427, -22.223311]]], [[[-45.935933, -22.222133], [-45.936522, -22.222006], [-45.936814, -22.221825], [-45.937, -22.221372], [-45.936282, -22.2212], [-45.93609, -22.22108], [-45.936241, -22.220698], [-45.936152, -22.220492], [-45.935869, -22.220234], [-45.935752, -22.22019], [-45.93535, -22.220555], [-45.934972, -22.220162], [-45.934868, -22.220193], [-45.934143, -22.219334], [-45.933223, -22.218854], [-45.932418, -22.218987], [-45.93213, -22.219878], [-45.932808, -22.220703], [-45.933187, -22.220729], [-45.933296, -22.220923], [-45.933192, -22.22103], [-45.932803, -22.221003], [-45.932634, -22.221175], [-45.93278, -22.22148], [-45.933295, -22.221516], [-45.933529, -22.221748], [-45.933233, -22.221944], [-45.933071, -22.222236], [-45.932717, -22.222212], [-45.932535, -22.222475], [-45.932661, -22.222796], [-45.933018, -22.222835], [-45.933205, -22.223208], [-45.933399, -22.223273], [-45.933679, -22.223172], [-45.933758, -22.222589], [-45.935431, -22.222625], [-45.935933, -22.222133]]]]}}, {"type": "Feature", "properties": {"name": "Las Palmas Setvillage II", "kind": "bairro", "approximate": true, "source": "Correios (ViaCEP) + OpenStreetMap", "street_points": 6, "area_km2": 0.131, "label_lon": -45.892707, "label_lat": -22.234263}, "geometry": {"type": "Polygon", "coordinates": [[[-45.893215, -22.232291], [-45.892827, -22.232353], [-45.891233, -22.232883], [-45.891291, -22.233406], [-45.891041, -22.235136], [-45.891158, -22.235662], [-45.89148, -22.236107], [-45.892002, -22.236439], [-45.892596, -22.236545], [-45.893189, -22.236432], [-45.893691, -22.236116], [-45.894024, -22.235646], [-45.894395, -22.233347], [-45.894298, -22.232793], [-45.894376, -22.232405], [-45.893215, -22.232291]]]}}, {"type": "Feature", "properties": {"name": "Limeira", "kind": "bairro", "approximate": true, "source": "Correios (ViaCEP) + OpenStreetMap", "street_points": 11, "area_km2": 0.201, "label_lon": -45.898031, "label_lat": -22.306863}, "geometry": {"type": "Polygon", "coordinates": [[[-45.899259, -22.302487], [-45.898187, -22.302708], [-45.897708, -22.303008], [-45.897352, -22.303494], [-45.897233, -22.303805], [-45.896402, -22.306897], [-45.896642, -22.307778], [-45.896966, -22.308222], [-45.897472, -22.308532], [-45.898066, -22.308639], [-45.89866, -22.308526], [-45.899161, -22.30821], [-45.899494, -22.30774], [-45.899631, -22.306648], [-45.900337, -22.304056], [-45.900184, -22.30316], [-45.900396, -22.302583], [-45.899706, -22.302134], [-45.899259, -22.302487]]]}}, {"type": "Feature", "properties": {"name": "Loteamento Belavilla I", "kind": "bairro", "approximate": true, "source": "Correios (ViaCEP) + OpenStreetMap", "street_points": 19, "area_km2": 0.089, "label_lon": -45.952899, "label_lat": -22.24103}, "geometry": {"type": "Polygon", "coordinates": [[[-45.954192, -22.242682], [-45.954552, -22.242025], [-45.954809, -22.241779], [-45.954742, -22.241334], [-45.954563, -22.240958], [-45.954009, -22.240365], [-45.95347, -22.239955], [-45.95186, -22.239436], [-45.95178, -22.239782], [-45.951505, -22.240203], [-45.950739, -22.240844], [-45.951493, -22.2417], [-45.953184, -22.242427], [-45.953486, -22.242464], [-45.953712, -22.242808], [-45.953935, -22.24286], [-45.954192, -22.242682]]]}}, {"type": "Feature", "properties": {"name": "Loteamento Paraty", "kind": "bairro", "approximate": true, "source": "Correios (ViaCEP) + OpenStreetMap", "street_points": 9, "area_km2": 0.063, "label_lon": -45.914005, "label_lat": -22.286121}, "geometry": {"type": "Polygon", "coordinates": [[[-45.912424, -22.287231], [-45.912634, -22.287512], [-45.91305, -22.287662], [-45.91344, -22.287691], [-45.914564, -22.286805], [-45.914979, -22.28662], [-45.915274, -22.285723], [-45.915207, -22.285395], [-45.915012, -22.285079], [-45.914493, -22.284654], [-45.913961, -22.284998], [-45.91255, -22.286174], [-45.91241, -22.286816], [-45.911745, -22.287237], [-45.9121, -22.287448], [-45.912424, -22.287231]]]}}, {"type": "Feature", "properties": {"name": "Maria Franco", "kind": "bairro", "approximate": true, "source": "Correios (ViaCEP) + OpenStreetMap", "street_points": 57, "area_km2": 0.091, "label_lon": -45.924409, "label_lat": -22.22216}, "geometry": {"type": "Polygon", "coordinates": [[[-45.926453, -22.222648], [-45.926058, -22.222286], [-45.925873, -22.222332], [-45.925761, -22.222799], [-45.92556, -22.22275], [-45.925667, -22.222307], [-45.92553, -22.222122], [-45.925761, -22.221514], [-45.925665, -22.2214], [-45.925443, -22.221749], [-45.925213, -22.221702], [-45.925462, -22.221318], [-45.925144, -22.221197], [-45.925024, -22.220868], [-45.924362, -22.220189], [-45.923856, -22.22066], [-45.923665, -22.220638], [-45.923453, -22.220434], [-45.923154, -22.220476], [-45.92309, -22.220698], [-45.922669, -22.220868], [-45.922354, -22.220634], [-45.921911, -22.221641], [-45.922271, -22.22171], [-45.922606, -22.221924], [-45.923175, -22.221468], [-45.923301, -22.221518], [-45.923491, -22.222001], [-45.923198, -22.222218], [-45.923605, -22.222969], [-45.924416, -22.223118], [-45.924876, -22.222981], [-45.925278, -22.223274], [-45.92584, -22.223291], [-45.926196, -22.223459], [-45.926269, -22.223584], [-45.926679, -22.223711], [-45.927111, -22.223679], [-45.927434, -22.223591], [-45.927525, -22.223488], [-45.927417, -22.22329], [-45.927518, -22.223009], [-45.927179, -22.223202], [-45.926531, -22.222861], [-45.926453, -22.222648]]]}}, {"type": "Feature", "properties": {"name": "Maria Guimarães Franco Rios", "kind": "bairro", "approximate": true, "source": "Correios (ViaCEP) + OpenStreetMap", "street_points": 58, "area_km2": 0.242, "label_lon": -45.935858, "label_lat": -22.247218}, "geometry": {"type": "MultiPolygon", "coordinates": [[[[-45.935911, -22.250176], [-45.935632, -22.250111], [-45.935582, -22.249718], [-45.935376, -22.250272], [-45.935568, -22.250904], [-45.935745, -22.251124], [-45.935836, -22.25146], [-45.935777, -22.251551], [-45.936365, -22.253094], [-45.936264, -22.253273], [-45.935441, -22.253461], [-45.935262, -22.253594], [-45.935236, -22.253929], [-45.935591, -22.254055], [-45.937169, -22.255022], [-45.937792, -22.25452], [-45.93811, -22.254072], [-45.938239, -22.253496], [-45.937824, -22.252025], [-45.937841, -22.251528], [-45.937406, -22.25137], [-45.936631, -22.250887], [-45.935911, -22.250176]]], [[[-45.934956, -22.245607], [-45.934515, -22.245904], [-45.933886, -22.245916], [-45.933497, -22.246111], [-45.933584, -22.246552], [-45.933995, -22.246526], [-45.933941, -22.246801], [-45.933569, -22.246716], [-45.933621, -22.24702], [-45.933962, -22.2469], [-45.934102, -22.246991], [-45.933965, -22.247223], [-45.933575, -22.247102], [-45.933654, -22.247518], [-45.933977, -22.247284], [-45.934197, -22.247458], [-45.934117, -22.247573], [-45.93377, -22.247608], [-45.933814, -22.247836], [-45.934144, -22.247723], [-45.934254, -22.247918], [-45.934182, -22.247982], [-45.934283, -22.248519], [-45.934135, -22.248711], [-45.934006, -22.248017], [-45.933771, -22.248025], [-45.93392, -22.248827], [-45.934166, -22.249205], [-45.936458, -22.249147], [-45.937817, -22.248654], [-45.937263, -22.245458], [-45.935847, -22.245365], [-45.935506, -22.245563], [-45.934956, -22.245607]]]]}}, {"type": "Feature", "properties": {"name": "Mirante do Paraíso", "kind": "bairro", "approximate": true, "source": "Correios (ViaCEP) + OpenStreetMap", "street_points": 10, "area_km2": 0.081, "label_lon": -45.92996, "label_lat": -22.265941}, "geometry": {"type": "Polygon", "coordinates": [[[-45.930627, -22.264414], [-45.928143, -22.265167], [-45.928372, -22.265282], [-45.928306, -22.265446], [-45.929126, -22.267649], [-45.929646, -22.267668], [-45.930932, -22.266845], [-45.931558, -22.266706], [-45.93139, -22.265873], [-45.931453, -22.265365], [-45.930627, -22.264414]]]}}, {"type": "Feature", "properties": {"name": "Monte Azul", "kind": "bairro", "approximate": true, "source": "Correios (ViaCEP) + OpenStreetMap", "street_points": 61, "area_km2": 0.158, "label_lon": -45.90511, "label_lat": -22.207328}, "geometry": {"type": "Polygon", "coordinates": [[[-45.906897, -22.20658], [-45.907165, -22.204755], [-45.907133, -22.202942], [-45.907253, -22.202753], [-45.906495, -22.202518], [-45.906018, -22.202596], [-45.905492, -22.20319], [-45.905721, -22.203826], [-45.905666, -22.204492], [-45.905951, -22.205064], [-45.906023, -22.205658], [-45.90642, -22.205762], [-45.906432, -22.2059], [-45.905933, -22.205814], [-45.90575, -22.205962], [-45.90468, -22.206097], [-45.903987, -22.20709], [-45.903391, -22.20757], [-45.903072, -22.208077], [-45.903331, -22.208503], [-45.903309, -22.208899], [-45.903396, -22.209154], [-45.903368, -22.209542], [-45.903162, -22.209762], [-45.903156, -22.210211], [-45.903604, -22.210052], [-45.90399, -22.210313], [-45.904129, -22.21024], [-45.904398, -22.209745], [-45.904983, -22.209045], [-45.905309, -22.209244], [-45.905657, -22.209196], [-45.905606, -22.208977], [-45.905273, -22.208877], [-45.905271, -22.208615], [-45.905454, -22.208369], [-45.905638, -22.208175], [-45.905848, -22.208306], [-45.90609, -22.20829], [-45.906229, -22.208109], [-45.906477, -22.208256], [-45.906617, -22.20816], [-45.906327, -22.207967], [-45.906566, -22.207589], [-45.906268, -22.207385], [-45.906897, -22.20658]]]}}, {"type": "Feature", "properties": {"name": "Nhá Chica", "kind": "bairro", "approximate": true, "source": "Correios (ViaCEP) + OpenStreetMap", "street_points": 18, "area_km2": 0.085, "label_lon": -45.945981, "label_lat": -22.220293}, "geometry": {"type": "MultiPolygon", "coordinates": [[[[-45.946343, -22.218691], [-45.945976, -22.218371], [-45.94557, -22.218283], [-45.945346, -22.218409], [-45.945268, -22.218745], [-45.944884, -22.218588], [-45.944762, -22.21865], [-45.944761, -22.218831], [-45.945089, -22.218977], [-45.9452, -22.219529], [-45.944757, -22.219843], [-45.944557, -22.220212], [-45.94472, -22.221143], [-45.946369, -22.221344], [-45.946963, -22.221167], [-45.947189, -22.219087], [-45.946343, -22.218691]]], [[[-45.945912, -22.217204], [-45.946027, -22.216244], [-45.945559, -22.216171], [-45.944611, -22.216795], [-45.945074, -22.217638], [-45.945623, -22.217762], [-45.946034, -22.21745], [-45.945912, -22.217204]]]]}}, {"type": "Feature", "properties": {"name": "Nossa Senhora Aparecida", "kind": "bairro", "approximate": true, "source": "Correios (ViaCEP) + OpenStreetMap", "street_points": 5, "area_km2": 0.014, "label_lon": -45.922346, "label_lat": -22.222197}, "geometry": {"type": "Polygon", "coordinates": [[[-45.923413, -22.221668], [-45.923175, -22.221468], [-45.922606, -22.221924], [-45.922271, -22.22171], [-45.921911, -22.221641], [-45.921744, -22.221891], [-45.922177, -22.222617], [-45.922404, -22.222579], [-45.92262, -22.222413], [-45.922892, -22.222606], [-45.923366, -22.222581], [-45.923198, -22.222218], [-45.923491, -22.222001], [-45.923413, -22.221668]]]}}, {"type": "Feature", "properties": {"name": "Nossa Senhora de Guadalupe", "kind": "bairro", "approximate": true, "source": "Correios (ViaCEP) + OpenStreetMap", "street_points": 99, "area_km2": 0.242, "label_lon": -45.965755, "label_lat": -22.238699}, "geometry": {"type": "MultiPolygon", "coordinates": [[[[-45.970036, -22.242836], [-45.970629, -22.242722], [-45.971411, -22.242133], [-45.971789, -22.241963], [-45.971603, -22.241551], [-45.971016, -22.24133], [-45.970184, -22.241176], [-45.969371, -22.241612], [-45.969975, -22.241029], [-45.969887, -22.240891], [-45.969052, -22.241718], [-45.9692, -22.242743], [-45.970036, -22.242836]]], [[[-45.967791, -22.239727], [-45.967798, -22.239499], [-45.968084, -22.239465], [-45.968065, -22.239718], [-45.968703, -22.239749], [-45.968685, -22.239441], [-45.968772, -22.239275], [-45.968381, -22.238835], [-45.968241, -22.238915], [-45.967754, -22.238346], [-45.968096, -22.23811], [-45.968533, -22.238614], [-45.968506, -22.238748], [-45.968876, -22.239063], [-45.96895, -22.238863], [-45.969425, -22.23887], [-45.969462, -22.238815], [-45.969195, -22.238611], [-45.969298, -22.238406], [-45.969463, -22.238305], [-45.969572, -22.237793], [-45.969101, -22.237987], [-45.969264, -22.236457], [-45.967779, -22.236337], [-45.9676, -22.237948], [-45.967889, -22.237873], [-45.968008, -22.238024], [-45.967574, -22.238119], [-45.967408, -22.2379], [-45.967573, -22.236312], [-45.966826, -22.236221], [-45.966395, -22.237783], [-45.96671, -22.237716], [-45.966837, -22.237918], [-45.966971, -22.237951], [-45.967072, -22.238197], [-45.967206, -22.238248], [-45.967255, -22.238395], [-45.966895, -22.238601], [-45.966788, -22.238395], [-45.966631, -22.238322], [-45.96656, -22.238111], [-45.966412, -22.238046], [-45.966331, -22.237828], [-45.966191, -22.237757], [-45.966682, -22.236182], [-45.965146, -22.235839], [-45.965019, -22.237478], [-45.965075, -22.237558], [-45.964842, -22.237799], [-45.964582, -22.237733], [-45.964501, -22.237789], [-45.964117, -22.238465], [-45.964744, -22.238642], [-45.964845, -22.24033], [-45.965527, -22.239794], [-45.96565, -22.239818], [-45.965797, -22.239591], [-45.965891, -22.23989], [-45.966477, -22.240151], [-45.966895, -22.240463], [-45.967362, -22.240628], [-45.967592, -22.24026], [-45.967273, -22.240341], [-45.967195, -22.240051], [-45.966851, -22.239548], [-45.967095, -22.239608], [-45.967721, -22.240349], [-45.967584, -22.240794], [-45.968229, -22.240952], [-45.968625, -22.241173], [-45.969011, -22.241635], [-45.969651, -22.240768], [-45.969579, -22.240666], [-45.969463, -22.240673], [-45.969001, -22.241384], [-45.969242, -22.24053], [-45.968957, -22.240487], [-45.968678, -22.240213], [-45.968689, -22.239936], [-45.967943, -22.239902], [-45.967791, -22.239727]], [[-45.967755, -22.239048], [-45.967937, -22.239149], [-45.967764, -22.23945], [-45.967501, -22.239377], [-45.967243, -22.238963], [-45.967071, -22.238873], [-45.967038, -22.238758], [-45.96735, -22.238515], [-45.967467, -22.238562], [-45.967526, -22.238766], [-45.967711, -22.238857], [-45.967755, -22.239048]]], [[[-45.964027, -22.237684], [-45.964458, -22.237285], [-45.96447, -22.236684], [-45.964858, -22.235785], [-45.96437, -22.235532], [-45.963877, -22.235443], [-45.963691, -22.237037], [-45.963488, -22.237353], [-45.963502, -22.237656], [-45.964027, -22.237684]]]]}}, {"type": "Feature", "properties": {"name": "Nova Pouso Alegre", "kind": "bairro", "approximate": true, "source": "Correios (ViaCEP) + OpenStreetMap", "street_points": 105, "area_km2": 0.159, "label_lon": -45.925632, "label_lat": -22.226154}, "geometry": {"type": "Polygon", "coordinates": [[[-45.927825, -22.227736], [-45.927698, -22.227458], [-45.928003, -22.227511], [-45.928202, -22.227701], [-45.928375, -22.227727], [-45.928809, -22.227201], [-45.928561, -22.226897], [-45.928232, -22.226895], [-45.928099, -22.226785], [-45.927991, -22.226435], [-45.927653, -22.226308], [-45.927507, -22.226344], [-45.927306, -22.226195], [-45.927056, -22.22569], [-45.927268, -22.22485], [-45.926431, -22.224653], [-45.926169, -22.224513], [-45.925811, -22.224562], [-45.925667, -22.224687], [-45.925526, -22.224214], [-45.925385, -22.224247], [-45.925474, -22.224693], [-45.925277, -22.224849], [-45.924815, -22.224725], [-45.92475, -22.224623], [-45.924426, -22.224587], [-45.924245, -22.224721], [-45.924145, -22.224228], [-45.923971, -22.224259], [-45.924077, -22.224914], [-45.923983, -22.225153], [-45.923446, -22.225577], [-45.923377, -22.225855], [-45.923566, -22.226008], [-45.92329, -22.227047], [-45.92305, -22.227162], [-45.922931, -22.227545], [-45.923366, -22.228014], [-45.924261, -22.228006], [-45.924392, -22.228075], [-45.924693, -22.227969], [-45.924949, -22.227537], [-45.925239, -22.227442], [-45.925261, -22.22777], [-45.92545, -22.227887], [-45.92549, -22.228133], [-45.925738, -22.228179], [-45.925727, -22.227879], [-45.926181, -22.227829], [-45.926359, -22.228057], [-45.926685, -22.228001], [-45.926928, -22.227743], [-45.926925, -22.227614], [-45.927078, -22.227589], [-45.927438, -22.227877], [-45.927487, -22.228133], [-45.927743, -22.228152], [-45.927977, -22.227843], [-45.927825, -22.227736]]]}}, {"type": "Feature", "properties": {"name": "Novo Yara", "kind": "bairro", "approximate": true, "source": "Correios (ViaCEP) + OpenStreetMap", "street_points": 32, "area_km2": 0.164, "label_lon": -45.943309, "label_lat": -22.258792}, "geometry": {"type": "MultiPolygon", "coordinates": [[[[-45.94262, -22.26003], [-45.944042, -22.260413], [-45.944178, -22.260087], [-45.94472, -22.259375], [-45.944834, -22.258821], [-45.944712, -22.258269], [-45.944373, -22.257803], [-45.943868, -22.257493], [-45.943273, -22.257386], [-45.942497, -22.2575], [-45.94196, -22.257407], [-45.94108, -22.258785], [-45.941467, -22.260098], [-45.94262, -22.26003]]], [[[-45.94485, -22.242228], [-45.945072, -22.241879], [-45.944939, -22.241723], [-45.944184, -22.241394], [-45.943972, -22.241661], [-45.943711, -22.24152], [-45.943475, -22.241882], [-45.94324, -22.241747], [-45.942983, -22.242025], [-45.942668, -22.241926], [-45.942116, -22.242345], [-45.942018, -22.243509], [-45.942871, -22.243644], [-45.943861, -22.243945], [-45.944994, -22.244047], [-45.944939, -22.242292], [-45.94485, -22.242228]]]]}}, {"type": "Feature", "properties": {"name": "Paraíso Real", "kind": "bairro", "approximate": true, "source": "Correios (ViaCEP) + OpenStreetMap", "street_points": 9, "area_km2": 0.015, "label_lon": -45.966846, "label_lat": -22.238185}, "geometry": {"type": "MultiPolygon", "coordinates": [[[[-45.967791, -22.239727], [-45.967943, -22.239902], [-45.968689, -22.239936], [-45.968703, -22.239749], [-45.968065, -22.239718], [-45.968084, -22.239465], [-45.967798, -22.239499], [-45.967791, -22.239727]]], [[[-45.967071, -22.238873], [-45.967243, -22.238963], [-45.967501, -22.239377], [-45.967764, -22.23945], [-45.967937, -22.239149], [-45.967755, -22.239048], [-45.967711, -22.238857], [-45.967526, -22.238766], [-45.967467, -22.238562], [-45.96735, -22.238515], [-45.967038, -22.238758], [-45.967071, -22.238873]]], [[[-45.966826, -22.236221], [-45.966682, -22.236182], [-45.966191, -22.237757], [-45.966331, -22.237828], [-45.966412, -22.238046], [-45.96656, -22.238111], [-45.966631, -22.238322], [-45.966788, -22.238395], [-45.966895, -22.238601], [-45.967255, -22.238395], [-45.96671, -22.237716], [-45.966395, -22.237783], [-45.966826, -22.236221]]]]}}, {"type": "Feature", "properties": {"name": "Parque Ibirá", "kind": "bairro", "approximate": true, "source": "Correios (ViaCEP) + OpenStreetMap", "street_points": 40, "area_km2": 0.112, "label_lon": -45.948652, "label_lat": -22.217443}, "geometry": {"type": "Polygon", "coordinates": [[[-45.950577, -22.217282], [-45.950029, -22.217462], [-45.949947, -22.21738], [-45.949794, -22.216895], [-45.950062, -22.216747], [-45.950074, -22.216559], [-45.949952, -22.216536], [-45.949977, -22.216176], [-45.949515, -22.216154], [-45.948008, -22.216332], [-45.947816, -22.216419], [-45.947389, -22.21711], [-45.947085, -22.217412], [-45.946703, -22.217494], [-45.946034, -22.21745], [-45.945623, -22.217762], [-45.945074, -22.217638], [-45.945136, -22.217796], [-45.945579, -22.217929], [-45.94565, -22.21825], [-45.945976, -22.218371], [-45.946343, -22.218691], [-45.947189, -22.219087], [-45.947836, -22.21869], [-45.948995, -22.218735], [-45.949518, -22.219049], [-45.950062, -22.218919], [-45.950382, -22.218744], [-45.950835, -22.219063], [-45.951111, -22.2189], [-45.950755, -22.218604], [-45.950539, -22.218585], [-45.950432, -22.218119], [-45.950852, -22.217772], [-45.950577, -22.217282]]]}}, {"type": "Feature", "properties": {"name": "Parque Ibirá II", "kind": "bairro", "approximate": true, "source": "Correios (ViaCEP) + OpenStreetMap", "street_points": 62, "area_km2": 0.134, "label_lon": -45.952292, "label_lat": -22.217746}, "geometry": {"type": "Polygon", "coordinates": [[[-45.952868, -22.216379], [-45.952318, -22.216404], [-45.951594, -22.216236], [-45.950561, -22.216192], [-45.949977, -22.216176], [-45.949952, -22.216536], [-45.950074, -22.216559], [-45.950062, -22.216747], [-45.949794, -22.216895], [-45.950029, -22.217462], [-45.950577, -22.217282], [-45.950852, -22.217772], [-45.950432, -22.218119], [-45.950539, -22.218585], [-45.950755, -22.218604], [-45.951336, -22.21906], [-45.951528, -22.218883], [-45.9525, -22.219555], [-45.952625, -22.219975], [-45.952979, -22.220396], [-45.953624, -22.220151], [-45.954125, -22.219835], [-45.954458, -22.219364], [-45.954713, -22.218372], [-45.954049, -22.217987], [-45.953469, -22.217008], [-45.952868, -22.216379]]]}}, {"type": "Feature", "properties": {"name": "Parque Real", "kind": "bairro", "approximate": true, "source": "Correios (ViaCEP) + OpenStreetMap", "street_points": 412, "area_km2": 2.628, "label_lon": -45.93447, "label_lat": -22.348476}, "geometry": {"type": "MultiPolygon", "coordinates": [[[[-45.935911, -22.334465], [-45.935931, -22.333031], [-45.935318, -22.330867], [-45.934976, -22.328786], [-45.934509, -22.327596], [-45.934062, -22.32674], [-45.931045, -22.32259], [-45.93059, -22.322119], [-45.929805, -22.321627], [-45.929174, -22.32139], [-45.928241, -22.321235], [-45.925551, -22.321462], [-45.923533, -22.321091], [-45.9218, -22.320965], [-45.921207, -22.321078], [-45.920705, -22.321394], [-45.920365, -22.32189], [-45.920257, -22.322418], [-45.920372, -22.322944], [-45.920719, -22.323436], [-45.921224, -22.323746], [-45.923394, -22.323953], [-45.925537, -22.324348], [-45.927772, -22.324113], [-45.928146, -22.324148], [-45.928576, -22.324345], [-45.928972, -22.324772], [-45.93129, -22.327992], [-45.932046, -22.329719], [-45.932388, -22.33177], [-45.932821, -22.333134], [-45.932829, -22.334662], [-45.933074, -22.336873], [-45.933839, -22.340054], [-45.933853, -22.340743], [-45.933192, -22.345328], [-45.933046, -22.347772], [-45.932801, -22.348146], [-45.932418, -22.348399], [-45.929731, -22.34891], [-45.929229, -22.349226], [-45.928889, -22.349722], [-45.928781, -22.35025], [-45.928896, -22.350776], [-45.929243, -22.351268], [-45.929748, -22.351578], [-45.930343, -22.351685], [-45.934026, -22.350966], [-45.935051, -22.350244], [-45.935846, -22.349307], [-45.936002, -22.349025], [-45.9362, -22.348166], [-45.936263, -22.345522], [-45.936931, -22.340903], [-45.936957, -22.340204], [-45.936142, -22.336648], [-45.935911, -22.334465]]], [[[-45.92569, -22.288107], [-45.924924, -22.288305], [-45.925665, -22.288356], [-45.925703, -22.288557], [-45.926069, -22.288875], [-45.926064, -22.289138], [-45.925855, -22.289247], [-45.925308, -22.289368], [-45.925193, -22.289211], [-45.924426, -22.289191], [-45.924345, -22.289082], [-45.924389, -22.288994], [-45.925056, -22.288905], [-45.925039, -22.288758], [-45.924374, -22.288827], [-45.924173, -22.288609], [-45.924853, -22.288166], [-45.924826, -22.288094], [-45.924164, -22.288348], [-45.924007, -22.288147], [-45.924731, -22.287861], [-45.923986, -22.287932], [-45.923894, -22.28772], [-45.923394, -22.287828], [-45.923379, -22.288148], [-45.923531, -22.288218], [-45.923407, -22.288458], [-45.923009, -22.288273], [-45.923243, -22.288148], [-45.923175, -22.287823], [-45.923079, -22.287779], [-45.921493, -22.287869], [-45.921407, -22.288725], [-45.921241, -22.288906], [-45.919608, -22.288805], [-45.919598, -22.288918], [-45.92125, -22.289075], [-45.921341, -22.289319], [-45.921267, -22.290176], [-45.921113, -22.290583], [-45.920472, -22.290838], [-45.919207, -22.290541], [-45.918708, -22.294746], [-45.918433, -22.295174], [-45.917891, -22.295621], [-45.916844, -22.296062], [-45.91689, -22.296628], [-45.916312, -22.299402], [-45.916189, -22.299689], [-45.915911, -22.299993], [-45.917584, -22.301886], [-45.917376, -22.303123], [-45.91728, -22.30317], [-45.917282, -22.303428], [-45.917164, -22.303486], [-45.917177, -22.303731], [-45.91705, -22.303801], [-45.917072, -22.304035], [-45.916936, -22.304115], [-45.916965, -22.304334], [-45.916813, -22.304426], [-45.91689, -22.304814], [-45.917898, -22.305715], [-45.918421, -22.305055], [-45.919049, -22.303208], [-45.919281, -22.301731], [-45.919374, -22.299648], [-45.919802, -22.297583], [-45.921213, -22.29578], [-45.921429, -22.29495], [-45.921626, -22.293328], [-45.921777, -22.292929], [-45.921992, -22.292682], [-45.92238, -22.292462], [-45.923089, -22.292437], [-45.922938, -22.290699], [-45.922809, -22.290603], [-45.92317, -22.290398], [-45.922939, -22.290106], [-45.923069, -22.290063], [-45.923146, -22.28975], [-45.922953, -22.289629], [-45.923287, -22.289438], [-45.923008, -22.289193], [-45.923103, -22.289101], [-45.923095, -22.288935], [-45.923504, -22.288964], [-45.923521, -22.289115], [-45.92331, -22.289439], [-45.923482, -22.28963], [-45.923246, -22.289758], [-45.923368, -22.290083], [-45.92322, -22.290403], [-45.923416, -22.290589], [-45.923337, -22.290684], [-45.923118, -22.290717], [-45.923236, -22.29236], [-45.924406, -22.290892], [-45.92475, -22.290888], [-45.925086, -22.291218], [-45.925092, -22.291977], [-45.92468, -22.292585], [-45.924058, -22.293093], [-45.92448, -22.294603], [-45.924842, -22.295085], [-45.925325, -22.29538], [-45.925919, -22.295486], [-45.930039, -22.295174], [-45.930657, -22.295047], [-45.931134, -22.294745], [-45.931467, -22.294275], [-45.931582, -22.293722], [-45.93146, -22.29317], [-45.931159, -22.292607], [-45.931159, -22.291372], [-45.931371, -22.290512], [-45.931396, -22.289936], [-45.931824, -22.289245], [-45.931938, -22.288692], [-45.931816, -22.28814], [-45.931494, -22.287694], [-45.930971, -22.287363], [-45.929996, -22.287132], [-45.929061, -22.286437], [-45.928466, -22.286331], [-45.927647, -22.286368], [-45.926943, -22.286265], [-45.926352, -22.286287], [-45.926118, -22.287577], [-45.92569, -22.288107]], [[-45.923563, -22.288697], [-45.923489, -22.288795], [-45.923083, -22.28878], [-45.923015, -22.288712], [-45.923409, -22.288485], [-45.923563, -22.288697]], [[-45.924239, -22.29003], [-45.924317, -22.289917], [-45.925126, -22.28987], [-45.92509, -22.290102], [-45.924324, -22.290147], [-45.924239, -22.29003]], [[-45.924266, -22.289588], [-45.924386, -22.289517], [-45.924435, -22.2893], [-45.925214, -22.289543], [-45.925127, -22.289852], [-45.924301, -22.289713], [-45.924266, -22.289588]], [[-45.924397, -22.290759], [-45.924278, -22.290521], [-45.924336, -22.290308], [-45.925081, -22.290262], [-45.924814, -22.290499], [-45.924749, -22.290696], [-45.924397, -22.290759]]]]}}, {"type": "Feature", "properties": {"name": "Passaredo", "kind": "bairro", "approximate": true, "source": "Correios (ViaCEP) + OpenStreetMap", "street_points": 22, "area_km2": 0.07, "label_lon": -45.920533, "label_lat": -22.225594}, "geometry": {"type": "MultiPolygon", "coordinates": [[[[-45.922506, -22.224871], [-45.923031, -22.22512], [-45.923446, -22.225577], [-45.923983, -22.225153], [-45.924077, -22.224914], [-45.923971, -22.224259], [-45.923634, -22.224241], [-45.923286, -22.224056], [-45.923092, -22.224099], [-45.922929, -22.224586], [-45.922582, -22.224693], [-45.922557, -22.224585], [-45.921957, -22.224204], [-45.921141, -22.224005], [-45.920804, -22.224036], [-45.920702, -22.224319], [-45.919897, -22.225126], [-45.919723, -22.225041], [-45.919449, -22.225311], [-45.919541, -22.225495], [-45.918981, -22.226018], [-45.919211, -22.226207], [-45.919958, -22.226515], [-45.920438, -22.226443], [-45.921281, -22.226061], [-45.921441, -22.224711], [-45.921793, -22.224646], [-45.922506, -22.224871]]], [[[-45.919313, -22.225172], [-45.919589, -22.22491], [-45.919522, -22.22452], [-45.919254, -22.224415], [-45.91886, -22.224442], [-45.918387, -22.224887], [-45.918613, -22.225023], [-45.919313, -22.225172]]], [[[-45.924412, -22.224231], [-45.924145, -22.224228], [-45.924245, -22.224721], [-45.924426, -22.224587], [-45.924412, -22.224231]]]]}}, {"type": "Feature", "properties": {"name": "Pitangueiras", "kind": "bairro", "approximate": true, "source": "Correios (ViaCEP) + OpenStreetMap", "street_points": 82, "area_km2": 0.686, "label_lon": -45.894952, "label_lat": -22.224349}, "geometry": {"type": "Polygon", "coordinates": [[[-45.898753, -22.227197], [-45.898941, -22.227109], [-45.900824, -22.225729], [-45.898588, -22.223558], [-45.897163, -22.222495], [-45.89651, -22.222189], [-45.895609, -22.222039], [-45.894717, -22.222045], [-45.894135, -22.221725], [-45.893842, -22.221157], [-45.893799, -22.219843], [-45.893591, -22.218986], [-45.893124, -22.218254], [-45.89265, -22.217771], [-45.89186, -22.217288], [-45.890271, -22.216995], [-45.885294, -22.216917], [-45.885426, -22.219919], [-45.885972, -22.219781], [-45.8891, -22.219812], [-45.889857, -22.219875], [-45.890358, -22.22012], [-45.890709, -22.220658], [-45.890719, -22.221755], [-45.89099, -22.222918], [-45.891683, -22.223922], [-45.892406, -22.224544], [-45.892582, -22.224934], [-45.892567, -22.225425], [-45.89309, -22.225901], [-45.893708, -22.226303], [-45.894282, -22.226519], [-45.894828, -22.227038], [-45.89523, -22.227158], [-45.895707, -22.22688], [-45.896077, -22.226326], [-45.897045, -22.225677], [-45.897408, -22.225459], [-45.897755, -22.225505], [-45.898379, -22.226556], [-45.89835, -22.226998], [-45.898753, -22.227197]]]}}, {"type": "Feature", "properties": {"name": "Portal Vila Verde", "kind": "bairro", "approximate": true, "source": "Correios (ViaCEP) + OpenStreetMap", "street_points": 19, "area_km2": 0.062, "label_lon": -45.91278, "label_lat": -22.278882}, "geometry": {"type": "Polygon", "coordinates": [[[-45.914678, -22.278387], [-45.913782, -22.27853], [-45.913715, -22.278311], [-45.914815, -22.277414], [-45.914837, -22.277308], [-45.914274, -22.277118], [-45.913596, -22.27823], [-45.913384, -22.278181], [-45.914049, -22.277025], [-45.913866, -22.276919], [-45.913198, -22.278014], [-45.912959, -22.277923], [-45.913647, -22.27678], [-45.913354, -22.276512], [-45.912634, -22.277693], [-45.912477, -22.277725], [-45.911626, -22.278946], [-45.911703, -22.279115], [-45.912734, -22.280073], [-45.913196, -22.280397], [-45.913625, -22.280142], [-45.913898, -22.279839], [-45.913818, -22.279272], [-45.913973, -22.279011], [-45.913799, -22.278769], [-45.914642, -22.278608], [-45.914678, -22.278387]]]}}, {"type": "Feature", "properties": {"name": "Portal Vila Verde II", "kind": "bairro", "approximate": true, "source": "Correios (ViaCEP) + OpenStreetMap", "street_points": 5, "area_km2": 0.045, "label_lon": -45.914617, "label_lat": -22.292432}, "geometry": {"type": "Polygon", "coordinates": [[[-45.915596, -22.29125], [-45.915637, -22.290652], [-45.914426, -22.290491], [-45.913941, -22.292231], [-45.913927, -22.292931], [-45.914126, -22.293319], [-45.914953, -22.293848], [-45.915239, -22.293264], [-45.915304, -22.292469], [-45.915596, -22.29125]]]}}, {"type": "Feature", "properties": {"name": "Portal do Ipiranga", "kind": "bairro", "approximate": true, "source": "Correios (ViaCEP) + OpenStreetMap", "street_points": 115, "area_km2": 0.593, "label_lon": -45.857226, "label_lat": -22.2459}, "geometry": {"type": "Polygon", "coordinates": [[[-45.860392, -22.245907], [-45.860477, -22.243593], [-45.859868, -22.242494], [-45.859842, -22.242276], [-45.859551, -22.242153], [-45.859256, -22.242272], [-45.859188, -22.242074], [-45.859306, -22.24193], [-45.859359, -22.241494], [-45.859289, -22.241365], [-45.858308, -22.240658], [-45.858064, -22.240839], [-45.8583, -22.24107], [-45.858189, -22.241207], [-45.857291, -22.241296], [-45.856284, -22.240519], [-45.85577, -22.240915], [-45.855219, -22.241746], [-45.854629, -22.242168], [-45.854296, -22.242638], [-45.854181, -22.243191], [-45.854437, -22.244124], [-45.854366, -22.24467], [-45.853751, -22.245524], [-45.852812, -22.246075], [-45.852479, -22.246546], [-45.852364, -22.247099], [-45.852485, -22.247651], [-45.852824, -22.248118], [-45.85333, -22.248428], [-45.853657, -22.248522], [-45.858845, -22.249026], [-45.859909, -22.249056], [-45.860526, -22.248929], [-45.861003, -22.248627], [-45.861337, -22.248157], [-45.861598, -22.247131], [-45.860628, -22.246603], [-45.860392, -22.245907]]]}}, {"type": "Feature", "properties": {"name": "Pousada do Sol", "kind": "bairro", "approximate": true, "source": "Correios (ViaCEP) + OpenStreetMap", "street_points": 68, "area_km2": 0.447, "label_lon": -45.938079, "label_lat": -22.207776}, "geometry": {"type": "Polygon", "coordinates": [[[-45.941057, -22.210128], [-45.941494, -22.210053], [-45.941633, -22.209409], [-45.94148, -22.208625], [-45.942393, -22.207452], [-45.941816, -22.205659], [-45.941469, -22.205839], [-45.941029, -22.205896], [-45.939961, -22.20566], [-45.939438, -22.205666], [-45.938845, -22.205402], [-45.938251, -22.205295], [-45.937268, -22.205447], [-45.936087, -22.205155], [-45.935522, -22.205262], [-45.934906, -22.205627], [-45.934277, -22.206402], [-45.933232, -22.207019], [-45.932899, -22.207489], [-45.932789, -22.208068], [-45.932906, -22.208594], [-45.933435, -22.209432], [-45.93347, -22.209749], [-45.933373, -22.210137], [-45.93437, -22.210333], [-45.934972, -22.210296], [-45.935477, -22.210119], [-45.937004, -22.21009], [-45.937874, -22.210235], [-45.938509, -22.210476], [-45.939427, -22.210065], [-45.93992, -22.209992], [-45.941057, -22.210128]]]}}, {"type": "Feature", "properties": {"name": "Pousada dos Campos I", "kind": "bairro", "approximate": true, "source": "Correios (ViaCEP) + OpenStreetMap", "street_points": 91, "area_km2": 0.273, "label_lon": -45.925685, "label_lat": -22.21644}, "geometry": {"type": "MultiPolygon", "coordinates": [[[[-45.92308, -22.219609], [-45.923071, -22.219747], [-45.92275, -22.219983], [-45.922859, -22.220136], [-45.923199, -22.219889], [-45.923413, -22.220028], [-45.923441, -22.219652], [-45.92308, -22.219609]]], [[[-45.928082, -22.216444], [-45.927936, -22.216096], [-45.927965, -22.215607], [-45.927789, -22.2154], [-45.926808, -22.214713], [-45.925733, -22.214267], [-45.924765, -22.213562], [-45.923983, -22.214088], [-45.923275, -22.214769], [-45.922592, -22.214998], [-45.921712, -22.21546], [-45.922258, -22.216414], [-45.922598, -22.216587], [-45.923179, -22.216671], [-45.92336, -22.216886], [-45.923331, -22.216989], [-45.924319, -22.218205], [-45.923557, -22.218752], [-45.923448, -22.219647], [-45.923923, -22.219695], [-45.924101, -22.219837], [-45.924648, -22.21943], [-45.924629, -22.219313], [-45.92479, -22.219118], [-45.92538, -22.218893], [-45.925778, -22.218949], [-45.926488, -22.218326], [-45.927054, -22.218608], [-45.927498, -22.21855], [-45.927836, -22.218752], [-45.928492, -22.218727], [-45.928687, -22.218482], [-45.928588, -22.216806], [-45.928082, -22.216444]]]]}}, {"type": "Feature", "properties": {"name": "Pousada dos Campos II", "kind": "bairro", "approximate": true, "source": "Correios (ViaCEP) + OpenStreetMap", "street_points": 21, "area_km2": 0.112, "label_lon": -45.9261, "label_lat": -22.213383}, "geometry": {"type": "Polygon", "coordinates": [[[-45.929702, -22.216651], [-45.929489, -22.215813], [-45.929599, -22.215369], [-45.928242, -22.214517], [-45.92726, -22.21341], [-45.926587, -22.212401], [-45.926284, -22.212137], [-45.925336, -22.212727], [-45.924765, -22.213562], [-45.925733, -22.214267], [-45.927096, -22.214875], [-45.927965, -22.215607], [-45.927936, -22.216096], [-45.928082, -22.216444], [-45.928588, -22.216806], [-45.928678, -22.217313], [-45.928624, -22.218176], [-45.928687, -22.218482], [-45.929197, -22.218492], [-45.929566, -22.21834], [-45.929525, -22.217938], [-45.929615, -22.217835], [-45.929702, -22.216651]]]}}, {"type": "Feature", "properties": {"name": "Pousada dos Campos III", "kind": "bairro", "approximate": true, "source": "Correios (ViaCEP) + OpenStreetMap", "street_points": 25, "area_km2": 0.195, "label_lon": -45.917582, "label_lat": -22.212375}, "geometry": {"type": "MultiPolygon", "coordinates": [[[[-45.918294, -22.21521], [-45.918651, -22.215384], [-45.920467, -22.214973], [-45.920074, -22.214028], [-45.918438, -22.214573], [-45.918476, -22.214799], [-45.918294, -22.21521]]], [[[-45.914652, -22.2137], [-45.915941, -22.21321], [-45.916371, -22.213221], [-45.916754, -22.213389], [-45.917108, -22.213744], [-45.918009, -22.213599], [-45.918166, -22.213707], [-45.919766, -22.213796], [-45.918314, -22.213896], [-45.918371, -22.214133], [-45.918221, -22.214323], [-45.918342, -22.21441], [-45.920074, -22.214027], [-45.920117, -22.212667], [-45.919995, -22.212115], [-45.919673, -22.211669], [-45.919151, -22.211338], [-45.916645, -22.210906], [-45.915961, -22.210995], [-45.914973, -22.210796], [-45.91399, -22.211023], [-45.914219, -22.213274], [-45.914352, -22.213634], [-45.914652, -22.2137]]]]}}, {"type": "Feature", "properties": {"name": "Presidente Juscelino", "kind": "bairro", "approximate": true, "source": "Correios (ViaCEP) + OpenStreetMap", "street_points": 43, "area_km2": 0.29, "label_lon": -45.89018, "label_lat": -22.246062}, "geometry": {"type": "MultiPolygon", "coordinates": [[[[-45.886472, -22.247147], [-45.887054, -22.248715], [-45.887297, -22.248631], [-45.886737, -22.247125], [-45.886585, -22.247059], [-45.886472, -22.247147]]], [[[-45.888319, -22.245873], [-45.887652, -22.24554], [-45.887434, -22.245568], [-45.887101, -22.244623], [-45.886926, -22.244682], [-45.887263, -22.245624], [-45.887105, -22.245873], [-45.886885, -22.245944], [-45.886771, -22.246109], [-45.886796, -22.246395], [-45.88635, -22.246315], [-45.886046, -22.246124], [-45.886212, -22.246591], [-45.886108, -22.246727], [-45.885803, -22.246023], [-45.885563, -22.245899], [-45.884696, -22.245599], [-45.883258, -22.245441], [-45.883054, -22.246046], [-45.883468, -22.246211], [-45.883781, -22.246505], [-45.884049, -22.247321], [-45.884906, -22.248529], [-45.885412, -22.248839], [-45.886006, -22.248946], [-45.886913, -22.248761], [-45.886307, -22.247197], [-45.885929, -22.247118], [-45.886136, -22.246807], [-45.886495, -22.246769], [-45.886497, -22.246679], [-45.88683, -22.246473], [-45.887041, -22.246691], [-45.887211, -22.246737], [-45.887066, -22.247014], [-45.886902, -22.247071], [-45.887413, -22.24859], [-45.891756, -22.24727], [-45.892257, -22.246954], [-45.89259, -22.246483], [-45.892705, -22.24593], [-45.892583, -22.245378], [-45.892244, -22.244912], [-45.891739, -22.244601], [-45.89069, -22.244496], [-45.890368, -22.24439], [-45.889389, -22.243556], [-45.888338, -22.244232], [-45.888676, -22.245191], [-45.888319, -22.245873]]]]}}, {"type": "Feature", "properties": {"name": "Progresso", "kind": "bairro", "approximate": true, "source": "Correios (ViaCEP) + OpenStreetMap", "street_points": 16, "area_km2": 0.024, "label_lon": -45.940109, "label_lat": -22.228241}, "geometry": {"type": "Polygon", "coordinates": [[[-45.94076, -22.227757], [-45.939961, -22.227547], [-45.939822, -22.227394], [-45.939908, -22.227077], [-45.939036, -22.226988], [-45.938908, -22.227496], [-45.939027, -22.227637], [-45.939006, -22.227854], [-45.93936, -22.2279], [-45.93938, -22.228063], [-45.93963, -22.228395], [-45.939563, -22.228727], [-45.939717, -22.228874], [-45.940452, -22.228995], [-45.94076, -22.227757]]]}}, {"type": "Feature", "properties": {"name": "Pão de Açúcar", "kind": "bairro", "approximate": true, "source": "Correios (ViaCEP) + OpenStreetMap", "street_points": 141, "area_km2": 0.402, "label_lon": -45.909223, "label_lat": -22.207252}, "geometry": {"type": "Polygon", "coordinates": [[[-45.907133, -22.202942], [-45.907165, -22.204755], [-45.90696, -22.206333], [-45.906897, -22.20658], [-45.906268, -22.207385], [-45.906566, -22.207589], [-45.906327, -22.207967], [-45.906617, -22.20816], [-45.906477, -22.208256], [-45.906229, -22.208109], [-45.90609, -22.20829], [-45.905848, -22.208306], [-45.905638, -22.208175], [-45.905271, -22.208615], [-45.905273, -22.208877], [-45.905606, -22.208977], [-45.905657, -22.209196], [-45.905309, -22.209244], [-45.904983, -22.209045], [-45.904398, -22.209745], [-45.904338, -22.209951], [-45.904524, -22.210054], [-45.904478, -22.210484], [-45.904752, -22.21036], [-45.904788, -22.210149], [-45.905031, -22.210026], [-45.905277, -22.210128], [-45.905629, -22.210123], [-45.905824, -22.210276], [-45.905991, -22.210212], [-45.906391, -22.210408], [-45.906721, -22.210364], [-45.907028, -22.210624], [-45.907235, -22.211197], [-45.907704, -22.209754], [-45.908053, -22.209848], [-45.908972, -22.209548], [-45.909698, -22.209899], [-45.911352, -22.209647], [-45.91145, -22.209259], [-45.911641, -22.208983], [-45.912153, -22.208478], [-45.91287, -22.208024], [-45.913187, -22.207574], [-45.913301, -22.207021], [-45.913165, -22.206447], [-45.912841, -22.206003], [-45.91236, -22.205706], [-45.911443, -22.205492], [-45.910732, -22.205443], [-45.909374, -22.204822], [-45.909046, -22.204292], [-45.908898, -22.203046], [-45.908319, -22.202279], [-45.907253, -22.202753], [-45.907133, -22.202942]]]}}, {"type": "Feature", "properties": {"name": "RFFSA", "kind": "bairro", "approximate": true, "source": "Correios (ViaCEP) + OpenStreetMap", "street_points": 9, "area_km2": 0.012, "label_lon": -45.92942, "label_lat": -22.231979}, "geometry": {"type": "Polygon", "coordinates": [[[-45.928693, -22.232275], [-45.929049, -22.232563], [-45.929115, -22.23284], [-45.929688, -22.232303], [-45.930299, -22.231337], [-45.929718, -22.23139], [-45.9292, -22.231689], [-45.928693, -22.232275]]]}}, {"type": "Feature", "properties": {"name": "Recanto Sinhazinha", "kind": "bairro", "approximate": true, "source": "Correios (ViaCEP) + OpenStreetMap", "street_points": 9, "area_km2": 0.033, "label_lon": -45.956325, "label_lat": -22.214971}, "geometry": {"type": "Polygon", "coordinates": [[[-45.956951, -22.213917], [-45.956772, -22.21375], [-45.956826, -22.213519], [-45.956643, -22.213527], [-45.956602, -22.213728], [-45.956363, -22.213763], [-45.956004, -22.214033], [-45.955829, -22.21517], [-45.95599, -22.215888], [-45.955911, -22.217096], [-45.956015, -22.217555], [-45.956437, -22.217533], [-45.956951, -22.213917]]]}}, {"type": "Feature", "properties": {"name": "Recanto das Rosas", "kind": "bairro", "approximate": true, "source": "Correios (ViaCEP) + OpenStreetMap", "street_points": 10, "area_km2": 0.082, "label_lon": -45.906534, "label_lat": -22.215023}, "geometry": {"type": "MultiPolygon", "coordinates": [[[[-45.914533, -22.224686], [-45.914868, -22.224783], [-45.91511, -22.224508], [-45.915108, -22.223996], [-45.914465, -22.224586], [-45.914099, -22.224532], [-45.913853, -22.224592], [-45.91355, -22.224937], [-45.914274, -22.225131], [-45.91454, -22.224912], [-45.914533, -22.224686]]], [[[-45.918358, -22.223963], [-45.918172, -22.223838], [-45.917815, -22.223873], [-45.917672, -22.224037], [-45.917748, -22.224132], [-45.918117, -22.224206], [-45.918358, -22.223963]]], [[[-45.925853, -22.221926], [-45.92565, -22.221928], [-45.925523, -22.222203], [-45.925667, -22.222307], [-45.92556, -22.22275], [-45.925648, -22.222801], [-45.925761, -22.222799], [-45.925873, -22.222332], [-45.926058, -22.222286], [-45.926054, -22.222131], [-45.925853, -22.221926]]], [[[-45.906348, -22.213498], [-45.905093, -22.214301], [-45.905345, -22.214674], [-45.905532, -22.215475], [-45.906173, -22.216309], [-45.906341, -22.216835], [-45.907869, -22.216857], [-45.90773, -22.215402], [-45.90783, -22.215036], [-45.906707, -22.213528], [-45.906348, -22.213498]]]]}}, {"type": "Feature", "properties": {"name": "Recanto dos Barreiros", "kind": "bairro", "approximate": true, "source": "Correios (ViaCEP) + OpenStreetMap", "street_points": 48, "area_km2": 0.127, "label_lon": -45.939876, "label_lat": -22.211494}, "geometry": {"type": "MultiPolygon", "coordinates": [[[[-45.94185, -22.216214], [-45.941668, -22.215889], [-45.941347, -22.215624], [-45.941404, -22.215251], [-45.941558, -22.215132], [-45.941426, -22.214948], [-45.94078, -22.214887], [-45.941034, -22.215216], [-45.940985, -22.215604], [-45.940652, -22.215809], [-45.940353, -22.2162], [-45.94011, -22.216721], [-45.940537, -22.217206], [-45.940735, -22.217235], [-45.94185, -22.216214]]], [[[-45.94145, -22.214789], [-45.94149, -22.21462], [-45.94202, -22.21423], [-45.941936, -22.214125], [-45.941142, -22.21406], [-45.941037, -22.214264], [-45.940502, -22.214635], [-45.940572, -22.214718], [-45.94145, -22.214789]]], [[[-45.941168, -22.213902], [-45.941779, -22.213956], [-45.941551, -22.213672], [-45.941045, -22.213627], [-45.941168, -22.213902]]], [[[-45.941665, -22.21329], [-45.941593, -22.213047], [-45.941214, -22.213094], [-45.941108, -22.213288], [-45.941598, -22.213335], [-45.941665, -22.21329]]], [[[-45.941251, -22.212849], [-45.941612, -22.212921], [-45.941719, -22.212815], [-45.941651, -22.212679], [-45.941265, -22.212653], [-45.941196, -22.212738], [-45.941251, -22.212849]]], [[[-45.945537, -22.211924], [-45.945284, -22.211997], [-45.945124, -22.21264], [-45.94493, -22.212798], [-45.945325, -22.213065], [-45.945907, -22.213108], [-45.946187, -22.212509], [-45.946577, -22.212493], [-45.946592, -22.212336], [-45.946228, -22.21234], [-45.946124, -22.21208], [-45.945983, -22.211986], [-45.945537, -22.211924]]], [[[-45.944523, -22.212726], [-45.944904, -22.212791], [-45.945103, -22.211974], [-45.944768, -22.211771], [-45.944437, -22.211703], [-45.944268, -22.211686], [-45.944119, -22.211849], [-45.943645, -22.211773], [-45.943626, -22.21162], [-45.94391, -22.21166], [-45.944038, -22.21158], [-45.943323, -22.211341], [-45.943212, -22.211398], [-45.942979, -22.211256], [-45.942599, -22.211259], [-45.941963, -22.211076], [-45.941452, -22.211061], [-45.94127, -22.210964], [-45.941072, -22.211003], [-45.940922, -22.210912], [-45.940693, -22.210944], [-45.940226, -22.210813], [-45.938727, -22.210834], [-45.938953, -22.211418], [-45.938941, -22.212131], [-45.939035, -22.212209], [-45.939665, -22.21228], [-45.940245, -22.212094], [-45.940925, -22.212252], [-45.941052, -22.212215], [-45.941256, -22.212299], [-45.941297, -22.21246], [-45.941677, -22.212509], [-45.941784, -22.212349], [-45.943433, -22.212566], [-45.943527, -22.212485], [-45.943812, -22.212516], [-45.943794, -22.212359], [-45.943554, -22.212329], [-45.943618, -22.211934], [-45.944085, -22.212007], [-45.944124, -22.212236], [-45.944523, -22.212726]]]]}}, {"type": "Feature", "properties": {"name": "Recanto dos Fernandes I", "kind": "bairro", "approximate": true, "source": "Correios (ViaCEP) + OpenStreetMap", "street_points": 120, "area_km2": 0.244, "label_lon": -45.944073, "label_lat": -22.214102}, "geometry": {"type": "MultiPolygon", "coordinates": [[[[-45.943512, -22.217567], [-45.943425, -22.217359], [-45.943036, -22.217323], [-45.9427, -22.217576], [-45.941804, -22.218017], [-45.941839, -22.218343], [-45.941615, -22.219056], [-45.941076, -22.220117], [-45.940955, -22.220826], [-45.941011, -22.220969], [-45.941435, -22.22122], [-45.94162, -22.221204], [-45.941818, -22.221453], [-45.94204, -22.220982], [-45.942263, -22.220742], [-45.943207, -22.220042], [-45.943192, -22.21932], [-45.94333, -22.219047], [-45.943201, -22.218714], [-45.943337, -22.218556], [-45.943281, -22.218374], [-45.943501, -22.218173], [-45.943326, -22.21768], [-45.943512, -22.217567]]], [[[-45.943139, -22.215712], [-45.94293, -22.216003], [-45.942594, -22.216255], [-45.943111, -22.216924], [-45.943103, -22.21718], [-45.943317, -22.217204], [-45.943435, -22.21734], [-45.94376, -22.217078], [-45.944485, -22.216759], [-45.943649, -22.21598], [-45.943503, -22.215698], [-45.943139, -22.215712]]], [[[-45.946174, -22.214091], [-45.94733, -22.21448], [-45.947403, -22.214434], [-45.946978, -22.214142], [-45.94589, -22.21382], [-45.945998, -22.213251], [-45.945907, -22.213108], [-45.945325, -22.213065], [-45.94493, -22.212798], [-45.944523, -22.212726], [-45.944124, -22.212236], [-45.944085, -22.212007], [-45.943618, -22.211934], [-45.943523, -22.2121], [-45.943554, -22.212329], [-45.943794, -22.212359], [-45.943791, -22.21252], [-45.943527, -22.212485], [-45.943433, -22.212566], [-45.941784, -22.212349], [-45.941677, -22.212509], [-45.941297, -22.21246], [-45.941265, -22.212653], [-45.941651, -22.212679], [-45.941719, -22.212815], [-45.941612, -22.212921], [-45.941251, -22.212849], [-45.941196, -22.212738], [-45.940167, -22.212634], [-45.939665, -22.21228], [-45.939035, -22.212209], [-45.939445, -22.213262], [-45.940793, -22.213423], [-45.941045, -22.213627], [-45.941551, -22.213672], [-45.94202, -22.21423], [-45.942616, -22.214307], [-45.942477, -22.215247], [-45.943035, -22.215322], [-45.943155, -22.215608], [-45.943508, -22.215661], [-45.943714, -22.21541], [-45.945547, -22.215656], [-45.945726, -22.215458], [-45.946074, -22.215529], [-45.946128, -22.215302], [-45.945774, -22.215226], [-45.945475, -22.214787], [-45.94553, -22.214567], [-45.946097, -22.214274], [-45.946174, -22.214091]], [[-45.941593, -22.213047], [-45.941665, -22.21329], [-45.941108, -22.213288], [-45.941214, -22.213094], [-45.941593, -22.213047]]], [[[-45.944208, -22.211218], [-45.944443, -22.210996], [-45.943967, -22.210908], [-45.944076, -22.210621], [-45.944017, -22.210592], [-45.943349, -22.210509], [-45.943755, -22.211206], [-45.94365, -22.211468], [-45.944038, -22.21158], [-45.94391, -22.21166], [-45.943626, -22.21162], [-45.943645, -22.211773], [-45.944119, -22.211849], [-45.944268, -22.211686], [-45.944165, -22.211386], [-45.943951, -22.211359], [-45.943865, -22.211219], [-45.944208, -22.211218]]]]}}, {"type": "Feature", "properties": {"name": "Recanto dos Souza", "kind": "bairro", "approximate": true, "source": "Correios (ViaCEP) + OpenStreetMap", "street_points": 12, "area_km2": 0.018, "label_lon": -45.94412, "label_lat": -22.218872}, "geometry": {"type": "Polygon", "coordinates": [[[-45.945089, -22.218977], [-45.944761, -22.218831], [-45.944762, -22.21865], [-45.943501, -22.218173], [-45.943281, -22.218374], [-45.943337, -22.218556], [-45.943201, -22.218714], [-45.94333, -22.219047], [-45.943791, -22.219148], [-45.943862, -22.219256], [-45.944118, -22.219287], [-45.944278, -22.219437], [-45.944434, -22.219399], [-45.944959, -22.219685], [-45.945166, -22.219617], [-45.945089, -22.218977]]]}}, {"type": "Feature", "properties": {"name": "Reserva de Santa Bárbara", "kind": "bairro", "approximate": true, "source": "Correios (ViaCEP) + OpenStreetMap", "street_points": 65, "area_km2": 0.216, "label_lon": -45.947848, "label_lat": -22.223688}, "geometry": {"type": "Polygon", "coordinates": [[[-45.950583, -22.224459], [-45.951268, -22.224042], [-45.952358, -22.223038], [-45.952115, -22.222725], [-45.952015, -22.222419], [-45.951959, -22.221957], [-45.95204, -22.221544], [-45.951286, -22.221493], [-45.950619, -22.221802], [-45.950271, -22.222264], [-45.949829, -22.222242], [-45.949727, -22.222322], [-45.949488, -22.222814], [-45.948993, -22.222557], [-45.94885, -22.222396], [-45.947828, -22.222142], [-45.946963, -22.221167], [-45.946369, -22.221344], [-45.945997, -22.221854], [-45.945572, -22.222178], [-45.945674, -22.222641], [-45.945962, -22.222531], [-45.946434, -22.222946], [-45.945639, -22.223979], [-45.945495, -22.225474], [-45.945571, -22.225764], [-45.945926, -22.225825], [-45.946474, -22.225517], [-45.947574, -22.225574], [-45.948099, -22.225149], [-45.948897, -22.225109], [-45.950583, -22.224459]]]}}, {"type": "Feature", "properties": {"name": "Residencial Astúrias", "kind": "bairro", "approximate": true, "source": "Correios (ViaCEP) + OpenStreetMap", "street_points": 47, "area_km2": 0.336, "label_lon": -45.929894, "label_lat": -22.212777}, "geometry": {"type": "Polygon", "coordinates": [[[-45.932932, -22.214065], [-45.933346, -22.213687], [-45.933478, -22.212875], [-45.933976, -22.212818], [-45.934196, -22.212617], [-45.93437, -22.210333], [-45.933373, -22.210137], [-45.932912, -22.210629], [-45.932257, -22.210785], [-45.928427, -22.210054], [-45.927833, -22.210157], [-45.927288, -22.210501], [-45.926284, -22.212137], [-45.926587, -22.212401], [-45.92726, -22.21341], [-45.928242, -22.214517], [-45.929599, -22.215369], [-45.930412, -22.215389], [-45.931285, -22.21488], [-45.931781, -22.214307], [-45.932932, -22.214065]]]}}, {"type": "Feature", "properties": {"name": "Residencial Bandeirantes II", "kind": "bairro", "approximate": true, "source": "Correios (ViaCEP) + OpenStreetMap", "street_points": 20, "area_km2": 0.143, "label_lon": -45.914458, "label_lat": -22.275863}, "geometry": {"type": "Polygon", "coordinates": [[[-45.915738, -22.27528], [-45.91598, -22.2748], [-45.915828, -22.274643], [-45.915369, -22.274441], [-45.915061, -22.274832], [-45.913378, -22.273677], [-45.913372, -22.273603], [-45.913088, -22.273496], [-45.91309, -22.273376], [-45.912526, -22.273012], [-45.911527, -22.272726], [-45.911362, -22.273446], [-45.911721, -22.274555], [-45.911583, -22.275188], [-45.912703, -22.275623], [-45.913354, -22.276512], [-45.913866, -22.276919], [-45.914837, -22.277308], [-45.915365, -22.277125], [-45.915913, -22.277229], [-45.91642, -22.277035], [-45.916709, -22.276246], [-45.916529, -22.275875], [-45.915738, -22.27528]]]}}, {"type": "Feature", "properties": {"name": "Residencial Jardim Brasil II", "kind": "bairro", "approximate": true, "source": "Correios (ViaCEP) + OpenStreetMap", "street_points": 59, "area_km2": 0.15, "label_lon": -45.970856, "label_lat": -22.239447}, "geometry": {"type": "Polygon", "coordinates": [[[-45.972251, -22.238677], [-45.972129, -22.237811], [-45.971522, -22.237638], [-45.970283, -22.236722], [-45.969264, -22.236457], [-45.969101, -22.237987], [-45.969572, -22.237793], [-45.969463, -22.238305], [-45.969298, -22.238406], [-45.969195, -22.238611], [-45.969462, -22.238815], [-45.96895, -22.238863], [-45.968685, -22.239441], [-45.968678, -22.240213], [-45.968957, -22.240487], [-45.969242, -22.24053], [-45.969001, -22.241384], [-45.969463, -22.240673], [-45.969579, -22.240666], [-45.969651, -22.240768], [-45.969011, -22.241635], [-45.969052, -22.241718], [-45.969823, -22.240889], [-45.969975, -22.241029], [-45.969371, -22.241612], [-45.970184, -22.241176], [-45.971016, -22.24133], [-45.971603, -22.241551], [-45.971583, -22.241396], [-45.971941, -22.240469], [-45.97251, -22.240207], [-45.972602, -22.240056], [-45.972251, -22.238677]]]}}, {"type": "Feature", "properties": {"name": "Residencial Jardim Redentor", "kind": "bairro", "approximate": true, "source": "Correios (ViaCEP) + OpenStreetMap", "street_points": 57, "area_km2": 0.293, "label_lon": -45.975186, "label_lat": -22.240584}, "geometry": {"type": "Polygon", "coordinates": [[[-45.972602, -22.240056], [-45.97251, -22.240207], [-45.971941, -22.240469], [-45.971583, -22.241396], [-45.971789, -22.241963], [-45.972189, -22.241925], [-45.972533, -22.241999], [-45.973157, -22.242354], [-45.974055, -22.242616], [-45.975206, -22.243236], [-45.975773, -22.243336], [-45.976339, -22.243229], [-45.976867, -22.242906], [-45.977799, -22.241616], [-45.978066, -22.240824], [-45.978174, -22.240296], [-45.978059, -22.239769], [-45.977712, -22.239277], [-45.976072, -22.238399], [-45.974189, -22.237985], [-45.97367, -22.237749], [-45.973103, -22.237649], [-45.972129, -22.237811], [-45.972602, -22.240056]]]}}, {"type": "Feature", "properties": {"name": "Residencial Jardim Ypê", "kind": "bairro", "approximate": true, "source": "Correios (ViaCEP) + OpenStreetMap", "street_points": 5, "area_km2": 0.054, "label_lon": -45.911513, "label_lat": -22.27653}, "geometry": {"type": "MultiPolygon", "coordinates": [[[[-45.913354, -22.276512], [-45.913179, -22.276299], [-45.912394, -22.277587], [-45.912477, -22.277725], [-45.912634, -22.277693], [-45.913354, -22.276512]]], [[[-45.910961, -22.277735], [-45.911528, -22.277789], [-45.912032, -22.277497], [-45.912275, -22.277507], [-45.912819, -22.275804], [-45.912703, -22.275623], [-45.911583, -22.275188], [-45.911118, -22.27562], [-45.910547, -22.275751], [-45.910464, -22.27658], [-45.910574, -22.277223], [-45.910961, -22.277735]]]]}}, {"type": "Feature", "properties": {"name": "Residencial Monte Carlo", "kind": "bairro", "approximate": true, "source": "Correios (ViaCEP) + OpenStreetMap", "street_points": 80, "area_km2": 0.154, "label_lon": -45.911938, "label_lat": -22.289013}, "geometry": {"type": "Polygon", "coordinates": [[[-45.913518, -22.291091], [-45.914204, -22.291313], [-45.914242, -22.291253], [-45.91454, -22.289586], [-45.91446, -22.288956], [-45.913724, -22.288842], [-45.913447, -22.288659], [-45.913351, -22.288266], [-45.91344, -22.287691], [-45.91305, -22.287662], [-45.912634, -22.287512], [-45.912424, -22.287231], [-45.9121, -22.287448], [-45.911745, -22.287237], [-45.91241, -22.286816], [-45.91255, -22.286174], [-45.9115, -22.286041], [-45.911187, -22.286241], [-45.911142, -22.287259], [-45.910607, -22.28819], [-45.910054, -22.289649], [-45.910264, -22.290124], [-45.910521, -22.290413], [-45.911128, -22.290403], [-45.911468, -22.290511], [-45.911849, -22.290804], [-45.912128, -22.290725], [-45.913164, -22.291073], [-45.913518, -22.291091]]]}}, {"type": "Feature", "properties": {"name": "Residencial Morumbi II", "kind": "bairro", "approximate": true, "source": "Correios (ViaCEP) + OpenStreetMap", "street_points": 125, "area_km2": 0.485, "label_lon": -45.911181, "label_lat": -22.294364}, "geometry": {"type": "Polygon", "coordinates": [[[-45.914126, -22.293319], [-45.913927, -22.292931], [-45.913941, -22.292231], [-45.914204, -22.291313], [-45.912128, -22.290725], [-45.911849, -22.290804], [-45.911468, -22.290511], [-45.911128, -22.290403], [-45.910521, -22.290413], [-45.910264, -22.290124], [-45.910054, -22.289649], [-45.90976, -22.289762], [-45.909224, -22.290009], [-45.909283, -22.290389], [-45.90942, -22.290473], [-45.909789, -22.291055], [-45.909359, -22.291325], [-45.908808, -22.291494], [-45.90909, -22.291854], [-45.908668, -22.291835], [-45.908773, -22.291945], [-45.908744, -22.292255], [-45.908416, -22.292134], [-45.908324, -22.292697], [-45.908419, -22.292896], [-45.908106, -22.293378], [-45.907746, -22.296612], [-45.909369, -22.298216], [-45.910231, -22.298873], [-45.910705, -22.298427], [-45.911541, -22.298219], [-45.912043, -22.297903], [-45.914225, -22.29555], [-45.914606, -22.295236], [-45.915023, -22.295093], [-45.914953, -22.293848], [-45.914126, -22.293319]]]}}, {"type": "Feature", "properties": {"name": "Residencial Nossa Senhora do Pilar", "kind": "bairro", "approximate": true, "source": "Correios (ViaCEP) + OpenStreetMap", "street_points": 46, "area_km2": 0.183, "label_lon": -45.936254, "label_lat": -22.214546}, "geometry": {"type": "Polygon", "coordinates": [[[-45.938, -22.212914], [-45.93817, -22.212569], [-45.937811, -22.212252], [-45.937518, -22.212137], [-45.937378, -22.211766], [-45.937607, -22.211751], [-45.938421, -22.210447], [-45.937874, -22.210235], [-45.937004, -22.21009], [-45.935593, -22.210142], [-45.936751, -22.211463], [-45.937168, -22.211725], [-45.937328, -22.212104], [-45.937069, -22.212245], [-45.936907, -22.212481], [-45.936993, -22.212738], [-45.936861, -22.213061], [-45.936645, -22.213246], [-45.935237, -22.213734], [-45.935067, -22.213694], [-45.934755, -22.213404], [-45.935016, -22.213137], [-45.934731, -22.212769], [-45.934968, -22.212535], [-45.935085, -22.211913], [-45.935055, -22.210933], [-45.934972, -22.210296], [-45.93437, -22.210333], [-45.934196, -22.212617], [-45.934631, -22.212779], [-45.934643, -22.213096], [-45.934426, -22.213286], [-45.934686, -22.21341], [-45.934642, -22.213733], [-45.934484, -22.213825], [-45.934388, -22.214055], [-45.93381, -22.214248], [-45.933434, -22.214234], [-45.932891, -22.214064], [-45.931913, -22.214317], [-45.932445, -22.214946], [-45.932663, -22.215355], [-45.933317, -22.215398], [-45.933852, -22.215874], [-45.936044, -22.215714], [-45.93706, -22.21554], [-45.937585, -22.214711], [-45.938, -22.212914]]]}}, {"type": "Feature", "properties": {"name": "Residencial Nossa Senhora do Pilar II", "kind": "bairro", "approximate": true, "source": "Correios (ViaCEP) + OpenStreetMap", "street_points": 23, "area_km2": 0.106, "label_lon": -45.935968, "label_lat": -22.212327}, "geometry": {"type": "MultiPolygon", "coordinates": [[[[-45.934631, -22.212779], [-45.934196, -22.212617], [-45.933976, -22.212818], [-45.933478, -22.212875], [-45.933346, -22.213687], [-45.932932, -22.214065], [-45.933434, -22.214234], [-45.93381, -22.214248], [-45.934388, -22.214055], [-45.934484, -22.213825], [-45.934642, -22.213733], [-45.934686, -22.21341], [-45.934426, -22.213286], [-45.934643, -22.213096], [-45.934631, -22.212779]]], [[[-45.936907, -22.212481], [-45.937069, -22.212245], [-45.937328, -22.212104], [-45.937168, -22.211725], [-45.936751, -22.211463], [-45.935593, -22.210142], [-45.934972, -22.210296], [-45.935085, -22.211913], [-45.934968, -22.212535], [-45.934731, -22.212769], [-45.935018, -22.213104], [-45.934755, -22.213404], [-45.935067, -22.213694], [-45.935237, -22.213734], [-45.936645, -22.213246], [-45.936861, -22.213061], [-45.936993, -22.212738], [-45.936907, -22.212481]]], [[[-45.938727, -22.210834], [-45.938421, -22.210447], [-45.937607, -22.211751], [-45.937378, -22.211766], [-45.937518, -22.212137], [-45.937811, -22.212252], [-45.93817, -22.212569], [-45.938941, -22.212131], [-45.938953, -22.211418], [-45.938727, -22.210834]]]]}}, {"type": "Feature", "properties": {"name": "Residencial Parque dos Fontes", "kind": "bairro", "approximate": true, "source": "Correios (ViaCEP) + OpenStreetMap", "street_points": 16, "area_km2": 0.056, "label_lon": -45.944575, "label_lat": -22.216059}, "geometry": {"type": "MultiPolygon", "coordinates": [[[[-45.946094, -22.215902], [-45.945649, -22.21583], [-45.945547, -22.215656], [-45.943714, -22.21541], [-45.943508, -22.215661], [-45.943155, -22.215608], [-45.943035, -22.215322], [-45.941558, -22.215132], [-45.941404, -22.215251], [-45.941347, -22.215624], [-45.941668, -22.215889], [-45.94185, -22.216214], [-45.942594, -22.216255], [-45.94293, -22.216003], [-45.943139, -22.215712], [-45.943503, -22.215698], [-45.943649, -22.21598], [-45.944611, -22.216795], [-45.945559, -22.216171], [-45.945626, -22.215988], [-45.946091, -22.21606], [-45.946094, -22.215902]]], [[[-45.940652, -22.215809], [-45.940985, -22.215604], [-45.941034, -22.215216], [-45.940502, -22.214635], [-45.939896, -22.214608], [-45.939792, -22.214621], [-45.940035, -22.216659], [-45.94011, -22.216721], [-45.940353, -22.2162], [-45.940652, -22.215809]]]]}}, {"type": "Feature", "properties": {"name": "Residencial Santa Adélia", "kind": "bairro", "approximate": true, "source": "Correios (ViaCEP) + OpenStreetMap", "street_points": 37, "area_km2": 0.123, "label_lon": -45.965958, "label_lat": -22.241364}, "geometry": {"type": "Polygon", "coordinates": [[[-45.968625, -22.241173], [-45.968229, -22.240952], [-45.967584, -22.240794], [-45.966589, -22.240296], [-45.966477, -22.240151], [-45.965891, -22.23989], [-45.965797, -22.239591], [-45.96565, -22.239818], [-45.965527, -22.239794], [-45.964472, -22.240623], [-45.963957, -22.241858], [-45.966379, -22.242891], [-45.966453, -22.243031], [-45.966973, -22.242908], [-45.96807, -22.24305], [-45.9692, -22.242743], [-45.969082, -22.241807], [-45.968625, -22.241173]]]}}, {"type": "Feature", "properties": {"name": "Residencial Santa Branca", "kind": "bairro", "approximate": true, "source": "Correios (ViaCEP) + OpenStreetMap", "street_points": 51, "area_km2": 0.288, "label_lon": -45.929557, "label_lat": -22.270384}, "geometry": {"type": "Polygon", "coordinates": [[[-45.933155, -22.271029], [-45.934081, -22.270228], [-45.933673, -22.269926], [-45.933124, -22.26981], [-45.932526, -22.26954], [-45.93218, -22.26958], [-45.931907, -22.268748], [-45.931312, -22.268769], [-45.930961, -22.268655], [-45.929646, -22.267668], [-45.929126, -22.267649], [-45.92768, -22.268987], [-45.927286, -22.269594], [-45.926293, -22.270648], [-45.925931, -22.271272], [-45.926199, -22.272498], [-45.926829, -22.272447], [-45.927941, -22.272905], [-45.929321, -22.27308], [-45.929776, -22.273238], [-45.930291, -22.272628], [-45.930853, -22.272145], [-45.932503, -22.271239], [-45.933155, -22.271029]]]}}, {"type": "Feature", "properties": {"name": "Residencial Santa Rita", "kind": "bairro", "approximate": true, "source": "Correios (ViaCEP) + OpenStreetMap", "street_points": 189, "area_km2": 0.491, "label_lon": -45.934304, "label_lat": -22.262465}, "geometry": {"type": "MultiPolygon", "coordinates": [[[[-45.939651, -22.264575], [-45.93969, -22.264225], [-45.938279, -22.262476], [-45.938151, -22.262672], [-45.939651, -22.264575]]], [[[-45.938495, -22.262422], [-45.939721, -22.263706], [-45.939785, -22.263073], [-45.939526, -22.262396], [-45.939246, -22.262159], [-45.938903, -22.262081], [-45.938495, -22.262422]]], [[[-45.937564, -22.262328], [-45.937125, -22.262117], [-45.937291, -22.261756], [-45.937112, -22.261461], [-45.936811, -22.260282], [-45.936696, -22.260071], [-45.936252, -22.259838], [-45.936514, -22.259495], [-45.936588, -22.258476], [-45.935386, -22.258789], [-45.934663, -22.259454], [-45.934003, -22.259523], [-45.933363, -22.25988], [-45.932881, -22.259873], [-45.931747, -22.259535], [-45.931352, -22.259788], [-45.931065, -22.260105], [-45.93083, -22.261103], [-45.930868, -22.261287], [-45.930744, -22.261441], [-45.930775, -22.261656], [-45.930342, -22.261596], [-45.930271, -22.261739], [-45.93055, -22.262017], [-45.93048, -22.262174], [-45.9307, -22.263747], [-45.930627, -22.264414], [-45.931301, -22.265192], [-45.933035, -22.264858], [-45.933611, -22.265938], [-45.93401, -22.266374], [-45.935549, -22.266231], [-45.935629, -22.265902], [-45.936426, -22.265271], [-45.936586, -22.265012], [-45.937786, -22.264476], [-45.93958, -22.26461], [-45.937948, -22.262743], [-45.937764, -22.262745], [-45.937564, -22.262328]]]]}}, {"type": "Feature", "properties": {"name": "Residencial Santa Rita II", "kind": "bairro", "approximate": true, "source": "Correios (ViaCEP) + OpenStreetMap", "street_points": 155, "area_km2": 0.569, "label_lon": -45.936915, "label_lat": -22.268514}, "geometry": {"type": "Polygon", "coordinates": [[[-45.938521, -22.272077], [-45.939917, -22.271929], [-45.939936, -22.270649], [-45.940255, -22.269955], [-45.939844, -22.269552], [-45.939697, -22.269091], [-45.939738, -22.26867], [-45.940044, -22.268151], [-45.940159, -22.267598], [-45.939805, -22.266174], [-45.939912, -22.265763], [-45.940256, -22.265363], [-45.939641, -22.264608], [-45.939213, -22.264632], [-45.937786, -22.264476], [-45.936586, -22.265012], [-45.936426, -22.265271], [-45.935629, -22.265902], [-45.935549, -22.266231], [-45.93401, -22.266374], [-45.933611, -22.265938], [-45.933035, -22.264858], [-45.931301, -22.265192], [-45.931453, -22.265365], [-45.93139, -22.265873], [-45.931558, -22.266706], [-45.930932, -22.266845], [-45.929646, -22.267668], [-45.930961, -22.268655], [-45.931312, -22.268769], [-45.931907, -22.268748], [-45.93218, -22.26958], [-45.932526, -22.26954], [-45.933124, -22.26981], [-45.933673, -22.269926], [-45.934081, -22.270228], [-45.934419, -22.270207], [-45.935467, -22.270706], [-45.936938, -22.272161], [-45.937806, -22.271541], [-45.938521, -22.272077]]]}}, {"type": "Feature", "properties": {"name": "Residencial Serra Morena", "kind": "bairro", "approximate": true, "source": "Correios (ViaCEP) + OpenStreetMap", "street_points": 154, "area_km2": 0.585, "label_lon": -45.934274, "label_lat": -22.273756}, "geometry": {"type": "Polygon", "coordinates": [[[-45.940237, -22.273205], [-45.940154, -22.272527], [-45.939917, -22.271929], [-45.938521, -22.272077], [-45.937806, -22.271541], [-45.936938, -22.272161], [-45.935467, -22.270706], [-45.934419, -22.270207], [-45.934081, -22.270228], [-45.933155, -22.271029], [-45.932503, -22.271239], [-45.930853, -22.272145], [-45.930291, -22.272628], [-45.929776, -22.273238], [-45.93017, -22.273625], [-45.930421, -22.274314], [-45.931527, -22.27596], [-45.932032, -22.27627], [-45.9341, -22.276699], [-45.934475, -22.276974], [-45.935116, -22.277942], [-45.935622, -22.278252], [-45.936216, -22.278358], [-45.936809, -22.278245], [-45.93731, -22.277929], [-45.937644, -22.277459], [-45.937766, -22.276997], [-45.937954, -22.276712], [-45.93892, -22.276088], [-45.9395, -22.275112], [-45.940039, -22.274766], [-45.939945, -22.274499], [-45.940237, -22.273205]]]}}, {"type": "Feature", "properties": {"name": "Residencial Verana Pouso Alegre", "kind": "bairro", "approximate": true, "source": "Correios (ViaCEP) + OpenStreetMap", "street_points": 31, "area_km2": 0.13, "label_lon": -45.925165, "label_lat": -22.286896}, "geometry": {"type": "MultiPolygon", "coordinates": [[[[-45.923817, -22.292839], [-45.924058, -22.293093], [-45.92468, -22.292585], [-45.925092, -22.291977], [-45.925143, -22.291554], [-45.925086, -22.291218], [-45.92475, -22.290888], [-45.924406, -22.290892], [-45.923434, -22.292034], [-45.923178, -22.292463], [-45.923817, -22.292839]]], [[[-45.924749, -22.290696], [-45.924814, -22.290499], [-45.925083, -22.290283], [-45.924336, -22.290308], [-45.924278, -22.290521], [-45.924397, -22.290759], [-45.924749, -22.290696]]], [[[-45.924324, -22.290147], [-45.92509, -22.290102], [-45.925126, -22.28987], [-45.924317, -22.289917], [-45.924239, -22.29003], [-45.924324, -22.290147]]], [[[-45.924435, -22.2893], [-45.924386, -22.289517], [-45.924266, -22.289588], [-45.924301, -22.289713], [-45.925127, -22.289852], [-45.925214, -22.289543], [-45.924435, -22.2893]]], [[[-45.925665, -22.288356], [-45.924924, -22.288305], [-45.92569, -22.288107], [-45.926118, -22.287577], [-45.926352, -22.286287], [-45.925313, -22.285893], [-45.924978, -22.28564], [-45.92417, -22.286389], [-45.923786, -22.286857], [-45.923518, -22.28742], [-45.923127, -22.287466], [-45.923013, -22.287309], [-45.922793, -22.287306], [-45.921517, -22.287444], [-45.921441, -22.28763], [-45.921493, -22.287869], [-45.92259, -22.287855], [-45.922761, -22.287778], [-45.922936, -22.28783], [-45.923079, -22.287779], [-45.923137, -22.287579], [-45.923533, -22.287635], [-45.923621, -22.28777], [-45.923894, -22.28772], [-45.923986, -22.287932], [-45.924731, -22.287861], [-45.924003, -22.288154], [-45.924164, -22.288348], [-45.924826, -22.288094], [-45.924853, -22.288166], [-45.924173, -22.288609], [-45.924374, -22.288827], [-45.925039, -22.288758], [-45.925056, -22.288905], [-45.924389, -22.288994], [-45.924345, -22.289082], [-45.924426, -22.289191], [-45.925193, -22.289211], [-45.925308, -22.289368], [-45.926064, -22.289138], [-45.926069, -22.288875], [-45.925703, -22.288557], [-45.925665, -22.288356]]], [[[-45.922829, -22.285845], [-45.922511, -22.285842], [-45.921649, -22.285894], [-45.921555, -22.286035], [-45.921573, -22.28637], [-45.921767, -22.286642], [-45.922753, -22.286587], [-45.922924, -22.286307], [-45.922913, -22.286136], [-45.923703, -22.285901], [-45.922895, -22.285915], [-45.922829, -22.285845]]]]}}, {"type": "Feature", "properties": {"name": "Santa Clara", "kind": "bairro", "approximate": true, "source": "Correios (ViaCEP) + OpenStreetMap", "street_points": 20, "area_km2": 0.055, "label_lon": -45.947075, "label_lat": -22.215764}, "geometry": {"type": "Polygon", "coordinates": [[[-45.948008, -22.216332], [-45.948121, -22.215818], [-45.948064, -22.215308], [-45.947543, -22.214418], [-45.947403, -22.214434], [-45.946128, -22.215302], [-45.946074, -22.215529], [-45.945726, -22.215458], [-45.945616, -22.215609], [-45.946044, -22.215678], [-45.946109, -22.215875], [-45.945923, -22.216877], [-45.945912, -22.217204], [-45.946034, -22.21745], [-45.946703, -22.217494], [-45.947085, -22.217412], [-45.947389, -22.21711], [-45.947816, -22.216419], [-45.948008, -22.216332]]]}}, {"type": "Feature", "properties": {"name": "Santa Dorotéia", "kind": "bairro", "approximate": true, "source": "Correios (ViaCEP) + OpenStreetMap", "street_points": 52, "area_km2": 0.138, "label_lon": -45.926468, "label_lat": -22.22015}, "geometry": {"type": "Polygon", "coordinates": [[[-45.928156, -22.221791], [-45.928754, -22.220769], [-45.928478, -22.220709], [-45.928301, -22.220395], [-45.928421, -22.220086], [-45.927958, -22.21972], [-45.927919, -22.219592], [-45.928208, -22.219533], [-45.928487, -22.219219], [-45.928492, -22.218727], [-45.927836, -22.218752], [-45.927498, -22.21855], [-45.927054, -22.218608], [-45.926488, -22.218326], [-45.925778, -22.218949], [-45.92538, -22.218893], [-45.92479, -22.219118], [-45.924629, -22.219313], [-45.924648, -22.21943], [-45.924101, -22.219837], [-45.925024, -22.220868], [-45.925144, -22.221197], [-45.925462, -22.221318], [-45.925608, -22.221283], [-45.925863, -22.221556], [-45.925692, -22.221927], [-45.925853, -22.221926], [-45.92605, -22.221627], [-45.926995, -22.221435], [-45.92724, -22.222832], [-45.926976, -22.22312], [-45.927179, -22.223202], [-45.927518, -22.223009], [-45.927417, -22.22329], [-45.927952, -22.223192], [-45.928267, -22.222849], [-45.928156, -22.221791]]]}}, {"type": "Feature", "properties": {"name": "Santa Edwiges - Ribeirão das Mortes", "kind": "bairro", "approximate": true, "source": "Correios (ViaCEP) + OpenStreetMap", "street_points": 78, "area_km2": 0.389, "label_lon": -45.944431, "label_lat": -22.20658}, "geometry": {"type": "MultiPolygon", "coordinates": [[[[-45.945476, -22.214798], [-45.945774, -22.215226], [-45.946128, -22.215302], [-45.94733, -22.21448], [-45.946174, -22.214091], [-45.946097, -22.214274], [-45.94553, -22.214567], [-45.945476, -22.214798]]], [[[-45.946628, -22.213372], [-45.946944, -22.212955], [-45.946644, -22.212719], [-45.946577, -22.212493], [-45.946187, -22.212509], [-45.946033, -22.212743], [-45.945907, -22.213108], [-45.945998, -22.213251], [-45.94589, -22.21382], [-45.946978, -22.214142], [-45.94666, -22.213804], [-45.946249, -22.213761], [-45.946277, -22.213617], [-45.946588, -22.213617], [-45.946628, -22.213372]]], [[[-45.946044, -22.211304], [-45.946558, -22.211282], [-45.946611, -22.211087], [-45.947849, -22.209864], [-45.948187, -22.20967], [-45.947986, -22.20925], [-45.948004, -22.208719], [-45.947882, -22.208168], [-45.947361, -22.207458], [-45.946879, -22.207105], [-45.946662, -22.206733], [-45.946546, -22.20597], [-45.94676, -22.205446], [-45.945954, -22.205057], [-45.945716, -22.204857], [-45.945146, -22.204082], [-45.944765, -22.203898], [-45.944331, -22.204034], [-45.944006, -22.203776], [-45.943452, -22.202908], [-45.942889, -22.202766], [-45.942269, -22.203692], [-45.942155, -22.204246], [-45.942235, -22.20501], [-45.942073, -22.205395], [-45.941816, -22.205659], [-45.942393, -22.207452], [-45.942908, -22.208042], [-45.943396, -22.208889], [-45.943463, -22.20955], [-45.943349, -22.210509], [-45.944017, -22.210592], [-45.944076, -22.210621], [-45.943967, -22.210908], [-45.944443, -22.210996], [-45.944647, -22.210915], [-45.944878, -22.210414], [-45.94517, -22.210118], [-45.945651, -22.210582], [-45.945859, -22.211148], [-45.94586, -22.211945], [-45.946124, -22.21208], [-45.946228, -22.21234], [-45.946592, -22.212336], [-45.946773, -22.212072], [-45.946992, -22.211939], [-45.946542, -22.211452], [-45.946193, -22.211455], [-45.946044, -22.211304]]]]}}, {"type": "Feature", "properties": {"name": "Santa Filomena", "kind": "bairro", "approximate": true, "source": "Correios (ViaCEP) + OpenStreetMap", "street_points": 29, "area_km2": 0.059, "label_lon": -45.93998, "label_lat": -22.236195}, "geometry": {"type": "Polygon", "coordinates": [[[-45.940726, -22.23762], [-45.941021, -22.236286], [-45.941149, -22.23611], [-45.941329, -22.236057], [-45.94169, -22.236246], [-45.941809, -22.236108], [-45.941441, -22.235918], [-45.941518, -22.23576], [-45.941267, -22.235676], [-45.941174, -22.235507], [-45.94125, -22.235213], [-45.940687, -22.23482], [-45.940617, -22.23467], [-45.939914, -22.235048], [-45.939654, -22.234934], [-45.938991, -22.235644], [-45.938948, -22.236105], [-45.938694, -22.236222], [-45.938649, -22.236871], [-45.940726, -22.23762]]]}}, {"type": "Feature", "properties": {"name": "Santa Rita de Cássia", "kind": "bairro", "approximate": true, "source": "Correios (ViaCEP) + OpenStreetMap", "street_points": 12, "area_km2": 0.028, "label_lon": -45.942696, "label_lat": -22.235489}, "geometry": {"type": "Polygon", "coordinates": [[[-45.94256, -22.234843], [-45.942208, -22.235286], [-45.942255, -22.235433], [-45.941631, -22.236411], [-45.941494, -22.237888], [-45.942097, -22.238031], [-45.942417, -22.236325], [-45.942746, -22.236193], [-45.94338, -22.23542], [-45.94256, -22.234843]]]}}, {"type": "Feature", "properties": {"name": "Santo Antônio", "kind": "bairro", "approximate": true, "source": "Correios (ViaCEP) + OpenStreetMap", "street_points": 22, "area_km2": 0.039, "label_lon": -45.937416, "label_lat": -22.222825}, "geometry": {"type": "Polygon", "coordinates": [[[-45.938642, -22.223348], [-45.939155, -22.223036], [-45.939729, -22.223236], [-45.940166, -22.223039], [-45.940143, -22.222656], [-45.939505, -22.22233], [-45.939432, -22.222154], [-45.939119, -22.222277], [-45.938777, -22.222067], [-45.938643, -22.222156], [-45.938339, -22.221909], [-45.938118, -22.221955], [-45.937651, -22.222454], [-45.937237, -22.222168], [-45.936575, -22.222889], [-45.936898, -22.22316], [-45.937047, -22.223136], [-45.937204, -22.223798], [-45.93738, -22.223687], [-45.937697, -22.223808], [-45.937649, -22.224141], [-45.937728, -22.224338], [-45.938075, -22.224463], [-45.938513, -22.224115], [-45.938539, -22.223714], [-45.93807, -22.22363], [-45.937746, -22.223745], [-45.937536, -22.223376], [-45.938271, -22.222621], [-45.938668, -22.222942], [-45.938642, -22.223348]], [[-45.938634, -22.222183], [-45.93904, -22.222413], [-45.938976, -22.222649], [-45.938758, -22.222799], [-45.938389, -22.222505], [-45.938634, -22.222183]]]}}, {"type": "Feature", "properties": {"name": "Santo Expedito", "kind": "bairro", "approximate": true, "source": "Correios (ViaCEP) + OpenStreetMap", "street_points": 33, "area_km2": 0.13, "label_lon": -45.919243, "label_lat": -22.273898}, "geometry": {"type": "Polygon", "coordinates": [[[-45.920286, -22.274934], [-45.920474, -22.275027], [-45.920743, -22.274903], [-45.920516, -22.274561], [-45.920501, -22.274204], [-45.920716, -22.273839], [-45.920771, -22.273337], [-45.920507, -22.271887], [-45.919642, -22.272144], [-45.918868, -22.272657], [-45.918008, -22.273004], [-45.917957, -22.273885], [-45.917497, -22.274407], [-45.917344, -22.274886], [-45.917552, -22.27512], [-45.917716, -22.276041], [-45.91739, -22.276213], [-45.917175, -22.27617], [-45.916717, -22.276288], [-45.91642, -22.277035], [-45.917331, -22.277275], [-45.91768, -22.277479], [-45.917991, -22.277356], [-45.918235, -22.277187], [-45.918243, -22.276681], [-45.91834, -22.276549], [-45.917981, -22.276313], [-45.917881, -22.276443], [-45.917729, -22.276473], [-45.917751, -22.276067], [-45.91807, -22.276103], [-45.918436, -22.27642], [-45.91895, -22.276279], [-45.919837, -22.275113], [-45.920286, -22.274934]]]}}, {"type": "Feature", "properties": {"name": "Santo Expedito II", "kind": "bairro", "approximate": true, "source": "Correios (ViaCEP) + OpenStreetMap", "street_points": 53, "area_km2": 0.221, "label_lon": -45.915526, "label_lat": -22.272756}, "geometry": {"type": "Polygon", "coordinates": [[[-45.916529, -22.275875], [-45.91719, -22.274933], [-45.917344, -22.274886], [-45.917497, -22.274407], [-45.917957, -22.273885], [-45.918008, -22.273004], [-45.917347, -22.272727], [-45.917265, -22.272023], [-45.916521, -22.270678], [-45.916309, -22.270474], [-45.915389, -22.271041], [-45.914984, -22.271166], [-45.914263, -22.27114], [-45.913687, -22.270852], [-45.913092, -22.270745], [-45.912499, -22.270859], [-45.911998, -22.271175], [-45.911665, -22.271645], [-45.911527, -22.272726], [-45.912526, -22.273012], [-45.91309, -22.273376], [-45.913088, -22.273496], [-45.913372, -22.273603], [-45.913378, -22.273677], [-45.915061, -22.274832], [-45.915369, -22.274441], [-45.915828, -22.274643], [-45.91598, -22.2748], [-45.915738, -22.27528], [-45.916529, -22.275875]]]}}, {"type": "Feature", "properties": {"name": "Santo Expedito III", "kind": "bairro", "approximate": true, "source": "Correios (ViaCEP) + OpenStreetMap", "street_points": 9, "area_km2": 0.027, "label_lon": -45.92231, "label_lat": -22.281063}, "geometry": {"type": "Polygon", "coordinates": [[[-45.92464, -22.281121], [-45.923125, -22.281143], [-45.922341, -22.280098], [-45.921621, -22.280577], [-45.921542, -22.28075], [-45.921142, -22.280727], [-45.921088, -22.280464], [-45.920815, -22.280595], [-45.920588, -22.280374], [-45.920057, -22.280527], [-45.920335, -22.280879], [-45.92081, -22.280614], [-45.920967, -22.280999], [-45.921103, -22.280891], [-45.921485, -22.280904], [-45.921625, -22.281214], [-45.92234, -22.282012], [-45.922986, -22.281528], [-45.92308, -22.28132], [-45.924677, -22.281233], [-45.92464, -22.281121]]]}}, {"type": "Feature", "properties": {"name": "Santo Ivo", "kind": "bairro", "approximate": true, "source": "Correios (ViaCEP) + OpenStreetMap", "street_points": 20, "area_km2": 0.037, "label_lon": -45.922465, "label_lat": -22.220264}, "geometry": {"type": "Polygon", "coordinates": [[[-45.92309, -22.220698], [-45.923154, -22.220476], [-45.923453, -22.220434], [-45.923665, -22.220638], [-45.923856, -22.22066], [-45.924362, -22.220189], [-45.923923, -22.219695], [-45.923448, -22.219647], [-45.923549, -22.218784], [-45.922824, -22.21928], [-45.922697, -22.219194], [-45.922535, -22.219215], [-45.922333, -22.219549], [-45.92205, -22.219694], [-45.922011, -22.220384], [-45.92167, -22.22048], [-45.921349, -22.220435], [-45.921082, -22.220605], [-45.921878, -22.221646], [-45.922354, -22.220634], [-45.922669, -22.220868], [-45.92309, -22.220698]], [[-45.923199, -22.219889], [-45.922859, -22.220136], [-45.92275, -22.219983], [-45.923071, -22.219747], [-45.92308, -22.219609], [-45.923441, -22.219652], [-45.923413, -22.220028], [-45.923199, -22.219889]]]}}, {"type": "Feature", "properties": {"name": "Saudade - Bom Jesus", "kind": "bairro", "approximate": true, "source": "Correios (ViaCEP) + OpenStreetMap", "street_points": 57, "area_km2": 0.092, "label_lon": -45.929478, "label_lat": -22.227386}, "geometry": {"type": "Polygon", "coordinates": [[[-45.930447, -22.228081], [-45.930508, -22.227747], [-45.930293, -22.227574], [-45.93013, -22.227131], [-45.930651, -22.22669], [-45.930705, -22.226035], [-45.92981, -22.225972], [-45.929388, -22.226259], [-45.929276, -22.226149], [-45.929029, -22.226109], [-45.928276, -22.225086], [-45.92884, -22.224745], [-45.928233, -22.223877], [-45.927626, -22.224244], [-45.92743, -22.224777], [-45.927268, -22.22485], [-45.927056, -22.22569], [-45.92734, -22.226245], [-45.927991, -22.226435], [-45.928099, -22.226785], [-45.928232, -22.226895], [-45.928561, -22.226897], [-45.928809, -22.227201], [-45.928375, -22.227727], [-45.928202, -22.227701], [-45.928003, -22.227511], [-45.927698, -22.227458], [-45.927825, -22.227736], [-45.927977, -22.227843], [-45.928125, -22.227796], [-45.928177, -22.228062], [-45.927968, -22.228498], [-45.928338, -22.228877], [-45.928647, -22.228698], [-45.928691, -22.228502], [-45.928959, -22.228517], [-45.929385, -22.228153], [-45.929613, -22.228392], [-45.929861, -22.228123], [-45.930098, -22.228294], [-45.930447, -22.228081]]]}}, {"type": "Feature", "properties": {"name": "Saúde", "kind": "bairro", "approximate": true, "source": "Correios (ViaCEP) + OpenStreetMap", "street_points": 93, "area_km2": 0.205, "label_lon": -45.941467, "label_lat": -22.224697}, "geometry": {"type": "Polygon", "coordinates": [[[-45.943693, -22.225499], [-45.943697, -22.224847], [-45.943317, -22.224814], [-45.942892, -22.224344], [-45.943203, -22.221904], [-45.942542, -22.221753], [-45.942261, -22.221834], [-45.941972, -22.222156], [-45.94135, -22.222235], [-45.940776, -22.222156], [-45.94046, -22.222253], [-45.940143, -22.222656], [-45.940166, -22.223039], [-45.940334, -22.223383], [-45.940344, -22.223731], [-45.940202, -22.224081], [-45.939493, -22.224727], [-45.938987, -22.224845], [-45.939073, -22.225132], [-45.939475, -22.225066], [-45.939657, -22.225221], [-45.939994, -22.225256], [-45.939937, -22.225739], [-45.940002, -22.225781], [-45.940687, -22.225814], [-45.940746, -22.225971], [-45.941026, -22.226052], [-45.941135, -22.226184], [-45.940725, -22.226162], [-45.940557, -22.226412], [-45.940026, -22.226691], [-45.939822, -22.227392], [-45.939961, -22.227547], [-45.94076, -22.227757], [-45.940452, -22.228995], [-45.940551, -22.229104], [-45.940912, -22.229186], [-45.941064, -22.229122], [-45.941257, -22.229282], [-45.941497, -22.229237], [-45.941598, -22.228954], [-45.941741, -22.228891], [-45.941738, -22.228659], [-45.942088, -22.228225], [-45.942026, -22.227728], [-45.942452, -22.227175], [-45.942205, -22.226769], [-45.942208, -22.226457], [-45.942411, -22.225843], [-45.94263, -22.225631], [-45.942808, -22.225642], [-45.943104, -22.226101], [-45.943042, -22.226507], [-45.943123, -22.226566], [-45.943218, -22.226562], [-45.943269, -22.226163], [-45.943549, -22.226133], [-45.943693, -22.225499]]]}}, {"type": "Feature", "properties": {"name": "Setvillage Las Palmas", "kind": "bairro", "approximate": true, "source": "Correios (ViaCEP) + OpenStreetMap", "street_points": 5, "area_km2": 0.104, "label_lon": -45.892302, "label_lat": -22.231163}, "geometry": {"type": "Polygon", "coordinates": [[[-45.893636, -22.232286], [-45.894376, -22.232405], [-45.894575, -22.23209], [-45.894954, -22.231817], [-45.894197, -22.230566], [-45.893429, -22.229928], [-45.891314, -22.229835], [-45.891202, -22.230331], [-45.890715, -22.231047], [-45.890607, -22.231575], [-45.890728, -22.232127], [-45.891233, -22.232883], [-45.892827, -22.232353], [-45.893636, -22.232286]]]}}, {"type": "Feature", "properties": {"name": "Shangri-lá", "kind": "bairro", "approximate": true, "source": "Correios (ViaCEP) + OpenStreetMap", "street_points": 33, "area_km2": 0.171, "label_lon": -45.923072, "label_lat": -22.262308}, "geometry": {"type": "Polygon", "coordinates": [[[-45.925235, -22.262235], [-45.924378, -22.261099], [-45.923826, -22.260748], [-45.923866, -22.260322], [-45.923719, -22.26022], [-45.922706, -22.260054], [-45.922643, -22.260295], [-45.922326, -22.260314], [-45.922181, -22.260193], [-45.921296, -22.260151], [-45.92101, -22.260025], [-45.920053, -22.260348], [-45.92023, -22.261499], [-45.920569, -22.261966], [-45.921173, -22.262437], [-45.921469, -22.263365], [-45.921792, -22.26381], [-45.922314, -22.264141], [-45.923262, -22.264248], [-45.923639, -22.264369], [-45.92409, -22.263712], [-45.925342, -22.263119], [-45.925235, -22.262235]]]}}, {"type": "Feature", "properties": {"name": "Solar dos Quitas", "kind": "bairro", "approximate": true, "source": "Correios (ViaCEP) + OpenStreetMap", "street_points": 186, "area_km2": 1.459, "label_lon": -45.880773, "label_lat": -22.24513}, "geometry": {"type": "MultiPolygon", "coordinates": [[[[-45.921666, -22.284934], [-45.921569, -22.285713], [-45.921649, -22.285894], [-45.922829, -22.285845], [-45.922914, -22.285658], [-45.92496, -22.285621], [-45.924894, -22.285537], [-45.922899, -22.285487], [-45.922843, -22.285358], [-45.92292, -22.285095], [-45.92472, -22.28514], [-45.924705, -22.285042], [-45.92287, -22.284881], [-45.921666, -22.284934]]], [[[-45.923149, -22.283894], [-45.92163, -22.28402], [-45.92158, -22.284096], [-45.92164, -22.284482], [-45.922509, -22.284453], [-45.922752, -22.284368], [-45.922906, -22.284414], [-45.92308, -22.284281], [-45.923079, -22.284089], [-45.923949, -22.284304], [-45.923149, -22.283894]]], [[[-45.916814, -22.279613], [-45.916773, -22.27933], [-45.914746, -22.27816], [-45.914815, -22.277414], [-45.913715, -22.278311], [-45.913782, -22.27853], [-45.914678, -22.278387], [-45.914642, -22.278608], [-45.913799, -22.278769], [-45.913973, -22.279011], [-45.913818, -22.279272], [-45.913876, -22.279791], [-45.914891, -22.279747], [-45.915388, -22.280232], [-45.916182, -22.280105], [-45.916544, -22.279949], [-45.916814, -22.279613]]], [[[-45.923704, -22.273688], [-45.925345, -22.273952], [-45.925377, -22.273796], [-45.92372, -22.27353], [-45.923601, -22.273271], [-45.923133, -22.272922], [-45.923211, -22.273586], [-45.923071, -22.27392], [-45.922907, -22.273998], [-45.922825, -22.274243], [-45.922646, -22.274369], [-45.922394, -22.274764], [-45.921784, -22.274871], [-45.921832, -22.275251], [-45.921761, -22.275477], [-45.922077, -22.276164], [-45.922371, -22.276338], [-45.922572, -22.275778], [-45.922949, -22.27552], [-45.924049, -22.275789], [-45.923057, -22.27535], [-45.923015, -22.275111], [-45.923277, -22.274913], [-45.924883, -22.275536], [-45.924942, -22.275383], [-45.923356, -22.274773], [-45.923291, -22.274511], [-45.925038, -22.275183], [-45.925122, -22.274985], [-45.923374, -22.274383], [-45.923704, -22.273688]]], [[[-45.958336, -22.242925], [-45.958348, -22.243027], [-45.958861, -22.243261], [-45.959001, -22.243181], [-45.959341, -22.243361], [-45.959458, -22.243555], [-45.959865, -22.243872], [-45.960444, -22.244015], [-45.960366, -22.243437], [-45.959766, -22.242985], [-45.959349, -22.242965], [-45.959004, -22.243168], [-45.958964, -22.242879], [-45.958558, -22.242672], [-45.958434, -22.24279], [-45.958117, -22.242618], [-45.958137, -22.242813], [-45.958336, -22.242925]]], [[[-45.959543, -22.241903], [-45.959588, -22.242085], [-45.959071, -22.242017], [-45.959018, -22.24214], [-45.959732, -22.242371], [-45.959948, -22.242334], [-45.960423, -22.241808], [-45.960003, -22.241507], [-45.9598, -22.241758], [-45.959689, -22.241751], [-45.959543, -22.241903]]], [[[-45.945716, -22.204857], [-45.945954, -22.205057], [-45.94676, -22.205446], [-45.947186, -22.205107], [-45.94833, -22.204881], [-45.948831, -22.204565], [-45.949164, -22.204094], [-45.949278, -22.203541], [-45.949156, -22.202989], [-45.948817, -22.202523], [-45.948312, -22.202213], [-45.947647, -22.202045], [-45.947226, -22.201693], [-45.946927, -22.200926], [-45.946967, -22.200351], [-45.946845, -22.199799], [-45.946506, -22.199333], [-45.946001, -22.199023], [-45.945406, -22.198916], [-45.944482, -22.199049], [-45.943798, -22.199247], [-45.943297, -22.199563], [-45.942964, -22.200034], [-45.942849, -22.200587], [-45.942889, -22.202766], [-45.943452, -22.202908], [-45.944006, -22.203776], [-45.944331, -22.204034], [-45.944765, -22.203898], [-45.945146, -22.204082], [-45.945716, -22.204857]]], [[[-45.913596, -22.27823], [-45.914274, -22.277118], [-45.914049, -22.277025], [-45.913372, -22.278136], [-45.913596, -22.27823]]], [[[-45.913198, -22.278014], [-45.913866, -22.276919], [-45.913647, -22.27678], [-45.912959, -22.277923], [-45.913198, -22.278014]]], [[[-45.912275, -22.277507], [-45.912032, -22.277497], [-45.91152, -22.277792], [-45.910961, -22.277735], [-45.910777, -22.278025], [-45.910904, -22.278353], [-45.911151, -22.278469], [-45.911626, -22.278946], [-45.911994, -22.278508], [-45.911972, -22.278383], [-45.912477, -22.277725], [-45.912394, -22.277587], [-45.913179, -22.276299], [-45.912819, -22.275804], [-45.912275, -22.277507]]], [[[-45.887041, -22.246691], [-45.88683, -22.246473], [-45.886497, -22.246679], [-45.886495, -22.246769], [-45.886136, -22.246807], [-45.885929, -22.247118], [-45.886307, -22.247197], [-45.886913, -22.248761], [-45.887054, -22.248715], [-45.886472, -22.247147], [-45.886585, -22.247059], [-45.886737, -22.247125], [-45.887297, -22.248631], [-45.887413, -22.24859], [-45.886902, -22.247071], [-45.887066, -22.247014], [-45.887211, -22.246737], [-45.887041, -22.246691]]], [[[-45.860477, -22.243593], [-45.860392, -22.245907], [-45.860628, -22.246603], [-45.861598, -22.247131], [-45.861866, -22.246827], [-45.862637, -22.246367], [-45.862155, -22.245378], [-45.862062, -22.244691], [-45.86217, -22.244016], [-45.861864, -22.243488], [-45.861487, -22.243436], [-45.860477, -22.243593]]], [[[-45.887263, -22.245624], [-45.886926, -22.244682], [-45.887101, -22.244623], [-45.887434, -22.245568], [-45.887652, -22.24554], [-45.888319, -22.245873], [-45.888676, -22.245191], [-45.888338, -22.244232], [-45.889389, -22.243556], [-45.889173, -22.243008], [-45.888811, -22.242525], [-45.888329, -22.242231], [-45.887734, -22.242124], [-45.885107, -22.24274], [-45.884606, -22.243056], [-45.883741, -22.244206], [-45.883219, -22.244411], [-45.882656, -22.244362], [-45.88211, -22.24399], [-45.881393, -22.242753], [-45.878974, -22.239867], [-45.877896, -22.239167], [-45.877366, -22.239049], [-45.876978, -22.238837], [-45.873829, -22.23805], [-45.872941, -22.239329], [-45.872252, -22.238929], [-45.871462, -22.238181], [-45.871737, -22.236616], [-45.871355, -22.236557], [-45.871312, -22.238171], [-45.871124, -22.238315], [-45.871174, -22.238509], [-45.871079, -22.23864], [-45.871114, -22.238852], [-45.871033, -22.238966], [-45.870813, -22.240594], [-45.870948, -22.240957], [-45.871787, -22.241837], [-45.872689, -22.241026], [-45.872985, -22.240888], [-45.873422, -22.240834], [-45.876188, -22.241587], [-45.876777, -22.241908], [-45.878689, -22.244169], [-45.878976, -22.244615], [-45.878996, -22.245267], [-45.878565, -22.245968], [-45.878451, -22.246521], [-45.878572, -22.247073], [-45.878934, -22.247555], [-45.879417, -22.24785], [-45.879983, -22.247953], [-45.880604, -22.247844], [-45.881105, -22.247528], [-45.882105, -22.246244], [-45.882504, -22.24606], [-45.883054, -22.246046], [-45.883258, -22.245441], [-45.884696, -22.245599], [-45.885563, -22.245899], [-45.885803, -22.246023], [-45.886108, -22.246727], [-45.886212, -22.246591], [-45.886046, -22.246124], [-45.886796, -22.246395], [-45.886771, -22.246109], [-45.886885, -22.245944], [-45.887105, -22.245873], [-45.887263, -22.245624]]], [[[-45.861614, -22.239224], [-45.862124, -22.238783], [-45.863492, -22.238344], [-45.862832, -22.236878], [-45.862275, -22.236957], [-45.86167, -22.23678], [-45.860008, -22.235012], [-45.859334, -22.23467], [-45.858455, -22.235772], [-45.857997, -22.236046], [-45.857394, -22.236178], [-45.857647, -22.237226], [-45.857567, -22.23755], [-45.857298, -22.237973], [-45.857103, -22.239213], [-45.858261, -22.239611], [-45.858704, -22.239607], [-45.859579, -22.239249], [-45.860871, -22.238892], [-45.861357, -22.239188], [-45.861614, -22.239224]]]]}}, {"type": "Feature", "properties": {"name": "São Benedito", "kind": "bairro", "approximate": true, "source": "Correios (ViaCEP) + OpenStreetMap", "street_points": 3, "area_km2": 0.043, "label_lon": -45.910692, "label_lat": -22.210701}, "geometry": {"type": "Polygon", "coordinates": [[[-45.909167, -22.211673], [-45.909967, -22.211288], [-45.910281, -22.211523], [-45.910789, -22.211578], [-45.911272, -22.211477], [-45.912047, -22.210848], [-45.911489, -22.210214], [-45.911352, -22.209647], [-45.909698, -22.209899], [-45.909567, -22.210597], [-45.909098, -22.211271], [-45.909063, -22.211444], [-45.909167, -22.211673]]]}}, {"type": "Feature", "properties": {"name": "São Camilo", "kind": "bairro", "approximate": true, "source": "Correios (ViaCEP) + OpenStreetMap", "street_points": 9, "area_km2": 0.036, "label_lon": -45.908659, "label_lat": -22.210462}, "geometry": {"type": "Polygon", "coordinates": [[[-45.908292, -22.211194], [-45.909063, -22.211444], [-45.909098, -22.211271], [-45.909567, -22.210597], [-45.909698, -22.209899], [-45.908972, -22.209548], [-45.908053, -22.209848], [-45.907704, -22.209754], [-45.907235, -22.211197], [-45.908292, -22.211194]]]}}, {"type": "Feature", "properties": {"name": "São Carlos", "kind": "bairro", "approximate": true, "source": "Correios (ViaCEP) + OpenStreetMap", "street_points": 111, "area_km2": 0.459, "label_lon": -45.919834, "label_lat": -22.254904}, "geometry": {"type": "MultiPolygon", "coordinates": [[[[-45.929462, -22.254612], [-45.928914, -22.254495], [-45.928971, -22.254762], [-45.92931, -22.254806], [-45.929462, -22.254612]]], [[[-45.931546, -22.256166], [-45.931575, -22.255978], [-45.931097, -22.255863], [-45.931065, -22.255591], [-45.929323, -22.255184], [-45.929261, -22.254997], [-45.928938, -22.254898], [-45.928187, -22.255389], [-45.927944, -22.256128], [-45.927261, -22.256086], [-45.927035, -22.256025], [-45.92688, -22.255863], [-45.926742, -22.255075], [-45.926252, -22.254464], [-45.925917, -22.254403], [-45.924753, -22.255018], [-45.923431, -22.254745], [-45.922631, -22.253588], [-45.922347, -22.253333], [-45.922113, -22.253604], [-45.921709, -22.253821], [-45.921051, -22.253782], [-45.92069, -22.253264], [-45.920675, -22.253039], [-45.920315, -22.252859], [-45.920716, -22.252877], [-45.921719, -22.252204], [-45.921012, -22.251099], [-45.920589, -22.251023], [-45.919549, -22.250979], [-45.919465, -22.251343], [-45.919148, -22.251831], [-45.918681, -22.253488], [-45.91827, -22.254108], [-45.918091, -22.254579], [-45.917977, -22.255132], [-45.918099, -22.255684], [-45.918724, -22.25644], [-45.918883, -22.256816], [-45.920238, -22.256496], [-45.920587, -22.256486], [-45.921375, -22.256645], [-45.921802, -22.25703], [-45.922146, -22.257056], [-45.922583, -22.25687], [-45.923219, -22.256996], [-45.923636, -22.25681], [-45.923977, -22.256832], [-45.92441, -22.257217], [-45.924887, -22.257308], [-45.925191, -22.257474], [-45.92591, -22.257497], [-45.928164, -22.257921], [-45.928626, -22.257769], [-45.929446, -22.257839], [-45.929613, -22.258], [-45.929997, -22.258081], [-45.930489, -22.257824], [-45.93069, -22.257618], [-45.931141, -22.257695], [-45.931119, -22.257554], [-45.930727, -22.257486], [-45.930714, -22.257236], [-45.930231, -22.256576], [-45.930836, -22.256265], [-45.931042, -22.256051], [-45.931546, -22.256166]]], [[[-45.922772, -22.252193], [-45.921773, -22.252228], [-45.92236, -22.253283], [-45.922718, -22.253255], [-45.923581, -22.252661], [-45.923085, -22.252304], [-45.922772, -22.252193]]]]}}, {"type": "Feature", "properties": {"name": "São Geraldo", "kind": "bairro", "approximate": true, "source": "Correios (ViaCEP) + OpenStreetMap", "street_points": 473, "area_km2": 1.613, "label_lon": -45.928764, "label_lat": -22.241466}, "geometry": {"type": "MultiPolygon", "coordinates": [[[[-45.934956, -22.245607], [-45.935506, -22.245563], [-45.935847, -22.245365], [-45.937263, -22.245458], [-45.937411, -22.244733], [-45.937223, -22.243624], [-45.937382, -22.243219], [-45.93771, -22.242897], [-45.937546, -22.242623], [-45.937358, -22.241689], [-45.936439, -22.240916], [-45.936091, -22.239807], [-45.935738, -22.23922], [-45.9355, -22.238996], [-45.934673, -22.23835], [-45.933979, -22.238472], [-45.933586, -22.238446], [-45.932914, -22.238178], [-45.93235, -22.238189], [-45.932202, -22.23785], [-45.932173, -22.237468], [-45.932462, -22.23688], [-45.932409, -22.236414], [-45.931476, -22.236043], [-45.931373, -22.236071], [-45.930756, -22.235675], [-45.930425, -22.235592], [-45.929776, -22.235607], [-45.928657, -22.235211], [-45.927601, -22.235146], [-45.926847, -22.235247], [-45.925807, -22.236003], [-45.925281, -22.236718], [-45.924944, -22.237442], [-45.922588, -22.238111], [-45.922655, -22.23873], [-45.922456, -22.239164], [-45.922341, -22.239717], [-45.922463, -22.240269], [-45.922802, -22.240736], [-45.923496, -22.241275], [-45.923715, -22.24178], [-45.92368, -22.242217], [-45.923378, -22.242736], [-45.923263, -22.24329], [-45.923385, -22.243842], [-45.923685, -22.244506], [-45.923428, -22.245674], [-45.923815, -22.246853], [-45.923712, -22.247489], [-45.924851, -22.248017], [-45.925913, -22.248071], [-45.926247, -22.248337], [-45.927136, -22.248663], [-45.927948, -22.248821], [-45.92843, -22.249049], [-45.929632, -22.249319], [-45.929949, -22.249466], [-45.930152, -22.249061], [-45.930897, -22.248983], [-45.930939, -22.248278], [-45.93065, -22.248193], [-45.930685, -22.24784], [-45.93112, -22.247506], [-45.931826, -22.247558], [-45.931941, -22.247348], [-45.931142, -22.247298], [-45.931131, -22.247157], [-45.931857, -22.247136], [-45.931934, -22.246867], [-45.931855, -22.246731], [-45.931143, -22.246751], [-45.93114, -22.246617], [-45.931826, -22.246579], [-45.932043, -22.24616], [-45.932001, -22.245378], [-45.93215, -22.245161], [-45.932224, -22.244819], [-45.933114, -22.244969], [-45.933148, -22.244908], [-45.934624, -22.245065], [-45.934956, -22.245607]]], [[[-45.93256, -22.235476], [-45.932439, -22.235681], [-45.931729, -22.235921], [-45.932572, -22.236295], [-45.932813, -22.236167], [-45.93277, -22.235902], [-45.932921, -22.2357], [-45.932925, -22.235544], [-45.932772, -22.23558], [-45.932673, -22.235751], [-45.93257, -22.235697], [-45.932659, -22.235533], [-45.93256, -22.235476]]]]}}, {"type": "Feature", "properties": {"name": "São Gonçalo", "kind": "bairro", "approximate": true, "source": "Correios (ViaCEP) + OpenStreetMap", "street_points": 21, "area_km2": 0.063, "label_lon": -45.942153, "label_lat": -22.217011}, "geometry": {"type": "MultiPolygon", "coordinates": [[[[-45.945136, -22.217796], [-45.944611, -22.216795], [-45.944485, -22.216759], [-45.94376, -22.217078], [-45.943435, -22.21734], [-45.943317, -22.217204], [-45.943103, -22.21718], [-45.943111, -22.216924], [-45.942594, -22.216255], [-45.942345, -22.216191], [-45.94185, -22.216214], [-45.940735, -22.217235], [-45.941804, -22.218017], [-45.9427, -22.217576], [-45.943036, -22.217323], [-45.943425, -22.217359], [-45.943512, -22.217567], [-45.943326, -22.21768], [-45.943501, -22.218173], [-45.944762, -22.21865], [-45.944884, -22.218588], [-45.945287, -22.21874], [-45.945346, -22.218409], [-45.94565, -22.21825], [-45.945579, -22.217929], [-45.945136, -22.217796]]], [[[-45.946027, -22.216244], [-45.946091, -22.21606], [-45.945626, -22.215988], [-45.945559, -22.216171], [-45.946027, -22.216244]]], [[[-45.945649, -22.21583], [-45.946094, -22.215902], [-45.946044, -22.215678], [-45.945547, -22.215656], [-45.945649, -22.21583]]]]}}, {"type": "Feature", "properties": {"name": "São Joaquim", "kind": "bairro", "approximate": true, "source": "Correios (ViaCEP) + OpenStreetMap", "street_points": 12, "area_km2": 0.044, "label_lon": -45.94013, "label_lat": -22.213987}, "geometry": {"type": "MultiPolygon", "coordinates": [[[[-45.942477, -22.215247], [-45.942616, -22.214307], [-45.94202, -22.21423], [-45.94149, -22.21462], [-45.94145, -22.214789], [-45.940572, -22.214718], [-45.94078, -22.214887], [-45.941426, -22.214948], [-45.941558, -22.215132], [-45.942477, -22.215247]]], [[[-45.940793, -22.213423], [-45.939445, -22.213262], [-45.939247, -22.213777], [-45.939275, -22.214117], [-45.939507, -22.2146], [-45.940502, -22.214635], [-45.941037, -22.214264], [-45.941142, -22.21406], [-45.941936, -22.214125], [-45.941868, -22.214022], [-45.941168, -22.213902], [-45.941045, -22.213627], [-45.940793, -22.213423]]], [[[-45.939665, -22.21228], [-45.940167, -22.212634], [-45.941196, -22.212738], [-45.941297, -22.21246], [-45.941256, -22.212299], [-45.940657, -22.212151], [-45.940527, -22.212191], [-45.940245, -22.212094], [-45.939665, -22.21228]]]]}}, {"type": "Feature", "properties": {"name": "São José", "kind": "bairro", "approximate": true, "source": "Correios (ViaCEP) + OpenStreetMap", "street_points": 19, "area_km2": 0.238, "label_lon": -45.923291, "label_lat": -22.235897}, "geometry": {"type": "Polygon", "coordinates": [[[-45.926847, -22.235247], [-45.92663, -22.234265], [-45.926483, -22.234145], [-45.926664, -22.23395], [-45.926626, -22.233871], [-45.926518, -22.233863], [-45.926354, -22.234049], [-45.925854, -22.234074], [-45.925017, -22.233746], [-45.923166, -22.233391], [-45.922892, -22.233838], [-45.922513, -22.234085], [-45.921115, -22.234249], [-45.920614, -22.234565], [-45.920163, -22.235241], [-45.920049, -22.235795], [-45.920171, -22.236347], [-45.92051, -22.236813], [-45.921403, -22.23736], [-45.922153, -22.23762], [-45.922588, -22.238111], [-45.924944, -22.237442], [-45.925281, -22.236718], [-45.925723, -22.236106], [-45.926847, -22.235247]]]}}, {"type": "Feature", "properties": {"name": "São João", "kind": "bairro", "approximate": true, "source": "Correios (ViaCEP) + OpenStreetMap", "street_points": 501, "area_km2": 1.623, "label_lon": -45.957587, "label_lat": -22.239574}, "geometry": {"type": "MultiPolygon", "coordinates": [[[[-45.964472, -22.240623], [-45.96418, -22.240362], [-45.964025, -22.239679], [-45.964106, -22.239532], [-45.963896, -22.23935], [-45.963579, -22.239286], [-45.963467, -22.239487], [-45.963538, -22.239743], [-45.963451, -22.23997], [-45.963177, -22.240174], [-45.963055, -22.239692], [-45.962974, -22.239648], [-45.962652, -22.239922], [-45.96216, -22.2396], [-45.962157, -22.239474], [-45.962432, -22.239181], [-45.962113, -22.238828], [-45.961917, -22.238738], [-45.961628, -22.238994], [-45.961369, -22.238729], [-45.961658, -22.238515], [-45.961657, -22.238419], [-45.961421, -22.238213], [-45.961374, -22.238062], [-45.961138, -22.237956], [-45.960864, -22.237399], [-45.960901, -22.237255], [-45.961731, -22.237438], [-45.961961, -22.237064], [-45.962411, -22.236788], [-45.962663, -22.235547], [-45.961826, -22.23532], [-45.961371, -22.23691], [-45.960881, -22.237145], [-45.960606, -22.236967], [-45.960245, -22.236888], [-45.95969, -22.236987], [-45.959165, -22.236634], [-45.958797, -22.236582], [-45.958484, -22.236649], [-45.958253, -22.236826], [-45.957941, -22.23686], [-45.957548, -22.236755], [-45.957251, -22.236498], [-45.956495, -22.235257], [-45.955961, -22.235303], [-45.955354, -22.235088], [-45.954198, -22.236384], [-45.954229, -22.236475], [-45.954486, -22.236439], [-45.954679, -22.236585], [-45.954722, -22.236782], [-45.954567, -22.236926], [-45.954951, -22.237322], [-45.955206, -22.237337], [-45.955424, -22.237497], [-45.955411, -22.237821], [-45.955152, -22.238075], [-45.954987, -22.23807], [-45.954234, -22.238661], [-45.954073, -22.238815], [-45.954055, -22.238964], [-45.953037, -22.23979], [-45.95347, -22.239955], [-45.954009, -22.240365], [-45.954563, -22.240958], [-45.954742, -22.241334], [-45.954809, -22.241779], [-45.954552, -22.242025], [-45.954192, -22.242682], [-45.953958, -22.242865], [-45.953712, -22.242808], [-45.953322, -22.242899], [-45.953343, -22.242734], [-45.953188, -22.242561], [-45.953127, -22.243097], [-45.952829, -22.243539], [-45.952572, -22.244161], [-45.954192, -22.245355], [-45.954383, -22.245618], [-45.954496, -22.246028], [-45.954328, -22.246684], [-45.953126, -22.248881], [-45.953012, -22.249435], [-45.953133, -22.249986], [-45.953473, -22.250453], [-45.953978, -22.250763], [-45.954572, -22.250869], [-45.955165, -22.250756], [-45.955666, -22.25044], [-45.955985, -22.249992], [-45.957167, -22.247838], [-45.957581, -22.247509], [-45.958001, -22.247396], [-45.958364, -22.247417], [-45.962211, -22.248297], [-45.963011, -22.248149], [-45.963465, -22.248167], [-45.964257, -22.248432], [-45.964921, -22.248807], [-45.965487, -22.248909], [-45.966108, -22.2488], [-45.966609, -22.248484], [-45.966942, -22.248013], [-45.967057, -22.24746], [-45.966942, -22.246934], [-45.966595, -22.246442], [-45.965462, -22.245635], [-45.965299, -22.245346], [-45.965239, -22.244916], [-45.965364, -22.244498], [-45.965912, -22.243556], [-45.966131, -22.24326], [-45.966453, -22.243031], [-45.966379, -22.242891], [-45.963957, -22.241858], [-45.964472, -22.240623]], [[-45.959139, -22.24185], [-45.959543, -22.241903], [-45.959689, -22.241751], [-45.9598, -22.241758], [-45.960003, -22.241507], [-45.960423, -22.241808], [-45.961226, -22.24157], [-45.961426, -22.241779], [-45.961317, -22.242033], [-45.961121, -22.24207], [-45.960924, -22.242272], [-45.960993, -22.24256], [-45.960597, -22.242962], [-45.960378, -22.243389], [-45.960444, -22.244015], [-45.959865, -22.243872], [-45.959458, -22.243555], [-45.958542, -22.243582], [-45.958465, -22.243435], [-45.958148, -22.243375], [-45.958154, -22.243239], [-45.957608, -22.242968], [-45.957924, -22.242933], [-45.958231, -22.243107], [-45.958348, -22.243027], [-45.958336, -22.242925], [-45.958137, -22.242813], [-45.958117, -22.242618], [-45.958434, -22.24279], [-45.958558, -22.242672], [-45.958263, -22.242483], [-45.958284, -22.242314], [-45.95864, -22.242497], [-45.958732, -22.242357], [-45.958957, -22.242288], [-45.959139, -22.24185]]], [[[-45.948374, -22.236423], [-45.948853, -22.236501], [-45.949452, -22.236843], [-45.949892, -22.236942], [-45.950226, -22.237133], [-45.950786, -22.236544], [-45.95141, -22.236215], [-45.951788, -22.236122], [-45.952449, -22.236119], [-45.952812, -22.235906], [-45.953241, -22.235948], [-45.953995, -22.236185], [-45.955327, -22.235068], [-45.954367, -22.234174], [-45.953523, -22.233722], [-45.952565, -22.233615], [-45.951672, -22.233811], [-45.950202, -22.233962], [-45.949761, -22.233862], [-45.949347, -22.23356], [-45.948349, -22.235544], [-45.948374, -22.236423]]]]}}, {"type": "Feature", "properties": {"name": "São Paulo", "kind": "bairro", "approximate": true, "source": "Correios (ViaCEP) + OpenStreetMap", "street_points": 6, "area_km2": 0.039, "label_lon": -45.914051, "label_lat": -22.28083}, "geometry": {"type": "Polygon", "coordinates": [[[-45.91438, -22.281803], [-45.915233, -22.280685], [-45.915388, -22.280232], [-45.914891, -22.279747], [-45.913898, -22.279839], [-45.913625, -22.280142], [-45.913196, -22.280397], [-45.913146, -22.281383], [-45.913259, -22.2816], [-45.913087, -22.281716], [-45.913079, -22.281822], [-45.913189, -22.281845], [-45.913406, -22.281708], [-45.913744, -22.281795], [-45.91438, -22.281803]]]}}, {"type": "Feature", "properties": {"name": "São Pedro II", "kind": "bairro", "approximate": true, "source": "Correios (ViaCEP) + OpenStreetMap", "street_points": 38, "area_km2": 0.152, "label_lon": -45.90459, "label_lat": -22.212318}, "geometry": {"type": "Polygon", "coordinates": [[[-45.907246, -22.21123], [-45.907028, -22.210624], [-45.906721, -22.210364], [-45.906391, -22.210408], [-45.905991, -22.210212], [-45.905824, -22.210276], [-45.905629, -22.210123], [-45.905277, -22.210128], [-45.905031, -22.210026], [-45.904788, -22.210149], [-45.904752, -22.21036], [-45.904478, -22.210484], [-45.904524, -22.210054], [-45.904338, -22.209951], [-45.904204, -22.210032], [-45.904129, -22.21024], [-45.90399, -22.210313], [-45.902012, -22.212977], [-45.902584, -22.213049], [-45.903898, -22.213884], [-45.904702, -22.214053], [-45.905093, -22.214301], [-45.906348, -22.213498], [-45.906284, -22.213026], [-45.906365, -22.212251], [-45.906507, -22.211934], [-45.907246, -22.21123]]]}}, {"type": "Feature", "properties": {"name": "São Pedro III", "kind": "bairro", "approximate": true, "source": "Correios (ViaCEP) + OpenStreetMap", "street_points": 21, "area_km2": 0.187, "label_lon": -45.900064, "label_lat": -22.212341}, "geometry": {"type": "Polygon", "coordinates": [[[-45.903156, -22.210211], [-45.903162, -22.209762], [-45.903368, -22.209542], [-45.903331, -22.208503], [-45.903072, -22.208077], [-45.902298, -22.20844], [-45.901612, -22.209013], [-45.901216, -22.209166], [-45.900361, -22.209311], [-45.900231, -22.209835], [-45.899558, -22.210769], [-45.898676, -22.211389], [-45.89836, -22.211838], [-45.898245, -22.212391], [-45.898367, -22.212943], [-45.898849, -22.213651], [-45.899381, -22.213968], [-45.899948, -22.214068], [-45.900513, -22.213962], [-45.901042, -22.213639], [-45.901492, -22.213156], [-45.902012, -22.212977], [-45.901889, -22.211834], [-45.903156, -22.210211]]]}}, {"type": "Feature", "properties": {"name": "São Vicente de Paulo", "kind": "bairro", "approximate": true, "source": "Correios (ViaCEP) + OpenStreetMap", "street_points": 21, "area_km2": 0.048, "label_lon": -45.929594, "label_lat": -22.225177}, "geometry": {"type": "Polygon", "coordinates": [[[-45.930705, -22.226035], [-45.930916, -22.22585], [-45.931182, -22.224815], [-45.930909, -22.224671], [-45.930619, -22.224132], [-45.930458, -22.224074], [-45.929911, -22.224441], [-45.929536, -22.224268], [-45.92926, -22.224014], [-45.928635, -22.224399], [-45.92884, -22.224745], [-45.928276, -22.225086], [-45.929029, -22.226109], [-45.929276, -22.226149], [-45.929388, -22.226259], [-45.92981, -22.225972], [-45.930705, -22.226035]]]}}, {"type": "Feature", "properties": {"name": "Vale das Andorinhas", "kind": "bairro", "approximate": true, "source": "Correios (ViaCEP) + OpenStreetMap", "street_points": 21, "area_km2": 0.092, "label_lon": -45.942467, "label_lat": -22.209933}, "geometry": {"type": "Polygon", "coordinates": [[[-45.943212, -22.211398], [-45.943323, -22.211341], [-45.943472, -22.21078], [-45.943341, -22.210466], [-45.943472, -22.209229], [-45.943236, -22.208541], [-45.942393, -22.207452], [-45.94148, -22.208625], [-45.941633, -22.209409], [-45.941494, -22.210053], [-45.941057, -22.210128], [-45.93992, -22.209992], [-45.939427, -22.210065], [-45.938509, -22.210476], [-45.938727, -22.210834], [-45.940226, -22.210813], [-45.940693, -22.210944], [-45.940922, -22.210912], [-45.941072, -22.211003], [-45.94127, -22.210964], [-45.941452, -22.211061], [-45.941963, -22.211076], [-45.942599, -22.211259], [-45.942979, -22.211256], [-45.943212, -22.211398]]]}}, {"type": "Feature", "properties": {"name": "Vale do Sol", "kind": "bairro", "approximate": true, "source": "Correios (ViaCEP) + OpenStreetMap", "street_points": 35, "area_km2": 0.294, "label_lon": -45.942323, "label_lat": -22.263162}, "geometry": {"type": "Polygon", "coordinates": [[[-45.94262, -22.26003], [-45.941467, -22.260098], [-45.94108, -22.258785], [-45.94196, -22.257407], [-45.941608, -22.257221], [-45.940986, -22.257118], [-45.940421, -22.257227], [-45.939367, -22.25785], [-45.939435, -22.259468], [-45.9392, -22.260682], [-45.939291, -22.260966], [-45.939127, -22.26127], [-45.939032, -22.261296], [-45.939233, -22.261873], [-45.939311, -22.261371], [-45.939629, -22.261345], [-45.93977, -22.261226], [-45.940744, -22.260967], [-45.940829, -22.260959], [-45.940934, -22.261693], [-45.940875, -22.262046], [-45.940715, -22.262319], [-45.939785, -22.263073], [-45.939641, -22.264608], [-45.940256, -22.265363], [-45.940904, -22.265138], [-45.941915, -22.265293], [-45.942508, -22.26518], [-45.943759, -22.264313], [-45.944078, -22.263866], [-45.944206, -22.26329], [-45.944073, -22.262419], [-45.944208, -22.261561], [-45.944029, -22.260804], [-45.944042, -22.260413], [-45.94262, -22.26003]]]}}, {"type": "Feature", "properties": {"name": "Vila Costa Rios", "kind": "bairro", "approximate": true, "source": "Correios (ViaCEP) + OpenStreetMap", "street_points": 38, "area_km2": 0.053, "label_lon": -45.933206, "label_lat": -22.250149}, "geometry": {"type": "Polygon", "coordinates": [[[-45.931924, -22.250192], [-45.932191, -22.249983], [-45.932596, -22.250319], [-45.932763, -22.250561], [-45.93274, -22.2507], [-45.933065, -22.251094], [-45.933644, -22.250843], [-45.933859, -22.250282], [-45.934165, -22.25017], [-45.933939, -22.249469], [-45.933652, -22.249658], [-45.933489, -22.249651], [-45.933203, -22.249493], [-45.933097, -22.249086], [-45.93181, -22.249301], [-45.931737, -22.249425], [-45.931878, -22.249695], [-45.932084, -22.249704], [-45.932101, -22.24987], [-45.93181, -22.250046], [-45.931531, -22.249827], [-45.931702, -22.249441], [-45.931373, -22.249459], [-45.93086, -22.249095], [-45.93062, -22.249373], [-45.930067, -22.249599], [-45.930436, -22.249889], [-45.930695, -22.249748], [-45.930962, -22.249925], [-45.93123, -22.250278], [-45.931253, -22.250434], [-45.930933, -22.250694], [-45.93092, -22.250805], [-45.931344, -22.250548], [-45.931566, -22.250683], [-45.931876, -22.251137], [-45.931822, -22.2513], [-45.932007, -22.251581], [-45.932895, -22.251199], [-45.932579, -22.250807], [-45.932353, -22.250883], [-45.931924, -22.250192]]]}}, {"type": "Feature", "properties": {"name": "Vila Dom Nery", "kind": "bairro", "approximate": true, "source": "Correios (ViaCEP) + OpenStreetMap", "street_points": 14, "area_km2": 0.031, "label_lon": -45.932602, "label_lat": -22.245522}, "geometry": {"type": "Polygon", "coordinates": [[[-45.934515, -22.245904], [-45.934956, -22.245607], [-45.934624, -22.245065], [-45.933148, -22.244908], [-45.933114, -22.244969], [-45.932224, -22.244819], [-45.93215, -22.245161], [-45.932001, -22.245378], [-45.932043, -22.24616], [-45.93248, -22.246314], [-45.932817, -22.246238], [-45.93305, -22.246006], [-45.933015, -22.245892], [-45.933115, -22.245765], [-45.933423, -22.245639], [-45.933544, -22.245639], [-45.933886, -22.245916], [-45.934515, -22.245904]]]}}, {"type": "Feature", "properties": {"name": "Vila Ema", "kind": "bairro", "approximate": true, "source": "Correios (ViaCEP) + OpenStreetMap", "street_points": 22, "area_km2": 0.064, "label_lon": -45.933196, "label_lat": -22.256694}, "geometry": {"type": "MultiPolygon", "coordinates": [[[[-45.93402, -22.256615], [-45.933672, -22.256536], [-45.933692, -22.256258], [-45.933517, -22.255815], [-45.933054, -22.255923], [-45.932705, -22.256485], [-45.931769, -22.256673], [-45.931088, -22.257299], [-45.931103, -22.257488], [-45.93073, -22.257425], [-45.930727, -22.257486], [-45.931363, -22.257681], [-45.931685, -22.257609], [-45.931808, -22.257434], [-45.932419, -22.257455], [-45.932772, -22.257372], [-45.933115, -22.25716], [-45.933376, -22.257231], [-45.934093, -22.256975], [-45.93402, -22.256615]]], [[[-45.935391, -22.255877], [-45.934574, -22.256067], [-45.934414, -22.256401], [-45.934173, -22.256582], [-45.93428, -22.256946], [-45.934546, -22.256979], [-45.93691, -22.256411], [-45.936876, -22.256013], [-45.935391, -22.255877]]], [[[-45.932829, -22.254455], [-45.932428, -22.254685], [-45.932326, -22.255183], [-45.932918, -22.25555], [-45.933001, -22.255736], [-45.933491, -22.255693], [-45.933396, -22.254787], [-45.933132, -22.25444], [-45.932829, -22.254455]]]]}}, {"type": "Feature", "properties": {"name": "Vila Nossa Senhora Aparecida", "kind": "bairro", "approximate": true, "source": "Correios (ViaCEP) + OpenStreetMap", "street_points": 70, "area_km2": 0.351, "label_lon": -45.90344, "label_lat": -22.200649}, "geometry": {"type": "Polygon", "coordinates": [[[-45.905102, -22.203203], [-45.905492, -22.20319], [-45.905819, -22.20275], [-45.906226, -22.202522], [-45.906495, -22.202518], [-45.907253, -22.202753], [-45.908319, -22.202279], [-45.908104, -22.2015], [-45.907709, -22.200917], [-45.907566, -22.200378], [-45.907227, -22.199912], [-45.906722, -22.199601], [-45.903875, -22.198545], [-45.903281, -22.198438], [-45.902688, -22.198552], [-45.902156, -22.198785], [-45.901385, -22.198732], [-45.900793, -22.198846], [-45.900292, -22.199161], [-45.899422, -22.200543], [-45.899026, -22.200908], [-45.898652, -22.201423], [-45.900107, -22.202408], [-45.900854, -22.202518], [-45.901501, -22.202453], [-45.90248, -22.202549], [-45.90334, -22.20287], [-45.903747, -22.202865], [-45.905102, -22.203203]]]}}, {"type": "Feature", "properties": {"name": "Vila Ramos", "kind": "bairro", "approximate": true, "source": "Correios (ViaCEP) + OpenStreetMap", "street_points": 3, "area_km2": 0.012, "label_lon": -45.939958, "label_lat": -22.223603}, "geometry": {"type": "Polygon", "coordinates": [[[-45.939729, -22.223236], [-45.939155, -22.223036], [-45.938642, -22.223348], [-45.938585, -22.223627], [-45.939199, -22.223416], [-45.939577, -22.223503], [-45.939555, -22.22378], [-45.939711, -22.224074], [-45.93994, -22.224277], [-45.940043, -22.224267], [-45.940344, -22.223731], [-45.940334, -22.223383], [-45.94018, -22.223048], [-45.939729, -22.223236]]]}}, {"type": "Feature", "properties": {"name": "Vila Verde", "kind": "bairro", "approximate": true, "source": "Correios (ViaCEP) + OpenStreetMap", "street_points": 1, "area_km2": 0.008, "label_lon": -45.923085, "label_lat": -22.226305}, "geometry": {"type": "Polygon", "coordinates": [[[-45.922688, -22.226083], [-45.92305, -22.227162], [-45.92329, -22.227047], [-45.923566, -22.226008], [-45.923377, -22.225855], [-45.922688, -22.226083]]]}}, {"type": "Feature", "properties": {"name": "Vista Alegre", "kind": "bairro", "approximate": true, "source": "Correios (ViaCEP) + OpenStreetMap", "street_points": 14, "area_km2": 0.028, "label_lon": -45.960294, "label_lat": -22.242645}, "geometry": {"type": "MultiPolygon", "coordinates": [[[[-45.961121, -22.24207], [-45.961386, -22.241961], [-45.961426, -22.241779], [-45.961226, -22.24157], [-45.960474, -22.24177], [-45.959948, -22.242334], [-45.959732, -22.242371], [-45.959019, -22.242148], [-45.958957, -22.242288], [-45.958732, -22.242357], [-45.95864, -22.242497], [-45.958284, -22.242314], [-45.958263, -22.242477], [-45.958964, -22.242879], [-45.959004, -22.243168], [-45.959349, -22.242965], [-45.959766, -22.242985], [-45.960366, -22.243437], [-45.960597, -22.242962], [-45.960993, -22.24256], [-45.960924, -22.242272], [-45.961121, -22.24207]]], [[[-45.959071, -22.242017], [-45.959588, -22.242085], [-45.959543, -22.241903], [-45.959139, -22.24185], [-45.959071, -22.242017]]]]}}]}