{"type": "FeatureCollection", "source": "OpenStreetMap contributors (ODbL)", "municipality": "Pouso Alegre", "retrieved_at": "2026-10-06", "features": [{"type": "Feature", "properties": {"name": "Aeroporto Jatobá", "kind": "bairro", "place": null, "admin_level": "10", "osm_id": "relation/6888606", "label_lon": -45.90808, "label_lat": -22.278469}, "geometry": {"type": "Polygon", "coordinates": [[[-45.9142104, -22.2832726], [-45.9142232, -22.283249], [-45.9142433, -22.2832303], [-45.9142688, -22.2832184], [-45.9141748, -22.2831316], [-45.9134445, -22.282127], [-45.9131715, -22.2817513], [-45.912863, -22.2813555], [-45.9125399, -22.2809664], [-45.9122318, -22.280531], [-45.9119497, -22.280166], [-45.9114485, -22.2795345], [-45.9115876, -22.2794046], [-45.9104633, -22.2781221], [-45.9106832, -22.2778441], [-45.9103432, -22.2776091], [-45.9096829, -22.2771528], [-45.9092533, -22.2768558], [-45.9058941, -22.274534], [-45.9050911, -22.2739257], [-45.9044435, -22.2741277], [-45.9034428, -22.274941], [-45.9022884, -22.2767728], [-45.9045088, -22.2787823], [-45.9053684, -22.2778357], [-45.9054277, -22.2778887], [-45.9057277, -22.2781419], [-45.9061448, -22.2784567], [-45.906419, -22.2786576], [-45.9065451, -22.2787426], [-45.9080407, -22.2799942], [-45.9084871, -22.2802837], [-45.9088942, -22.2805428], [-45.9092998, -22.2808408], [-45.9094493, -22.2809654], [-45.9097047, -22.2811448], [-45.9101133, -22.2814145], [-45.9104989, -22.2816889], [-45.9109338, -22.2819868], [-45.9113347, -22.2822831], [-45.9117269, -22.2825555], [-45.9119277, -22.282674], [-45.912804, -22.2846738], [-45.9135685, -22.284021], [-45.9140241, -22.2836475], [-45.9141035, -22.2835169], [-45.9141639, -22.2834034], [-45.9142072, -22.283309], [-45.9142104, -22.2832726]]]}}, {"type": "Feature", "properties": {"name": "Colina Verde", "kind": "bairro", "place": null, "admin_level": "10", "osm_id": "relation/6891502", "label_lon": -45.916215, "label_lat": -22.291111}, "geometry": {"type": "Polygon", "coordinates": [[[-45.9144204, -22.2936076], [-45.9151332, -22.2935936], [-45.9156067, -22.2937282], [-45.9167101, -22.29418], [-45.9175406, -22.2945315], [-45.9175534, -22.2944118], [-45.917567, -22.2942857], [-45.9176073, -22.2938969], [-45.9178892, -22.2911802], [-45.9180249, -22.289849], [-45.9181651, -22.2885061], [-45.9179374, -22.2884585], [-45.9177358, -22.288421], [-45.9175186, -22.2883896], [-45.9170444, -22.2882879], [-45.9165137, -22.2881663], [-45.9160505, -22.2880774], [-45.9158613, -22.2880339], [-45.9152252, -22.2878756], [-45.9151261, -22.2882466], [-45.9148819, -22.2890111], [-45.914744, -22.2894429], [-45.9146586, -22.290056], [-45.914557, -22.2903306], [-45.9142702, -22.2913592], [-45.9142112, -22.2919498], [-45.9141736, -22.2924362], [-45.914297, -22.2931907], [-45.9144204, -22.2936076]]]}}, {"type": "Feature", "properties": {"name": "Colina dos Bandeirantes", "kind": "bairro", "place": null, "admin_level": "10", "osm_id": "relation/6888618", "label_lon": -45.900948, "label_lat": -22.314988}, "geometry": {"type": "Polygon", "coordinates": [[[-45.8980234, -22.3149535], [-45.9003998, -22.3139908], [-45.9031947, -22.312899], [-45.9035085, -22.3135714], [-45.9040047, -22.3149436], [-45.8985008, -22.3171619], [-45.8984418, -22.3165515], [-45.8981199, -22.3154349], [-45.8980234, -22.3149535]]]}}, {"type": "Feature", "properties": {"name": "Distrito Industrial", "kind": "bairro", "place": null, "admin_level": "10", "osm_id": "relation/6891534", "label_lon": -45.887919, "label_lat": -22.275548}, "geometry": {"type": "Polygon", "coordinates": [[[-45.8859387, -22.2849622], [-45.8872325, -22.2837122], [-45.888985, -22.2816167], [-45.8929562, -22.2783174], [-45.8944036, -22.2780981], [-45.8936361, -22.2751814], [-45.8912019, -22.2656858], [-45.88959, -22.2660476], [-45.8889947, -22.2668018], [-45.8879763, -22.2669671], [-45.8837786, -22.2676485], [-45.8840198, -22.2705871], [-45.882068, -22.2706748], [-45.8884676, -22.2743026], [-45.8892552, -22.2754668], [-45.8894798, -22.2757988], [-45.8850672, -22.2757248], [-45.8847537, -22.2771337], [-45.8845411, -22.2780894], [-45.8833535, -22.278734], [-45.8825701, -22.279246], [-45.8821795, -22.2799508], [-45.8818413, -22.2807253], [-45.8816185, -22.2820017], [-45.8816185, -22.2833175], [-45.8827149, -22.2850061], [-45.88425, -22.2852473], [-45.8859387, -22.2849622]]]}}, {"type": "Feature", "properties": {"name": "Distrito Industrial São João", "kind": "bairro", "place": null, "admin_level": "10", "osm_id": "relation/6904450", "label_lon": -45.960096, "label_lat": -22.236657}, "geometry": {"type": "Polygon", "coordinates": [[[-45.9580191, -22.2360402], [-45.9578865, -22.2365017], [-45.9578275, -22.2367674], [-45.9589485, -22.2370284], [-45.9598279, -22.2372331], [-45.9603176, -22.2373471], [-45.960534, -22.2373976], [-45.9608451, -22.2375167], [-45.9610516, -22.2376458], [-45.9613053, -22.2378793], [-45.9613775, -22.2375806], [-45.9617206, -22.2376901], [-45.9619173, -22.2377524], [-45.9621916, -22.2369818], [-45.9623939, -22.2365959], [-45.9625374, -22.236298], [-45.9623622, -22.2363247], [-45.9619625, -22.2363591], [-45.9616269, -22.2363247], [-45.9613488, -22.2364618], [-45.9612002, -22.2364618], [-45.9610664, -22.2363827], [-45.9608992, -22.2362142], [-45.960743, -22.236119], [-45.9605298, -22.2360892], [-45.9601943, -22.2360645], [-45.9598823, -22.2360528], [-45.9596509, -22.2360548], [-45.9594496, -22.2360155], [-45.9593172, -22.235937], [-45.9591789, -22.2358205], [-45.959009, -22.2358034], [-45.9587862, -22.2357445], [-45.9585175, -22.23555], [-45.9581723, -22.2354333], [-45.9580585, -22.2353627], [-45.9580191, -22.2360402]]]}}, {"type": "Feature", "properties": {"name": "Fátima I", "kind": "bairro", "place": null, "admin_level": "10", "osm_id": "relation/18220990", "label_lon": -45.916837, "label_lat": -22.221795}, "geometry": {"type": "Polygon", "coordinates": [[[-45.9210507, -22.2225493], [-45.9210407, -22.2225489], [-45.9209897, -22.2225467], [-45.9209444, -22.2225274], [-45.920909, -22.2224948], [-45.9208835, -22.2224325], [-45.9208868, -22.2223863], [-45.9209054, -22.2223462], [-45.9209392, -22.2223122], [-45.9209906, -22.2222309], [-45.9210285, -22.2221331], [-45.9210372, -22.2220363], [-45.9210397, -22.2219214], [-45.9210467, -22.2216032], [-45.9210502, -22.2214435], [-45.9210483, -22.2209335], [-45.9210362, -22.2208069], [-45.9210371, -22.22073], [-45.9210216, -22.2207244], [-45.9209732, -22.2206904], [-45.9208288, -22.2205602], [-45.9206868, -22.2204564], [-45.9196907, -22.220085], [-45.9180128, -22.219457], [-45.917981, -22.2194451], [-45.9179051, -22.2194616], [-45.9172248, -22.2192071], [-45.9170318, -22.2191307], [-45.9167049, -22.2190193], [-45.9166383, -22.2190146], [-45.9165563, -22.2190157], [-45.9164343, -22.2190126], [-45.9164047, -22.2190155], [-45.9161586, -22.2190212], [-45.9160302, -22.2190117], [-45.9158383, -22.2190007], [-45.9156484, -22.2190212], [-45.9154847, -22.2190588], [-45.9153313, -22.2191238], [-45.9150065, -22.2193332], [-45.9147583, -22.219526], [-45.9145028, -22.219721], [-45.9143002, -22.2199165], [-45.9140392, -22.2202091], [-45.9138282, -22.2204155], [-45.9137192, -22.2205059], [-45.9134633, -22.2206933], [-45.9133314, -22.2208768], [-45.9131803, -22.2211006], [-45.9130667, -22.2213213], [-45.9129493, -22.2216363], [-45.9128992, -22.2218821], [-45.9126653, -22.2238349], [-45.9126922, -22.2239319], [-45.9126345, -22.2244931], [-45.9126412, -22.224606], [-45.9126882, -22.2246782], [-45.9131779, -22.2248652], [-45.9132152, -22.2248754], [-45.9144438, -22.2242114], [-45.914658, -22.2240956], [-45.9148492, -22.2236473], [-45.9151039, -22.2230502], [-45.9154957, -22.2231979], [-45.916156, -22.2234469], [-45.9168007, -22.22369], [-45.9171329, -22.2238491], [-45.9172103, -22.223873], [-45.9175474, -22.2237658], [-45.9179883, -22.2236994], [-45.9180399, -22.2233981], [-45.9184178, -22.2234488], [-45.9187612, -22.2235143], [-45.9191334, -22.223549], [-45.919878, -22.2235722], [-45.9206322, -22.2235828], [-45.921064, -22.2235906], [-45.9211717, -22.223568], [-45.9220301, -22.2238626], [-45.9218517, -22.2236175], [-45.921662, -22.2233176], [-45.9212508, -22.2226337], [-45.9211858, -22.2225782], [-45.9210507, -22.2225493]]]}}, {"type": "Feature", "properties": {"name": "Gran Royalle Pouso Alegre", "kind": "bairro", "place": null, "admin_level": "10", "osm_id": "relation/6888622", "label_lon": -45.914597, "label_lat": -22.304361}, "geometry": {"type": "Polygon", "coordinates": [[[-45.9147891, -22.3073928], [-45.914784, -22.3072919], [-45.9149076, -22.3072865], [-45.9150268, -22.3072813], [-45.9151601, -22.3072755], [-45.9151639, -22.3073499], [-45.9152417, -22.3073465], [-45.9152457, -22.3074256], [-45.9153202, -22.3074224], [-45.915323, -22.3074772], [-45.9156059, -22.3074698], [-45.9157051, -22.3070902], [-45.9167753, -22.3046062], [-45.9173064, -22.3031967], [-45.9174513, -22.3026358], [-45.917572, -22.3019031], [-45.9124221, -22.301253], [-45.9123953, -22.3018932], [-45.9129961, -22.3019031], [-45.9133663, -22.3037246], [-45.9130283, -22.3040571], [-45.9123685, -22.3040373], [-45.9122505, -22.3042656], [-45.9120412, -22.3045286], [-45.9119501, -22.3047569], [-45.9119447, -22.3064046], [-45.9120359, -22.3066726], [-45.9122344, -22.3068463], [-45.9125509, -22.3069853], [-45.9135057, -22.3073823], [-45.9136989, -22.3074369], [-45.9141334, -22.3074816], [-45.9146644, -22.3074897], [-45.9147556, -22.3074624], [-45.9147891, -22.3073928]]]}}, {"type": "Feature", "properties": {"name": "Jardim Amazonas I", "kind": "bairro", "place": null, "admin_level": "10", "osm_id": "relation/6904495", "label_lon": -45.954208, "label_lat": -22.237776}, "geometry": {"type": "Polygon", "coordinates": [[[-45.9556678, -22.2378538], [-45.9554424, -22.2380602], [-45.9545217, -22.2388187], [-45.9540547, -22.239215], [-45.9536452, -22.2387777], [-45.9532802, -22.2383389], [-45.9528936, -22.2378992], [-45.9527204, -22.2377054], [-45.954435, -22.2362897], [-45.9546504, -22.2364045], [-45.9544837, -22.2365964], [-45.954928, -22.236996], [-45.9551722, -22.2372474], [-45.9554727, -22.2375602], [-45.9556678, -22.2378538]]]}}, {"type": "Feature", "properties": {"name": "Jardim Amazonas II", "kind": "bairro", "place": null, "admin_level": "10", "osm_id": "relation/6904496", "label_lon": -45.953404, "label_lat": -22.236824}, "geometry": {"type": "Polygon", "coordinates": [[[-45.9523838, -22.2373295], [-45.9525655, -22.2375226], [-45.9527204, -22.2377054], [-45.954435, -22.2362897], [-45.9542642, -22.2361522], [-45.9540579, -22.2359389], [-45.9534223, -22.2365065], [-45.9523838, -22.2373295]]]}}, {"type": "Feature", "properties": {"name": "Jardim Brasil II", "kind": "bairro", "place": null, "admin_level": "10", "osm_id": "relation/6904171", "label_lon": -45.969956, "label_lat": -22.239614}, "geometry": {"type": "Polygon", "coordinates": [[[-45.9683763, -22.240752], [-45.9689601, -22.2406892], [-45.969098, -22.2406976], [-45.9692268, -22.2407292], [-45.9692568, -22.2407381], [-45.9693868, -22.2408037], [-45.9696011, -22.2409409], [-45.9697606, -22.241066], [-45.9699041, -22.2411947], [-45.9700262, -22.2413919], [-45.9704237, -22.2409228], [-45.9708036, -22.240462], [-45.9710865, -22.240094], [-45.9715384, -22.2403035], [-45.9717639, -22.2392149], [-45.9697835, -22.2378802], [-45.9695369, -22.2380826], [-45.9693264, -22.238333], [-45.969057, -22.2386617], [-45.9688119, -22.2388915], [-45.9684643, -22.239179], [-45.9684918, -22.2394051], [-45.9684265, -22.2398525], [-45.968405, -22.2403537], [-45.9683763, -22.240752]]]}}, {"type": "Feature", "properties": {"name": "Jardim Jacarandá", "kind": "bairro", "place": null, "admin_level": "10", "osm_id": "relation/6888607", "label_lon": -45.908916, "label_lat": -22.28153}, "geometry": {"type": "Polygon", "coordinates": [[[-45.9045088, -22.2787823], [-45.9053684, -22.2778357], [-45.9054277, -22.2778887], [-45.9057277, -22.2781419], [-45.9061448, -22.2784567], [-45.906419, -22.2786576], [-45.9065451, -22.2787426], [-45.9080407, -22.2799942], [-45.9084871, -22.2802837], [-45.9088942, -22.2805428], [-45.9092998, -22.2808408], [-45.9094493, -22.2809654], [-45.9097047, -22.2811448], [-45.9101133, -22.2814145], [-45.9104989, -22.2816889], [-45.9109338, -22.2819868], [-45.9113347, -22.2822831], [-45.9117269, -22.2825555], [-45.9119277, -22.282674], [-45.912804, -22.2846738], [-45.9122588, -22.285126], [-45.9121518, -22.2852147], [-45.9104043, -22.2837283], [-45.9096978, -22.2831356], [-45.9093143, -22.2828138], [-45.9089437, -22.282503], [-45.9070373, -22.2808962], [-45.9064552, -22.2804628], [-45.9045088, -22.2787823]]]}}, {"type": "Feature", "properties": {"name": "Jardim Redentor", "kind": "bairro", "place": null, "admin_level": "10", "osm_id": "relation/6904172", "label_lon": -45.974378, "label_lat": -22.240356}, "geometry": {"type": "Polygon", "coordinates": [[[-45.9765066, -22.2406628], [-45.9766225, -22.2403049], [-45.9767024, -22.2401413], [-45.9754881, -22.2397371], [-45.9742879, -22.2394472], [-45.9731132, -22.239093], [-45.9726274, -22.2389306], [-45.9720701, -22.2394615], [-45.9716981, -22.2398432], [-45.9720173, -22.2400353], [-45.9725839, -22.2403902], [-45.9730928, -22.2406824], [-45.9737416, -22.2410162], [-45.9748223, -22.2416001], [-45.9756833, -22.2420873], [-45.9757633, -22.241892], [-45.9758326, -22.2417334], [-45.9759718, -22.2415186], [-45.9760666, -22.2413815], [-45.9763626, -22.2410719], [-45.9764522, -22.2408636], [-45.9765066, -22.2406628]]]}}, {"type": "Feature", "properties": {"name": "Jardim São João", "kind": "bairro", "place": null, "admin_level": "10", "osm_id": "relation/6904451", "label_lon": -45.963434, "label_lat": -22.238207}, "geometry": {"type": "Polygon", "coordinates": [[[-45.96123, -22.2382022], [-45.9613053, -22.2378793], [-45.9613775, -22.2375806], [-45.9617206, -22.2376901], [-45.9619173, -22.2377524], [-45.9621916, -22.2369818], [-45.9623939, -22.2365959], [-45.9625374, -22.236298], [-45.9627508, -22.2364047], [-45.9628422, -22.2365037], [-45.9631438, -22.2364976], [-45.9637431, -22.2365781], [-45.9640754, -22.2366278], [-45.9644347, -22.2366869], [-45.964709, -22.2366638], [-45.9649731, -22.23682], [-45.9648255, -22.2372591], [-45.9647402, -22.2376013], [-45.9646448, -22.2379276], [-45.9646189, -22.2380019], [-45.9657052, -22.2393376], [-45.9658817, -22.2396766], [-45.9655719, -22.2395786], [-45.9642401, -22.2396457], [-45.963072, -22.2398542], [-45.9629478, -22.2398943], [-45.9629435, -22.239874], [-45.962936, -22.2398574], [-45.9627708, -22.2397005], [-45.9625422, -22.2395184], [-45.9621276, -22.2391816], [-45.9618765, -22.2389686], [-45.9616136, -22.2387076], [-45.9614063, -22.2383901], [-45.96123, -22.2382022]]]}}, {"type": "Feature", "properties": {"name": "Monte Carlo", "kind": "bairro", "place": null, "admin_level": "10", "osm_id": "relation/6888641", "label_lon": -45.912552, "label_lat": -22.289606}, "geometry": {"type": "Polygon", "coordinates": [[[-45.914557, -22.2903306], [-45.9144513, -22.290278], [-45.9141057, -22.2897889], [-45.9139811, -22.289769], [-45.9135198, -22.289124], [-45.9131341, -22.2885988], [-45.9127781, -22.2881454], [-45.9125791, -22.2878784], [-45.912089, -22.2872448], [-45.9120252, -22.2873488], [-45.9117063, -22.2877873], [-45.9114559, -22.2882454], [-45.9112607, -22.2886939], [-45.9110778, -22.2891167], [-45.9108937, -22.2895818], [-45.9107007, -22.2900183], [-45.9105991, -22.2902432], [-45.9118448, -22.2906299], [-45.9136765, -22.2912032], [-45.9142702, -22.2913592], [-45.914557, -22.2903306]]]}}, {"type": "Feature", "properties": {"name": "Morada do Sol", "kind": "bairro", "place": null, "admin_level": "10", "osm_id": "relation/6888617", "label_lon": -45.905693, "label_lat": -22.301899}, "geometry": {"type": "Polygon", "coordinates": [[[-45.90336, -22.3001363], [-45.903419, -22.3000569], [-45.9034793, -22.2999725], [-45.9035148, -22.2999179], [-45.903541, -22.2998676], [-45.9035578, -22.2998242], [-45.9035678, -22.2997808], [-45.9035806, -22.2997268], [-45.9035879, -22.2996641], [-45.903605, -22.2995971], [-45.9036268, -22.299541], [-45.903661, -22.2994706], [-45.9037375, -22.299362], [-45.9037888, -22.2992593], [-45.9038169, -22.2991962], [-45.9038743, -22.299179], [-45.9039299, -22.2991523], [-45.903999, -22.2990896], [-45.9041566, -22.2988706], [-45.9042149, -22.2987838], [-45.9045197, -22.2982308], [-45.9054471, -22.2992935], [-45.9058706, -22.2997786], [-45.906321, -22.3002947], [-45.9080198, -22.3022413], [-45.9085286, -22.3028444], [-45.9092297, -22.3036332], [-45.9086496, -22.3038328], [-45.9074677, -22.3042496], [-45.9063876, -22.3047383], [-45.9059761, -22.3049534], [-45.9053464, -22.3041695], [-45.9026743, -22.3009134], [-45.9029774, -22.3007546], [-45.9029737, -22.3007247], [-45.9029687, -22.3006822], [-45.9029633, -22.3006376], [-45.9029623, -22.3006208], [-45.9029663, -22.3006065], [-45.9029794, -22.3005833], [-45.9030072, -22.3005432], [-45.9030381, -22.3005023], [-45.9031239, -22.3003944], [-45.9032822, -22.3002126], [-45.90336, -22.3001363]]]}}, {"type": "Feature", "properties": {"name": "Morumbi", "kind": "bairro", "place": null, "admin_level": "10", "osm_id": "relation/6888643", "label_lon": -45.911166, "label_lat": -22.293289}, "geometry": {"type": "Polygon", "coordinates": [[[-45.9142702, -22.2913592], [-45.9136765, -22.2912032], [-45.9118448, -22.2906299], [-45.9105991, -22.2902432], [-45.9092769, -22.2898336], [-45.9092218, -22.290076], [-45.9091455, -22.2904788], [-45.9090709, -22.2909636], [-45.9090382, -22.2911551], [-45.9090033, -22.2913058], [-45.9089936, -22.2913479], [-45.9089349, -22.2915422], [-45.9088517, -22.2917185], [-45.908778, -22.2918437], [-45.9086888, -22.2919683], [-45.9085555, -22.2921455], [-45.9083902, -22.2922982], [-45.9080664, -22.2925762], [-45.9077306, -22.292888], [-45.9086912, -22.2939054], [-45.9097962, -22.2963623], [-45.9106331, -22.2974989], [-45.9111472, -22.2970509], [-45.9123992, -22.2957087], [-45.9129476, -22.2951208], [-45.9140335, -22.2940051], [-45.9144204, -22.2936076], [-45.914297, -22.2931907], [-45.9141736, -22.2924362], [-45.9142112, -22.2919498], [-45.9142702, -22.2913592]]]}}, {"type": "Feature", "properties": {"name": "Nossa Senhora de Guadalupe", "kind": "bairro", "place": null, "admin_level": "10", "osm_id": "relation/6904452", "label_lon": -45.96708, "label_lat": -22.238589}, "geometry": {"type": "Polygon", "coordinates": [[[-45.9649731, -22.23682], [-45.9648255, -22.2372591], [-45.9647402, -22.2376013], [-45.9646448, -22.2379276], [-45.9646189, -22.2380019], [-45.9657052, -22.2393376], [-45.9658817, -22.2396766], [-45.9659346, -22.2396794], [-45.9660414, -22.2396862], [-45.9667622, -22.2400866], [-45.9674978, -22.2404854], [-45.9681397, -22.2407238], [-45.9683763, -22.240752], [-45.968405, -22.2403537], [-45.9684265, -22.2398525], [-45.9684918, -22.2394051], [-45.9684643, -22.239179], [-45.9688119, -22.2388915], [-45.969057, -22.2386617], [-45.9693264, -22.238333], [-45.9695369, -22.2380826], [-45.9697835, -22.2378802], [-45.9699111, -22.2377755], [-45.9696374, -22.237716], [-45.969553, -22.2375755], [-45.9693985, -22.2375459], [-45.9692208, -22.2375499], [-45.9689653, -22.2374631], [-45.9687379, -22.2375065], [-45.9685283, -22.2375218], [-45.9682958, -22.2375397], [-45.9681374, -22.2374886], [-45.9679994, -22.2374273], [-45.9678716, -22.2373966], [-45.9675905, -22.2374682], [-45.9672788, -22.2374324], [-45.9667166, -22.2374426], [-45.9665071, -22.2373711], [-45.966226, -22.2373148], [-45.965895, -22.2372199], [-45.9658112, -22.2370612], [-45.9654752, -22.2369606], [-45.9651726, -22.2369091], [-45.9650729, -22.2368645], [-45.9649731, -22.23682]]]}}, {"type": "Feature", "properties": {"name": "Paraty", "kind": "bairro", "place": null, "admin_level": "10", "osm_id": "relation/6888640", "label_lon": -45.913742, "label_lat": -22.286585}, "geometry": {"type": "Polygon", "coordinates": [[[-45.9139811, -22.289769], [-45.9141057, -22.2897889], [-45.9144513, -22.290278], [-45.914557, -22.2903306], [-45.9146586, -22.290056], [-45.914744, -22.2894429], [-45.9148819, -22.2890111], [-45.9151261, -22.2882466], [-45.9152252, -22.2878756], [-45.9152611, -22.2877414], [-45.9153952, -22.2869274], [-45.915347, -22.2864707], [-45.9152787, -22.2855865], [-45.9145354, -22.2830989], [-45.9144541, -22.2832364], [-45.9143801, -22.2833264], [-45.9143661, -22.2833494], [-45.9143429, -22.2833684], [-45.9142638, -22.2834577], [-45.9141394, -22.2835742], [-45.9140241, -22.2836475], [-45.9135685, -22.284021], [-45.912804, -22.2846738], [-45.9122588, -22.285126], [-45.9121518, -22.2852147], [-45.9115644, -22.2857019], [-45.9111867, -22.2860152], [-45.9116795, -22.2866856], [-45.912089, -22.2872448], [-45.9125791, -22.2878784], [-45.9127781, -22.2881454], [-45.9131341, -22.2885988], [-45.9135198, -22.289124], [-45.9139811, -22.289769]]]}}, {"type": "Feature", "properties": {"name": "Parque Real", "kind": "bairro", "place": null, "admin_level": "10", "osm_id": "relation/6891501", "label_lon": -45.925746, "label_lat": -22.290744}, "geometry": {"type": "Polygon", "coordinates": [[[-45.9203933, -22.2909026], [-45.9205927, -22.2905888], [-45.9209079, -22.2902086], [-45.9209792, -22.2897995], [-45.9210623, -22.2890425], [-45.9211374, -22.2879882], [-45.9211755, -22.2874506], [-45.9232936, -22.2872889], [-45.9245846, -22.2871201], [-45.9248088, -22.2871442], [-45.9249002, -22.2874643], [-45.9306577, -22.2878109], [-45.9306297, -22.2879015], [-45.9305413, -22.2881871], [-45.9303865, -22.2887007], [-45.9300012, -22.2899525], [-45.9298238, -22.2904944], [-45.9297665, -22.2908814], [-45.9296626, -22.291908], [-45.9300299, -22.2937304], [-45.9300596, -22.2939054], [-45.9283129, -22.2953595], [-45.9265802, -22.2950419], [-45.92459, -22.2944364], [-45.924944, -22.2937613], [-45.9250459, -22.2935231], [-45.9251103, -22.2933394], [-45.9250781, -22.2930664], [-45.9252552, -22.2922475], [-45.9252217, -22.291706], [-45.9223947, -22.2919166], [-45.9224583, -22.2928872], [-45.9224638, -22.2929707], [-45.9201455, -22.2927162], [-45.9203496, -22.2909946], [-45.9203933, -22.2909026]]]}}, {"type": "Feature", "properties": {"name": "Portal Vila Verde", "kind": "bairro", "place": null, "admin_level": "10", "osm_id": "relation/6888604", "label_lon": -45.913307, "label_lat": -22.278741}, "geometry": {"type": "Polygon", "coordinates": [[[-45.913933, -22.2782999], [-45.9139289, -22.2780127], [-45.9135051, -22.2775907], [-45.9130974, -22.2773773], [-45.9128716, -22.2776448], [-45.9120235, -22.2787358], [-45.9124241, -22.2790088], [-45.9127076, -22.2792097], [-45.9128261, -22.2792934], [-45.9131128, -22.2794957], [-45.9132104, -22.2795734], [-45.9135125, -22.2797778], [-45.9139271, -22.2800704], [-45.9140349, -22.2801465], [-45.9142804, -22.2803103], [-45.9141691, -22.2791934], [-45.9141237, -22.2791167], [-45.9140928, -22.2790559], [-45.9140579, -22.2789318], [-45.914007, -22.278701], [-45.913933, -22.2782999]]]}}, {"type": "Feature", "properties": {"name": "Residencial Jardim Ipê", "kind": "bairro", "place": null, "admin_level": "10", "osm_id": "relation/6888603", "label_lon": -45.911961, "label_lat": -22.277797}, "geometry": {"type": "Polygon", "coordinates": [[[-45.9130974, -22.2773773], [-45.9128716, -22.2776448], [-45.9120235, -22.2787358], [-45.911607, -22.2784329], [-45.9111923, -22.2781457], [-45.9108817, -22.2779593], [-45.9114125, -22.2773139], [-45.9115685, -22.2771241], [-45.9126522, -22.2772184], [-45.9130974, -22.2773773]]]}}, {"type": "Feature", "properties": {"name": "Santa Adélia", "kind": "bairro", "place": null, "admin_level": "10", "osm_id": "relation/6904170", "label_lon": -45.966906, "label_lat": -22.24082}, "geometry": {"type": "Polygon", "coordinates": [[[-45.9658348, -22.2412704], [-45.9654981, -22.241072], [-45.9655553, -22.2408836], [-45.9656329, -22.2405439], [-45.9657201, -22.2400335], [-45.9657754, -22.2397054], [-45.9658134, -22.2397061], [-45.9658501, -22.2396962], [-45.9658817, -22.2396766], [-45.9659346, -22.2396794], [-45.9660414, -22.2396862], [-45.9667622, -22.2400866], [-45.9674978, -22.2404854], [-45.9681397, -22.2407238], [-45.9683763, -22.240752], [-45.9682795, -22.2416166], [-45.9680902, -22.2416211], [-45.9679484, -22.2417301], [-45.967884, -22.241889], [-45.9668347, -22.2414658], [-45.9658816, -22.2409726], [-45.9658348, -22.2412704]]]}}, {"type": "Feature", "properties": {"name": "Santa Angelina", "kind": "bairro", "place": null, "admin_level": "10", "osm_id": "relation/6904494", "label_lon": -45.954924, "label_lat": -22.242356}, "geometry": {"type": "Polygon", "coordinates": [[[-45.9539803, -22.2407805], [-45.9533367, -22.2408646], [-45.9528522, -22.240885], [-45.9523237, -22.240923], [-45.9523117, -22.2414627], [-45.9522513, -22.2419297], [-45.9519509, -22.2425752], [-45.9538151, -22.2427043], [-45.9542254, -22.2428069], [-45.9545875, -22.2429624], [-45.9571305, -22.2446504], [-45.95789, -22.2432379], [-45.9571463, -22.2428545], [-45.9557838, -22.2416231], [-45.9553493, -22.2409031], [-45.9550006, -22.2405456], [-45.9548396, -22.2408137], [-45.9539803, -22.2407805]]]}}, {"type": "Feature", "properties": {"name": "Santa Marta", "kind": "bairro", "place": null, "admin_level": "10", "osm_id": "relation/6895871", "label_lon": -45.925034, "label_lat": -22.262046}, "geometry": {"type": "Polygon", "coordinates": [[[-45.9250214, -22.2610324], [-45.9252409, -22.2612506], [-45.9253096, -22.261319], [-45.9254886, -22.2614738], [-45.9257172, -22.261646], [-45.9248689, -22.2631642], [-45.9247524, -22.2629333], [-45.9246855, -22.2627969], [-45.9244484, -22.2623462], [-45.9250214, -22.2610324]]]}}, {"type": "Feature", "properties": {"name": "São Geraldo", "kind": "bairro", "place": "neighbourhood", "admin_level": null, "osm_id": "way/1309093250", "label_lon": -45.92783, "label_lat": -22.242629}, "geometry": {"type": "Polygon", "coordinates": [[[-45.9280325, -22.2346635], [-45.9205438, -22.2364511], [-45.9180535, -22.247742], [-45.936878, -22.2498876], [-45.9357384, -22.2380978], [-45.9280325, -22.2346635]]]}}, {"type": "Feature", "properties": {"name": "São João", "kind": "bairro", "place": null, "admin_level": "10", "osm_id": "relation/6904492", "label_lon": -45.957348, "label_lat": -22.238091}, "geometry": {"type": "Polygon", "coordinates": [[[-45.9556678, -22.2378538], [-45.9554727, -22.2375602], [-45.9551722, -22.2372474], [-45.954928, -22.236996], [-45.9544837, -22.2365964], [-45.9546504, -22.2364045], [-45.954435, -22.2362897], [-45.9542642, -22.2361522], [-45.9540579, -22.2359389], [-45.9534223, -22.2365065], [-45.9523838, -22.2373295], [-45.9522516, -22.2371937], [-45.9521448, -22.2371075], [-45.9519799, -22.237003], [-45.9514462, -22.2363669], [-45.951103, -22.2359559], [-45.9508486, -22.2357311], [-45.9506484, -22.2356074], [-45.950496, -22.2355603], [-45.9503187, -22.2355189], [-45.950037, -22.2355051], [-45.9503993, -22.2354603], [-45.9509477, -22.235375], [-45.9512303, -22.2353279], [-45.9518806, -22.2352163], [-45.9525015, -22.2351208], [-45.9528406, -22.2350518], [-45.9530331, -22.2350127], [-45.9531277, -22.2349254], [-45.9533568, -22.2348737], [-45.953681, -22.2348291], [-45.9539641, -22.2347247], [-45.954221, -22.2346832], [-45.9545296, -22.2346164], [-45.9548649, -22.2345936], [-45.9551595, -22.2345716], [-45.9554674, -22.2346198], [-45.955638, -22.2347463], [-45.9558234, -22.2348915], [-45.9560668, -22.234948], [-45.9564439, -22.2349447], [-45.9567386, -22.2349223], [-45.9570026, -22.2349298], [-45.9574046, -22.2349362], [-45.9576807, -22.2350527], [-45.9579501, -22.2352955], [-45.9580585, -22.2353627], [-45.9580191, -22.2360402], [-45.9578865, -22.2365017], [-45.9578275, -22.2367674], [-45.9589485, -22.2370284], [-45.9598279, -22.2372331], [-45.9603176, -22.2373471], [-45.960534, -22.2373976], [-45.9608451, -22.2375167], [-45.9610516, -22.2376458], [-45.9613053, -22.2378793], [-45.96123, -22.2382022], [-45.9614063, -22.2383901], [-45.9616136, -22.2387076], [-45.9618765, -22.2389686], [-45.9621276, -22.2391816], [-45.9625422, -22.2395184], [-45.9627708, -22.2397005], [-45.962936, -22.2398574], [-45.9629435, -22.239874], [-45.9629478, -22.2398943], [-45.962872, -22.2403146], [-45.9629695, -22.2403931], [-45.9626378, -22.2413466], [-45.9624232, -22.2412547], [-45.9622875, -22.2412121], [-45.9620787, -22.2411378], [-45.9621449, -22.2409533], [-45.9617389, -22.2408057], [-45.9616094, -22.240765], [-45.9612172, -22.2406695], [-45.9609764, -22.2406089], [-45.9605558, -22.2406075], [-45.9603681, -22.2406145], [-45.9603385, -22.2406238], [-45.9603224, -22.2406442], [-45.9603189, -22.2406828], [-45.9603196, -22.2407302], [-45.9603623, -22.2410288], [-45.9603274, -22.2411259], [-45.9602331, -22.2412444], [-45.9595558, -22.2416818], [-45.9594413, -22.2417204], [-45.9593016, -22.241694], [-45.9589732, -22.2415681], [-45.9583438, -22.2413402], [-45.9582018, -22.2412385], [-45.9580967, -22.2411574], [-45.9579865, -22.2410828], [-45.9579448, -22.2411362], [-45.9576968, -22.2414184], [-45.9572666, -22.2410736], [-45.9568749, -22.2407392], [-45.9566415, -22.2405591], [-45.9559522, -22.239968], [-45.9556362, -22.2396997], [-45.9553567, -22.2394348], [-45.9548585, -22.2398816], [-45.9547603, -22.2399158], [-45.9546849, -22.2399006], [-45.9546141, -22.2398511], [-45.954401, -22.2396515], [-45.9540547, -22.239215], [-45.9545217, -22.2388187], [-45.9554424, -22.2380602], [-45.9556678, -22.2378538]]]}}, {"type": "Feature", "properties": {"name": "São Paulo", "kind": "bairro", "place": null, "admin_level": "10", "osm_id": "relation/6888605", "label_lon": -45.913438, "label_lat": -22.280732}, "geometry": {"type": "Polygon", "coordinates": [[[-45.9143251, -22.283219], [-45.9144146, -22.2831846], [-45.9145354, -22.2830989], [-45.9146922, -22.2829263], [-45.9150115, -22.2825369], [-45.9153065, -22.2821546], [-45.9159268, -22.2813229], [-45.9142804, -22.2803103], [-45.9140349, -22.2801465], [-45.9139271, -22.2800704], [-45.9135125, -22.2797778], [-45.9132104, -22.2795734], [-45.9131128, -22.2794957], [-45.9128261, -22.2792934], [-45.9127076, -22.2792097], [-45.9124241, -22.2790088], [-45.9120235, -22.2787358], [-45.911607, -22.2784329], [-45.9111923, -22.2781457], [-45.9108817, -22.2779593], [-45.9106832, -22.2778441], [-45.9104633, -22.2781221], [-45.9115876, -22.2794046], [-45.9114485, -22.2795345], [-45.9119497, -22.280166], [-45.9122318, -22.280531], [-45.9125399, -22.2809664], [-45.912863, -22.2813555], [-45.9131715, -22.2817513], [-45.9134445, -22.282127], [-45.9141748, -22.2831316], [-45.9142688, -22.2832184], [-45.914297, -22.2832145], [-45.9143251, -22.283219]]]}}, {"type": "Feature", "properties": {"name": "Veneza", "kind": "bairro", "place": null, "admin_level": "10", "osm_id": "relation/6888642", "label_lon": -45.910648, "label_lat": -22.28823}, "geometry": {"type": "Polygon", "coordinates": [[[-45.9105991, -22.2902432], [-45.9107007, -22.2900183], [-45.9108937, -22.2895818], [-45.9110778, -22.2891167], [-45.9112607, -22.2886939], [-45.9114559, -22.2882454], [-45.9117063, -22.2877873], [-45.9120252, -22.2873488], [-45.912089, -22.2872448], [-45.9116795, -22.2866856], [-45.9111867, -22.2860152], [-45.9109989, -22.2862261], [-45.9107508, -22.2865054], [-45.9105978, -22.2866847], [-45.9105644, -22.2867238], [-45.9104035, -22.286946], [-45.9101218, -22.2873927], [-45.9098912, -22.2878667], [-45.9098061, -22.2880568], [-45.9095585, -22.2888594], [-45.9094298, -22.2892974], [-45.9092769, -22.2898336], [-45.9105991, -22.2902432]]]}}, {"type": "Feature", "properties": {"name": "Vista Alegre", "kind": "bairro", "place": null, "admin_level": "10", "osm_id": "relation/6904493", "label_lon": -45.958601, "label_lat": -22.242163}, "geometry": {"type": "Polygon", "coordinates": [[[-45.9579865, -22.2410828], [-45.9580967, -22.2411574], [-45.9582018, -22.2412385], [-45.9583438, -22.2413402], [-45.9589732, -22.2415681], [-45.9593016, -22.241694], [-45.9594413, -22.2417204], [-45.9595558, -22.2416818], [-45.9602331, -22.2412444], [-45.9603274, -22.2411259], [-45.9603623, -22.2410288], [-45.9603196, -22.2407302], [-45.9603189, -22.2406828], [-45.9603224, -22.2406442], [-45.9603385, -22.2406238], [-45.9603681, -22.2406145], [-45.9605558, -22.2406075], [-45.9609764, -22.2406089], [-45.9612172, -22.2406695], [-45.9616094, -22.240765], [-45.9617389, -22.2408057], [-45.9621449, -22.2409533], [-45.9620787, -22.2411378], [-45.9622875, -22.2412121], [-45.9624232, -22.2412547], [-45.9626378, -22.2413466], [-45.9622915, -22.2428087], [-45.9620958, -22.2437241], [-45.9617301, -22.2434701], [-45.9614098, -22.2432042], [-45.961102, -22.2429772], [-45.9605368, -22.2425863], [-45.9593835, -22.2434766], [-45.959312, -22.2436311], [-45.95944, -22.2438121], [-45.959213, -22.2443978], [-45.9587305, -22.2453658], [-45.9578919, -22.2450549], [-45.9571305, -22.2446504], [-45.95789, -22.2432379], [-45.9571463, -22.2428545], [-45.9557838, -22.2416231], [-45.9553493, -22.2409031], [-45.9550006, -22.2405456], [-45.9548396, -22.2408137], [-45.9539803, -22.2407805], [-45.9537405, -22.2399828], [-45.954401, -22.2396515], [-45.9546141, -22.2398511], [-45.9546849, -22.2399006], [-45.9547603, -22.2399158], [-45.9548585, -22.2398816], [-45.9553567, -22.2394348], [-45.9556362, -22.2396997], [-45.9559522, -22.239968], [-45.9566415, -22.2405591], [-45.9568749, -22.2407392], [-45.9572666, -22.2410736], [-45.9576968, -22.2414184], [-45.9579448, -22.2411362], [-45.9579865, -22.2410828]]]}}, {"type": "Feature", "properties": {"name": "Algodão", "kind": "bairro_ponto", "place": "neighbourhood", "admin_level": null, "osm_id": "node/4616850236", "label_lon": -45.93465, "label_lat": -22.349232}, "geometry": {"type": "Point", "coordinates": [-45.9346496, -22.3492322]}}, {"type": "Feature", "properties": {"name": "Anhumas", "kind": "bairro_ponto", "place": "neighbourhood", "admin_level": null, "osm_id": "node/4616850239", "label_lon": -46.03085, "label_lat": -22.258624}, "geometry": {"type": "Point", "coordinates": [-46.0308497, -22.2586239]}}, {"type": "Feature", "properties": {"name": "Aristeu da Costa Rios", "kind": "bairro_ponto", "place": "neighbourhood", "admin_level": null, "osm_id": "node/4616926868", "label_lon": -45.9339, "label_lat": -22.252039}, "geometry": {"type": "Point", "coordinates": [-45.9338999, -22.2520393]}}, {"type": "Feature", "properties": {"name": "Bairro dos Afonsos", "kind": "bairro_ponto", "place": "neighbourhood", "admin_level": null, "osm_id": "node/4614280124", "label_lon": -45.935802, "label_lat": -22.17476}, "geometry": {"type": "Point", "coordinates": [-45.9358021, -22.1747598]}}, {"type": "Feature", "properties": {"name": "Bairro dos Farias", "kind": "bairro_ponto", "place": "neighbourhood", "admin_level": null, "osm_id": "node/4616850227", "label_lon": -45.997655, "label_lat": -22.249816}, "geometry": {"type": "Point", "coordinates": [-45.9976547, -22.2498162]}}, {"type": "Feature", "properties": {"name": "Bairro dos Ferrreiras", "kind": "bairro_ponto", "place": "neighbourhood", "admin_level": null, "osm_id": "node/6166811610", "label_lon": -45.897689, "label_lat": -22.363483}, "geometry": {"type": "Point", "coordinates": [-45.8976891, -22.3634829]}}, {"type": "Feature", "properties": {"name": "Bandeirantes II", "kind": "bairro_ponto", "place": "neighbourhood", "admin_level": null, "osm_id": "node/4616926882", "label_lon": -45.915044, "label_lat": -22.275741}, "geometry": {"type": "Point", "coordinates": [-45.915044, -22.275741]}}, {"type": "Feature", "properties": {"name": "Bela Vista", "kind": "bairro_ponto", "place": "neighbourhood", "admin_level": null, "osm_id": "node/4616926886", "label_lon": -45.916128, "label_lat": -22.278809}, "geometry": {"type": "Point", "coordinates": [-45.9161276, -22.2788088]}}, {"type": "Feature", "properties": {"name": "Bicudos", "kind": "bairro_ponto", "place": "neighbourhood", "admin_level": null, "osm_id": "node/4614280125", "label_lon": -45.955232, "label_lat": -22.188361}, "geometry": {"type": "Point", "coordinates": [-45.955232, -22.1883605]}}, {"type": "Feature", "properties": {"name": "Cajuru", "kind": "bairro_ponto", "place": "neighbourhood", "admin_level": null, "osm_id": "node/2517666905", "label_lon": -45.968665, "label_lat": -22.258685}, "geometry": {"type": "Point", "coordinates": [-45.968665, -22.2586854]}}, {"type": "Feature", "properties": {"name": "Canta Galo", "kind": "bairro_ponto", "place": "neighbourhood", "admin_level": null, "osm_id": "node/4616850240", "label_lon": -45.966981, "label_lat": -22.198553}, "geometry": {"type": "Point", "coordinates": [-45.9669809, -22.1985533]}}, {"type": "Feature", "properties": {"name": "Cava", "kind": "bairro_ponto", "place": "neighbourhood", "admin_level": null, "osm_id": "node/4616850228", "label_lon": -45.911738, "label_lat": -22.183885}, "geometry": {"type": "Point", "coordinates": [-45.9117382, -22.1838855]}}, {"type": "Feature", "properties": {"name": "Centro", "kind": "bairro_ponto", "place": "neighbourhood", "admin_level": null, "osm_id": "node/4616926859", "label_lon": -45.936732, "label_lat": -22.231046}, "geometry": {"type": "Point", "coordinates": [-45.9367323, -22.2310461]}}, {"type": "Feature", "properties": {"name": "Cervo", "kind": "bairro_ponto", "place": "neighbourhood", "admin_level": null, "osm_id": "node/4613171717", "label_lon": -45.920887, "label_lat": -22.127021}, "geometry": {"type": "Point", "coordinates": [-45.9208874, -22.1270206]}}, {"type": "Feature", "properties": {"name": "Cidade Vergani", "kind": "bairro_ponto", "place": "neighbourhood", "admin_level": null, "osm_id": "node/2524620066", "label_lon": -45.946047, "label_lat": -22.271551}, "geometry": {"type": "Point", "coordinates": [-45.9460473, -22.2715511]}}, {"type": "Feature", "properties": {"name": "Costinha", "kind": "bairro_ponto", "place": "neighbourhood", "admin_level": null, "osm_id": "node/4616850231", "label_lon": -45.881655, "label_lat": -22.305622}, "geometry": {"type": "Point", "coordinates": [-45.8816545, -22.3056216]}}, {"type": "Feature", "properties": {"name": "Cruz Alta", "kind": "bairro_ponto", "place": "neighbourhood", "admin_level": null, "osm_id": "node/4616850237", "label_lon": -45.952953, "label_lat": -22.385972}, "geometry": {"type": "Point", "coordinates": [-45.952953, -22.3859719]}}, {"type": "Feature", "properties": {"name": "Ferreiras", "kind": "bairro_ponto", "place": "neighbourhood", "admin_level": null, "osm_id": "node/2517666912", "label_lon": -45.894129, "label_lat": -22.367302}, "geometry": {"type": "Point", "coordinates": [-45.8941289, -22.3673017]}}, {"type": "Feature", "properties": {"name": "Foch I", "kind": "bairro_ponto", "place": "neighbourhood", "admin_level": null, "osm_id": "node/4616926872", "label_lon": -45.928514, "label_lat": -22.250729}, "geometry": {"type": "Point", "coordinates": [-45.928514, -22.2507286]}}, {"type": "Feature", "properties": {"name": "Foch II", "kind": "bairro_ponto", "place": "neighbourhood", "admin_level": null, "osm_id": "node/4616926871", "label_lon": -45.924072, "label_lat": -22.25053}, "geometry": {"type": "Point", "coordinates": [-45.9240723, -22.25053]}}, {"type": "Feature", "properties": {"name": "Francisca Augusta Rios", "kind": "bairro_ponto", "place": "neighbourhood", "admin_level": null, "osm_id": "node/4616926876", "label_lon": -45.926004, "label_lat": -22.259228}, "geometry": {"type": "Point", "coordinates": [-45.9260035, -22.2592283]}}, {"type": "Feature", "properties": {"name": "Fátima 1", "kind": "bairro_ponto", "place": "suburb", "admin_level": null, "osm_id": "node/12294116115", "label_lon": -45.917237, "label_lat": -22.221449}, "geometry": {"type": "Point", "coordinates": [-45.9172372, -22.2214495]}}, {"type": "Feature", "properties": {"name": "Gabiroval", "kind": "bairro_ponto", "place": "neighbourhood", "admin_level": null, "osm_id": "node/4616850235", "label_lon": -45.989388, "label_lat": -22.310939}, "geometry": {"type": "Point", "coordinates": [-45.9893881, -22.3109393]}}, {"type": "Feature", "properties": {"name": "Guanabara", "kind": "bairro_ponto", "place": "neighbourhood", "admin_level": null, "osm_id": "node/4616926856", "label_lon": -45.926068, "label_lat": -22.228881}, "geometry": {"type": "Point", "coordinates": [-45.9260679, -22.228881]}}, {"type": "Feature", "properties": {"name": "Imbuía", "kind": "bairro_ponto", "place": "neighbourhood", "admin_level": null, "osm_id": "node/4616850225", "label_lon": -46.04027, "label_lat": -22.283549}, "geometry": {"type": "Point", "coordinates": [-46.0402696, -22.2835493]}}, {"type": "Feature", "properties": {"name": "Ipiranga", "kind": "bairro_ponto", "place": "neighbourhood", "admin_level": null, "osm_id": "node/4616850232", "label_lon": -45.902425, "label_lat": -22.237612}, "geometry": {"type": "Point", "coordinates": [-45.9024255, -22.2376118]}}, {"type": "Feature", "properties": {"name": "Jardim Aeroporto", "kind": "bairro_ponto", "place": "neighbourhood", "admin_level": null, "osm_id": "node/4616926887", "label_lon": -45.921825, "label_lat": -22.280248}, "geometry": {"type": "Point", "coordinates": [-45.9218246, -22.2802483]}}, {"type": "Feature", "properties": {"name": "Jardim América", "kind": "bairro_ponto", "place": "neighbourhood", "admin_level": null, "osm_id": "node/4616926861", "label_lon": -45.945895, "label_lat": -22.230748}, "geometry": {"type": "Point", "coordinates": [-45.9458948, -22.2307481]}}, {"type": "Feature", "properties": {"name": "Jardim Brasil I", "kind": "bairro_ponto", "place": "neighbourhood", "admin_level": null, "osm_id": "node/4616850222", "label_lon": -45.922364, "label_lat": -22.284987}, "geometry": {"type": "Point", "coordinates": [-45.9223637, -22.2849869]}}, {"type": "Feature", "properties": {"name": "Jardim Califórnia", "kind": "bairro_ponto", "place": "neighbourhood", "admin_level": null, "osm_id": "node/4616926881", "label_lon": -45.920918, "label_lat": -22.269243}, "geometry": {"type": "Point", "coordinates": [-45.920918, -22.2692429]}}, {"type": "Feature", "properties": {"name": "Jardim Canadá", "kind": "bairro_ponto", "place": "neighbourhood", "admin_level": null, "osm_id": "node/2518635339", "label_lon": -45.941008, "label_lat": -22.260637}, "geometry": {"type": "Point", "coordinates": [-45.9410081, -22.2606365]}}, {"type": "Feature", "properties": {"name": "Jardim Flamboyant", "kind": "bairro_ponto", "place": "neighbourhood", "admin_level": null, "osm_id": "node/4616926880", "label_lon": -45.920264, "label_lat": -22.26806}, "geometry": {"type": "Point", "coordinates": [-45.9202636, -22.2680602]}}, {"type": "Feature", "properties": {"name": "Jardim Industrial Mariosa", "kind": "bairro_ponto", "place": "neighbourhood", "admin_level": null, "osm_id": "node/4616926866", "label_lon": -45.927656, "label_lat": -22.262843}, "geometry": {"type": "Point", "coordinates": [-45.9276557, -22.2628425]}}, {"type": "Feature", "properties": {"name": "Jardim Noronha", "kind": "bairro_ponto", "place": "neighbourhood", "admin_level": null, "osm_id": "node/4616926862", "label_lon": -45.945684, "label_lat": -22.23351}, "geometry": {"type": "Point", "coordinates": [-45.9456837, -22.2335098]}}, {"type": "Feature", "properties": {"name": "Jardim Olímpico", "kind": "bairro_ponto", "place": "neighbourhood", "admin_level": null, "osm_id": "node/4616926874", "label_lon": -45.928578, "label_lat": -22.253271}, "geometry": {"type": "Point", "coordinates": [-45.9285784, -22.2532706]}}, {"type": "Feature", "properties": {"name": "Jardim Paraíso", "kind": "bairro_ponto", "place": "neighbourhood", "admin_level": null, "osm_id": "node/4616926869", "label_lon": -45.933535, "label_lat": -22.254978}, "geometry": {"type": "Point", "coordinates": [-45.9335351, -22.2549785]}}, {"type": "Feature", "properties": {"name": "Jardim Santa Cruz", "kind": "bairro_ponto", "place": "neighbourhood", "admin_level": null, "osm_id": "node/4616926860", "label_lon": -45.943534, "label_lat": -22.2291}, "geometry": {"type": "Point", "coordinates": [-45.9435344, -22.2290995]}}, {"type": "Feature", "properties": {"name": "Jardim São José", "kind": "bairro_ponto", "place": "neighbourhood", "admin_level": null, "osm_id": "node/4616926857", "label_lon": -45.927827, "label_lat": -22.232357}, "geometry": {"type": "Point", "coordinates": [-45.9278274, -22.232357]}}, {"type": "Feature", "properties": {"name": "Jardim Yara", "kind": "bairro_ponto", "place": "neighbourhood", "admin_level": null, "osm_id": "node/4616926863", "label_lon": -45.944344, "label_lat": -22.24014}, "geometry": {"type": "Point", "coordinates": [-45.9443445, -22.2401404]}}, {"type": "Feature", "properties": {"name": "Massaranduba", "kind": "bairro_ponto", "place": "neighbourhood", "admin_level": null, "osm_id": "node/4616850238", "label_lon": -45.97853, "label_lat": -22.361675}, "geometry": {"type": "Point", "coordinates": [-45.9785305, -22.361675]}}, {"type": "Feature", "properties": {"name": "Monte Verde", "kind": "bairro_ponto", "place": "neighbourhood", "admin_level": null, "osm_id": "node/4616850233", "label_lon": -45.930256, "label_lat": -22.286106}, "geometry": {"type": "Point", "coordinates": [-45.9302561, -22.2861056]}}, {"type": "Feature", "properties": {"name": "Olaria", "kind": "bairro_ponto", "place": "neighbourhood", "admin_level": null, "osm_id": "node/4616850234", "label_lon": -45.9808, "label_lat": -22.387497}, "geometry": {"type": "Point", "coordinates": [-45.9807997, -22.3874972]}}, {"type": "Feature", "properties": {"name": "Palmeiras", "kind": "bairro_ponto", "place": "neighbourhood", "admin_level": null, "osm_id": "node/4616850230", "label_lon": -45.873436, "label_lat": -22.287803}, "geometry": {"type": "Point", "coordinates": [-45.8734362, -22.2878032]}}, {"type": "Feature", "properties": {"name": "Paraíso", "kind": "bairro_ponto", "place": "neighbourhood", "admin_level": null, "osm_id": "node/2518635340", "label_lon": -45.940227, "label_lat": -22.252913}, "geometry": {"type": "Point", "coordinates": [-45.9402265, -22.2529133]}}, {"type": "Feature", "properties": {"name": "Recanto das Rosas", "kind": "bairro_ponto", "place": "neighbourhood", "admin_level": null, "osm_id": "node/4616926873", "label_lon": -45.922506, "label_lat": -22.253708}, "geometry": {"type": "Point", "coordinates": [-45.9225059, -22.2537075]}}, {"type": "Feature", "properties": {"name": "Roseta", "kind": "bairro_ponto", "place": "neighbourhood", "admin_level": null, "osm_id": "node/4616850229", "label_lon": -45.925278, "label_lat": -22.163647}, "geometry": {"type": "Point", "coordinates": [-45.925278, -22.1636472]}}, {"type": "Feature", "properties": {"name": "Santa Branca", "kind": "bairro_ponto", "place": "neighbourhood", "admin_level": null, "osm_id": "node/4616926878", "label_lon": -45.930359, "label_lat": -22.270309}, "geometry": {"type": "Point", "coordinates": [-45.9303594, -22.270309]}}, {"type": "Feature", "properties": {"name": "Santa Filomena", "kind": "bairro_ponto", "place": "neighbourhood", "admin_level": null, "osm_id": "node/4616926858", "label_lon": -45.941045, "label_lat": -22.235873}, "geometry": {"type": "Point", "coordinates": [-45.9410453, -22.2358726]}}, {"type": "Feature", "properties": {"name": "Santa Rita", "kind": "bairro_ponto", "place": "neighbourhood", "admin_level": null, "osm_id": "node/2518635341", "label_lon": -45.933635, "label_lat": -22.263018}, "geometry": {"type": "Point", "coordinates": [-45.9336348, -22.2630182]}}, {"type": "Feature", "properties": {"name": "Santa Rita II", "kind": "bairro_ponto", "place": "neighbourhood", "admin_level": null, "osm_id": "node/4616926877", "label_lon": -45.935423, "label_lat": -22.268442}, "geometry": {"type": "Point", "coordinates": [-45.9354234, -22.2684424]}}, {"type": "Feature", "properties": {"name": "Santo Expedito", "kind": "bairro_ponto", "place": "neighbourhood", "admin_level": null, "osm_id": "node/4616926885", "label_lon": -45.920256, "label_lat": -22.276128}, "geometry": {"type": "Point", "coordinates": [-45.9202562, -22.2761279]}}, {"type": "Feature", "properties": {"name": "Santo Expedito II", "kind": "bairro_ponto", "place": "neighbourhood", "admin_level": null, "osm_id": "node/4616926884", "label_lon": -45.91572, "label_lat": -22.274103}, "geometry": {"type": "Point", "coordinates": [-45.9157199, -22.2741029]}}, {"type": "Feature", "properties": {"name": "Santo Expedito III", "kind": "bairro_ponto", "place": "neighbourhood", "admin_level": null, "osm_id": "node/4616926883", "label_lon": -45.913306, "label_lat": -22.2745}, "geometry": {"type": "Point", "coordinates": [-45.9133059, -22.2745]}}, {"type": "Feature", "properties": {"name": "Serra Morena", "kind": "bairro_ponto", "place": "neighbourhood", "admin_level": null, "osm_id": "node/4616926879", "label_lon": -45.935059, "label_lat": -22.274002}, "geometry": {"type": "Point", "coordinates": [-45.9350586, -22.2740024]}}, {"type": "Feature", "properties": {"name": "Serrinha", "kind": "bairro_ponto", "place": "neighbourhood", "admin_level": null, "osm_id": "node/2517666991", "label_lon": -45.996026, "label_lat": -22.371957}, "geometry": {"type": "Point", "coordinates": [-45.9960255, -22.3719566]}}, {"type": "Feature", "properties": {"name": "Shangri-lá", "kind": "bairro_ponto", "place": "neighbourhood", "admin_level": null, "osm_id": "node/4616926865", "label_lon": -45.92345, "label_lat": -22.26179}, "geometry": {"type": "Point", "coordinates": [-45.92345, -22.2617901]}}, {"type": "Feature", "properties": {"name": "São Carlos", "kind": "bairro_ponto", "place": "neighbourhood", "admin_level": null, "osm_id": "node/2525569555", "label_lon": -45.925562, "label_lat": -22.25577}, "geometry": {"type": "Point", "coordinates": [-45.9255618, -22.25577]}}, {"type": "Feature", "properties": {"name": "São Francisco Paineral", "kind": "bairro_ponto", "place": "neighbourhood", "admin_level": null, "osm_id": "node/2517666906", "label_lon": -45.993385, "label_lat": -22.323447}, "geometry": {"type": "Point", "coordinates": [-45.9933848, -22.3234467]}}, {"type": "Feature", "properties": {"name": "São Judas Tadeu", "kind": "bairro_ponto", "place": "neighbourhood", "admin_level": null, "osm_id": "node/4385718869", "label_lon": -45.945842, "label_lat": -22.201645}, "geometry": {"type": "Point", "coordinates": [-45.9458419, -22.2016452]}}, {"type": "Feature", "properties": {"name": "Vale do Sol", "kind": "bairro_ponto", "place": "neighbourhood", "admin_level": null, "osm_id": "node/4616926875", "label_lon": -45.942676, "label_lat": -22.262882}, "geometry": {"type": "Point", "coordinates": [-45.9426761, -22.2628823]}}, {"type": "Feature", "properties": {"name": "Vila Costa Rios", "kind": "bairro_ponto", "place": "neighbourhood", "admin_level": null, "osm_id": "node/4616926870", "label_lon": -45.932333, "label_lat": -22.250073}, "geometry": {"type": "Point", "coordinates": [-45.9323335, -22.2500732]}}, {"type": "Feature", "properties": {"name": "Água Verde", "kind": "bairro_ponto", "place": "neighbourhood", "admin_level": null, "osm_id": "node/2517666907", "label_lon": -45.975112, "label_lat": -22.290555}, "geometry": {"type": "Point", "coordinates": [-45.9751124, -22.2905546]}}, {"type": "Feature", "properties": {"name": "Quadrante Central", "kind": "quadrante", "place": null, "admin_level": "9", "osm_id": "relation/6888979", "label_lon": -45.934688, "label_lat": -22.230682}, "geometry": {"type": "Polygon", "coordinates": [[[-45.933055, -22.2337416], [-45.9335814, -22.2330761], [-45.9337095, -22.2329096], [-45.9341304, -22.2323808], [-45.9330788, -22.2316992], [-45.9326578, -22.2321532], [-45.9320363, -22.2328636], [-45.9316544, -22.2325676], [-45.9313727, -22.2324243], [-45.9309661, -22.2322602], [-45.930845, -22.2321652], [-45.9306532, -22.2320721], [-45.9302434, -22.2319002], [-45.9300014, -22.2317513], [-45.9298655, -22.2315996], [-45.9297631, -22.2314339], [-45.9296354, -22.231103], [-45.9295306, -22.230737], [-45.9294768, -22.2304559], [-45.9293827, -22.2298703], [-45.9293194, -22.2295831], [-45.9292683, -22.2292298], [-45.9297871, -22.228717], [-45.9300726, -22.2284259], [-45.9301997, -22.228307], [-45.9305104, -22.2280095], [-45.9307856, -22.2282075], [-45.9311096, -22.2279803], [-45.9313284, -22.2277852], [-45.9313792, -22.2277123], [-45.931364, -22.2277852], [-45.9315012, -22.2279331], [-45.932057, -22.2283046], [-45.9323439, -22.2285387], [-45.9325556, -22.2282334], [-45.9326607, -22.2277789], [-45.9328492, -22.2269514], [-45.9329761, -22.2263239], [-45.9329795, -22.2261373], [-45.9330202, -22.2259915], [-45.933084, -22.2257837], [-45.9331112, -22.2255537], [-45.933125, -22.2254366], [-45.9332278, -22.2254594], [-45.9333804, -22.225509], [-45.933499, -22.2256869], [-45.9340664, -22.226176], [-45.9345101, -22.2265261], [-45.9349515, -22.2268579], [-45.9353309, -22.2271248], [-45.9356908, -22.227388], [-45.9359663, -22.2275538], [-45.9364376, -22.2277617], [-45.9373371, -22.2282539], [-45.938143, -22.2286206], [-45.9380545, -22.2288109], [-45.938006, -22.2288113], [-45.9379576, -22.2288117], [-45.9376456, -22.2291494], [-45.9379843, -22.2293265], [-45.9390003, -22.2298992], [-45.9391687, -22.2300318], [-45.9396423, -22.2303911], [-45.9397977, -22.2304566], [-45.9404053, -22.2309622], [-45.9397144, -22.231688], [-45.9395598, -22.2318442], [-45.9390354, -22.2324414], [-45.938725, -22.2327969], [-45.9383572, -22.2332495], [-45.9381777, -22.233341], [-45.9363395, -22.235484], [-45.9356473, -22.2349825], [-45.9356261, -22.2350054], [-45.9353451, -22.2353098], [-45.9351988, -22.2352527], [-45.9349751, -22.2351501], [-45.9346997, -22.2350034], [-45.9343444, -22.2347569], [-45.9335704, -22.2342187], [-45.9333988, -22.2340328], [-45.933055, -22.2337416]]]}}, {"type": "Feature", "properties": {"name": "Quadrante Centro-Sul", "kind": "quadrante", "place": null, "admin_level": "9", "osm_id": "relation/6888974", "label_lon": -45.92725, "label_lat": -22.241508}, "geometry": {"type": "Polygon", "coordinates": [[[-45.932943, -22.2354045], [-45.9325825, -22.2353815], [-45.9321281, -22.2352143], [-45.9315138, -22.2350004], [-45.9312917, -22.2349131], [-45.9310461, -22.2348288], [-45.9307886, -22.234759], [-45.9305808, -22.2346888], [-45.930184, -22.2355426], [-45.9298658, -22.2352635], [-45.9290013, -22.2348117], [-45.9283199, -22.2348022], [-45.9275978, -22.2348493], [-45.9262248, -22.2348776], [-45.9260634, -22.234897], [-45.9257808, -22.234931], [-45.925462, -22.2349999], [-45.9245874, -22.235433], [-45.9232245, -22.236139], [-45.9225431, -22.2364403], [-45.9220346, -22.236478], [-45.9216379, -22.2364309], [-45.920926, -22.2360449], [-45.9196649, -22.2350753], [-45.9187744, -22.2344768], [-45.9195404, -22.2356645], [-45.9192829, -22.2366973], [-45.9189567, -22.2378841], [-45.9194932, -22.2392148], [-45.9189669, -22.2433448], [-45.9190211, -22.2447362], [-45.9186842, -22.245377], [-45.9182057, -22.2457689], [-45.9175388, -22.2456823], [-45.9170614, -22.245876], [-45.9166973, -22.2463711], [-45.9167068, -22.2477885], [-45.9180535, -22.247742], [-45.926758, -22.2474414], [-45.9278342, -22.2478865], [-45.9280471, -22.2479848], [-45.9282742, -22.2480614], [-45.928707, -22.2482976], [-45.9300031, -22.2489549], [-45.9304568, -22.2491442], [-45.9304532, -22.24868], [-45.9306115, -22.248047], [-45.9306865, -22.2479028], [-45.9307622, -22.247909], [-45.9308581, -22.2475705], [-45.9308656, -22.2469995], [-45.9309248, -22.2465094], [-45.9309638, -22.2461578], [-45.930987, -22.2459018], [-45.9310256, -22.2454955], [-45.9315178, -22.2455501], [-45.9317472, -22.2456002], [-45.9319835, -22.2457172], [-45.9321591, -22.2457853], [-45.9324806, -22.2457451], [-45.9327221, -22.2457329], [-45.9328299, -22.2456504], [-45.932855, -22.245408], [-45.9329553, -22.2448898], [-45.9337618, -22.2449334], [-45.9354961, -22.2451071], [-45.9359557, -22.245174], [-45.936692, -22.2452047], [-45.9367687, -22.2446862], [-45.9368676, -22.2440319], [-45.9369902, -22.2426403], [-45.9369861, -22.2425985], [-45.936817, -22.2408809], [-45.9367569, -22.2402698], [-45.9367888, -22.2401044], [-45.9368862, -22.2392068], [-45.9374163, -22.238497], [-45.9371637, -22.2383869], [-45.9370141, -22.2383217], [-45.9366684, -22.2381839], [-45.9362584, -22.2379294], [-45.9361673, -22.2378007], [-45.9360438, -22.2375404], [-45.9357191, -22.2373383], [-45.9354656, -22.237153], [-45.9353477, -22.2371201], [-45.9350723, -22.2369693], [-45.9347635, -22.2368427], [-45.9345271, -22.2367432], [-45.9342815, -22.2366421], [-45.934058, -22.2365081], [-45.9337781, -22.2362539], [-45.9335375, -22.2360062], [-45.9332349, -22.2357242], [-45.9330489, -22.2355369], [-45.932943, -22.2354045]]]}}, {"type": "Feature", "properties": {"name": "Quadrante Industrial", "kind": "quadrante", "place": null, "admin_level": "9", "osm_id": "relation/6888976", "label_lon": -45.887919, "label_lat": -22.275548}, "geometry": {"type": "Polygon", "coordinates": [[[-45.8859387, -22.2849622], [-45.8872325, -22.2837122], [-45.888985, -22.2816167], [-45.8929562, -22.2783174], [-45.8944036, -22.2780981], [-45.8936361, -22.2751814], [-45.8912019, -22.2656858], [-45.88959, -22.2660476], [-45.8889947, -22.2668018], [-45.8879763, -22.2669671], [-45.8837786, -22.2676485], [-45.8840198, -22.2705871], [-45.882068, -22.2706748], [-45.8884676, -22.2743026], [-45.8892552, -22.2754668], [-45.8894798, -22.2757988], [-45.8850672, -22.2757248], [-45.8847537, -22.2771337], [-45.8845411, -22.2780894], [-45.8833535, -22.278734], [-45.8825701, -22.279246], [-45.8821795, -22.2799508], [-45.8818413, -22.2807253], [-45.8816185, -22.2820017], [-45.8816185, -22.2833175], [-45.8827149, -22.2850061], [-45.88425, -22.2852473], [-45.8859387, -22.2849622]]]}}, {"type": "Feature", "properties": {"name": "Quadrante Nordeste", "kind": "quadrante", "place": null, "admin_level": "9", "osm_id": "relation/6888977", "label_lon": -45.90236, "label_lat": -22.226784}, "geometry": {"type": "Polygon", "coordinates": [[[-45.9353309, -22.2271248], [-45.9357314, -22.2266865], [-45.9360174, -22.226382], [-45.9361953, -22.2261897], [-45.936391, -22.2260152], [-45.9364794, -22.2258892], [-45.937108, -22.2252403], [-45.9369762, -22.2251171], [-45.9381639, -22.2238019], [-45.9379144, -22.2236728], [-45.9374384, -22.2234255], [-45.9370946, -22.2233086], [-45.9368698, -22.2232437], [-45.9371914, -22.2228802], [-45.93781, -22.2221874], [-45.9384093, -22.2215383], [-45.9380583, -22.2212582], [-45.9377869, -22.2210478], [-45.9372565, -22.220601], [-45.936949, -22.2203587], [-45.9357646, -22.2193167], [-45.9355302, -22.2190918], [-45.9350332, -22.2187013], [-45.93494, -22.2185759], [-45.9343991, -22.2182014], [-45.9341458, -22.2179795], [-45.9338134, -22.2177758], [-45.9354655, -22.217609], [-45.9359656, -22.2175628], [-45.9365886, -22.2174945], [-45.9365551, -22.2173684], [-45.9373322, -22.2172614], [-45.937255, -22.2167485], [-45.9372271, -22.216254], [-45.9371715, -22.2157086], [-45.937121, -22.2153703], [-45.9368432, -22.2150673], [-45.9368343, -22.2146318], [-45.9369298, -22.2143908], [-45.9371665, -22.2138805], [-45.9372634, -22.2135832], [-45.9372341, -22.2133272], [-45.9373709, -22.2131812], [-45.937546, -22.2125651], [-45.9376665, -22.2119535], [-45.9377302, -22.2116534], [-45.9361319, -22.2063001], [-45.935902, -22.2064181], [-45.9349024, -22.2069396], [-45.9345222, -22.2070917], [-45.9337834, -22.207472], [-45.9330228, -22.2077328], [-45.9322079, -22.2079392], [-45.9313713, -22.2081782], [-45.9299263, -22.2085259], [-45.9285247, -22.2089279], [-45.9276338, -22.2092864], [-45.9269819, -22.2095895], [-45.9267904, -22.2097109], [-45.9266071, -22.2098464], [-45.926436, -22.2099934], [-45.9262794, -22.2101493], [-45.9258545, -22.2106216], [-45.9256248, -22.2108826], [-45.9254636, -22.2110754], [-45.9252623, -22.2113171], [-45.9250967, -22.2115177], [-45.9249231, -22.2117373], [-45.9242145, -22.2126541], [-45.9237749, -22.2131674], [-45.9236671, -22.213241], [-45.9224513, -22.2145342], [-45.9219515, -22.2150014], [-45.9216799, -22.2152947], [-45.9210518, -22.215967], [-45.9205719, -22.2162618], [-45.9205485, -22.2162777], [-45.9204045, -22.2163719], [-45.9202923, -22.2164442], [-45.9200664, -22.2165387], [-45.9198623, -22.216196], [-45.9195831, -22.2157431], [-45.9194136, -22.2154681], [-45.9192308, -22.2150112], [-45.9189958, -22.2142671], [-45.9188653, -22.2132096], [-45.9184997, -22.2127788], [-45.9174684, -22.2126613], [-45.9168026, -22.2127527], [-45.916202, -22.2129224], [-45.9156537, -22.2131835], [-45.9152359, -22.2135621], [-45.9150271, -22.2137971], [-45.9147529, -22.2142148], [-45.9135518, -22.214972], [-45.9133168, -22.2157292], [-45.9127946, -22.2155856], [-45.9124813, -22.2154681], [-45.9122333, -22.2153637], [-45.9120113, -22.215207], [-45.9118024, -22.2150243], [-45.9115905, -22.214849], [-45.9115027, -22.2144802], [-45.9120484, -22.2126795], [-45.9125032, -22.2123682], [-45.913075, -22.2119086], [-45.9139857, -22.2111852], [-45.9147888, -22.2102565], [-45.9113815, -22.2099663], [-45.9104215, -22.2103804], [-45.9100329, -22.2104022], [-45.9093056, -22.2107528], [-45.9092681, -22.2103736], [-45.9087821, -22.2099848], [-45.9083002, -22.2100415], [-45.9079356, -22.2104218], [-45.9052586, -22.2096663], [-45.9079561, -22.2059793], [-45.9061878, -22.2051603], [-45.9061989, -22.2037811], [-45.9059542, -22.2029024], [-45.9057391, -22.2025379], [-45.906512, -22.2003797], [-45.9028885, -22.1989667], [-45.9021037, -22.2000267], [-45.9017538, -22.1997974], [-45.9009909, -22.2005604], [-45.9001276, -22.1996569], [-45.8979693, -22.2006407], [-45.8992241, -22.2020962], [-45.8992009, -22.2022815], [-45.8991338, -22.202819], [-45.8988527, -22.2032406], [-45.8985917, -22.2043449], [-45.8983809, -22.2049271], [-45.8973771, -22.207768], [-45.8982811, -22.2080785], [-45.8984174, -22.2081571], [-45.8984799, -22.2082745], [-45.8986843, -22.2083899], [-45.8989039, -22.2084984], [-45.8991547, -22.2085464], [-45.8994712, -22.2086013], [-45.8997715, -22.2086513], [-45.9000134, -22.208668], [-45.9004597, -22.2086416], [-45.9008142, -22.2085345], [-45.9009922, -22.2084094], [-45.9011334, -22.2082918], [-45.9013043, -22.2081543], [-45.9017499, -22.2081411], [-45.9019571, -22.208173], [-45.9022059, -22.208319], [-45.9023873, -22.2084163], [-45.9007546, -22.210842], [-45.905374, -22.2136295], [-45.9071216, -22.2114964], [-45.9073415, -22.2114791], [-45.9083495, -22.2119385], [-45.9086171, -22.2123096], [-45.9086973, -22.2125243], [-45.9087756, -22.2128811], [-45.9089312, -22.2131934], [-45.9090424, -22.2134001], [-45.9081698, -22.2139544], [-45.9077217, -22.2142105], [-45.9070105, -22.2145377], [-45.9075331, -22.2155536], [-45.9086883, -22.2152029], [-45.9088614, -22.2156304], [-45.90892, -22.215872], [-45.9089587, -22.2160737], [-45.9090453, -22.216462], [-45.9092482, -22.2166935], [-45.9093968, -22.2168577], [-45.9100944, -22.2173827], [-45.9104253, -22.2175689], [-45.9108452, -22.217726], [-45.9112351, -22.2178826], [-45.9115317, -22.2179382], [-45.9139753, -22.2199679], [-45.9136006, -22.2203721], [-45.9120045, -22.2189086], [-45.9117294, -22.2186294], [-45.9114666, -22.2186869], [-45.9112352, -22.2189118], [-45.9110966, -22.2191003], [-45.9111926, -22.2192959], [-45.9124942, -22.220569], [-45.9122176, -22.2210324], [-45.9123021, -22.2218279], [-45.9116904, -22.2234567], [-45.9115197, -22.2247583], [-45.909763, -22.2257967], [-45.9077563, -22.2263748], [-45.9055617, -22.2268661], [-45.9042126, -22.2270895], [-45.9009536, -22.2271229], [-45.9006911, -22.2266795], [-45.9002339, -22.2262122], [-45.8998357, -22.2258065], [-45.8991981, -22.2254344], [-45.8984994, -22.225419], [-45.8978901, -22.2261031], [-45.8974717, -22.22594], [-45.8971963, -22.2261398], [-45.8966774, -22.2265076], [-45.8960226, -22.2269106], [-45.8948127, -22.226996], [-45.8930756, -22.227107], [-45.8928615, -22.2272556], [-45.8925743, -22.2272657], [-45.8917028, -22.2272909], [-45.8917583, -22.2296586], [-45.8934761, -22.2294671], [-45.8938388, -22.2296183], [-45.8943073, -22.229991], [-45.8946397, -22.2303638], [-45.8947959, -22.2306258], [-45.895073, -22.2308424], [-45.8953299, -22.2309445], [-45.8956695, -22.2310195], [-45.8959496, -22.2310248], [-45.8962784, -22.231007], [-45.8964243, -22.2306926], [-45.8968972, -22.2294737], [-45.8970234, -22.229028], [-45.897129, -22.2287809], [-45.8972215, -22.2285578], [-45.8974885, -22.2284823], [-45.8977051, -22.2285629], [-45.8977748, -22.2288369], [-45.8978764, -22.229384], [-45.8982104, -22.2293168], [-45.8970439, -22.2315123], [-45.896016, -22.2334471], [-45.8944672, -22.2351151], [-45.892263, -22.2366044], [-45.8863059, -22.238332], [-45.8838039, -22.2398809], [-45.8834315, -22.2400493], [-45.8829173, -22.2402904], [-45.882741, -22.2401644], [-45.8826049, -22.2400636], [-45.8822118, -22.239988], [-45.881753, -22.2399064], [-45.8815179, -22.2397856], [-45.8812851, -22.239605], [-45.8808612, -22.2389297], [-45.8806697, -22.2386324], [-45.880196, -22.2379873], [-45.880075, -22.2378008], [-45.8799286, -22.2376016], [-45.8797868, -22.2374308], [-45.8796399, -22.237245], [-45.8791335, -22.2364766], [-45.8789764, -22.2362436], [-45.8788656, -22.2360672], [-45.8787245, -22.2358455], [-45.878574, -22.2354389], [-45.8784667, -22.235231], [-45.878522, -22.234972], [-45.8788834, -22.2342844], [-45.8797308, -22.2327811], [-45.8800745, -22.2322196], [-45.8802813, -22.2318859], [-45.8803834, -22.2316418], [-45.8805416, -22.2314472], [-45.8807235, -22.231235], [-45.8811481, -22.2304921], [-45.8815422, -22.2298705], [-45.8817393, -22.2293702], [-45.8816787, -22.2284908], [-45.881618, -22.2274902], [-45.8815377, -22.2251659], [-45.8820396, -22.2237802], [-45.8822843, -22.2229275], [-45.8826537, -22.2218474], [-45.8795476, -22.2216291], [-45.8766452, -22.2213955], [-45.8755536, -22.2213045], [-45.8749472, -22.2212742], [-45.8745075, -22.221259], [-45.8739769, -22.221259], [-45.8733704, -22.22135], [-45.8729611, -22.221729], [-45.8725518, -22.222108], [-45.8741786, -22.2261544], [-45.8744061, -22.2267643], [-45.8745016, -22.2273661], [-45.874494, -22.2280414], [-45.8744713, -22.22839], [-45.8745252, -22.2293099], [-45.8743451, -22.2303436], [-45.8743626, -22.2306194], [-45.87438, -22.2308952], [-45.8745354, -22.2313302], [-45.8747741, -22.2321768], [-45.8751162, -22.2329262], [-45.8757994, -22.2346121], [-45.8779877, -22.2372411], [-45.8787485, -22.2385676], [-45.8789931, -22.2391058], [-45.8792154, -22.2395611], [-45.8792075, -22.2398474], [-45.8791771, -22.2400663], [-45.8790103, -22.2399222], [-45.8780969, -22.2395091], [-45.8779339, -22.2394864], [-45.877758, -22.2394259], [-45.8772725, -22.2391168], [-45.8769617, -22.238878], [-45.876632, -22.2386809], [-45.876287, -22.2385975], [-45.8760937, -22.2385559], [-45.8757943, -22.2385824], [-45.8754873, -22.2386051], [-45.8752144, -22.2386241], [-45.8747899, -22.2387113], [-45.8746421, -22.2387378], [-45.8742668, -22.2387529], [-45.8737836, -22.2386828], [-45.8735221, -22.2385956], [-45.8731279, -22.2384175], [-45.8727679, -22.2381695], [-45.8724524, -22.2379232], [-45.8720753, -22.2375923], [-45.8717027, -22.2373676], [-45.8712498, -22.2371762], [-45.8707798, -22.239276], [-45.8703401, -22.241209], [-45.87009, -22.2424522], [-45.8696503, -22.2424901], [-45.8687634, -22.2425508], [-45.8678158, -22.2426266], [-45.8672151, -22.2426399], [-45.8673887, -22.2424389], [-45.8676764, -22.2420715], [-45.8681235, -22.2415137], [-45.8684555, -22.2410047], [-45.8686591, -22.2405576], [-45.8688229, -22.2400176], [-45.868907, -22.2396059], [-45.8689513, -22.239327], [-45.8690265, -22.2388047], [-45.8689468, -22.2382337], [-45.8687875, -22.2376405], [-45.8684688, -22.2372332], [-45.8680428, -22.2368458], [-45.8672501, -22.2364303], [-45.8668268, -22.2363148], [-45.8664574, -22.2362763], [-45.8657879, -22.2363302], [-45.8654339, -22.2364456], [-45.8650187, -22.2366785], [-45.8648721, -22.2368612], [-45.8641525, -22.2376891], [-45.8637963, -22.2380886], [-45.8635461, -22.2382859], [-45.8632958, -22.2384255], [-45.8626915, -22.2386069], [-45.8623177, -22.2386502], [-45.8595928, -22.2343824], [-45.8593436, -22.2346575], [-45.8584552, -22.2357717], [-45.8579966, -22.2360458], [-45.8574139, -22.2361784], [-45.8578989, -22.2377214], [-45.8581229, -22.2400664], [-45.8576781, -22.2404464], [-45.8574163, -22.2407316], [-45.8571184, -22.2412633], [-45.8566587, -22.2419858], [-45.8557061, -22.2436127], [-45.8546368, -22.2454958], [-45.8541333, -22.2463392], [-45.8536207, -22.2472751], [-45.8546144, -22.2475164], [-45.8572314, -22.2477814], [-45.8594345, -22.2479548], [-45.8598516, -22.247868], [-45.8600422, -22.2477886], [-45.8602766, -22.2476066], [-45.8627612, -22.2450733], [-45.8630562, -22.2451872], [-45.8633534, -22.2452632], [-45.8636648, -22.2452792], [-45.8640506, -22.2452896], [-45.864339, -22.2452193], [-45.8646909, -22.2449822], [-45.8650512, -22.2447563], [-45.8656645, -22.2444555], [-45.8661195, -22.2442042], [-45.8664371, -22.24402], [-45.866676, -22.2438319], [-45.8669635, -22.2436776], [-45.8686568, -22.2454434], [-45.8706194, -22.2467808], [-45.8709475, -22.2469007], [-45.8712679, -22.2468035], [-45.8731533, -22.2454839], [-45.87345, -22.2449633], [-45.8736623, -22.2446904], [-45.8739717, -22.2450548], [-45.8743142, -22.2454939], [-45.8750338, -22.2469827], [-45.876713, -22.2512212], [-45.8768428, -22.2515594], [-45.8772878, -22.2515886], [-45.8776245, -22.2513944], [-45.8800847, -22.248412], [-45.8801203, -22.248202], [-45.8800586, -22.2478852], [-45.8800383, -22.2476204], [-45.8803331, -22.247083], [-45.880755, -22.2469536], [-45.8813266, -22.2468863], [-45.8819432, -22.2467737], [-45.8824161, -22.2465017], [-45.8828273, -22.2460795], [-45.8830143, -22.2456112], [-45.8830633, -22.2448946], [-45.8830091, -22.2445312], [-45.8832971, -22.2443947], [-45.8836913, -22.2441976], [-45.8854955, -22.2471919], [-45.8861701, -22.248276], [-45.8905668, -22.2468129], [-45.8893691, -22.243902], [-45.8854879, -22.2449936], [-45.8843053, -22.2425072], [-45.8873679, -22.2415672], [-45.8905213, -22.2407182], [-45.8944672, -22.2403872], [-45.8974458, -22.2377363], [-45.900752, -22.2346386], [-45.9031652, -22.2296956], [-45.9026984, -22.2293163], [-45.9025635, -22.2292067], [-45.9099298, -22.2285337], [-45.9136271, -22.2286309], [-45.9195008, -22.2280575], [-45.9196512, -22.2282263], [-45.9235716, -22.2326252], [-45.9257808, -22.234931], [-45.9260634, -22.234897], [-45.9262248, -22.2348776], [-45.9275978, -22.2348493], [-45.9283199, -22.2348022], [-45.9290013, -22.2348117], [-45.9298658, -22.2352635], [-45.930184, -22.2355426], [-45.9305808, -22.2346888], [-45.9307886, -22.234759], [-45.9310461, -22.2348288], [-45.9312917, -22.2349131], [-45.9315138, -22.2350004], [-45.9321281, -22.2352143], [-45.9325825, -22.2353815], [-45.932943, -22.2354045], [-45.9329749, -22.2353732], [-45.9330905, -22.2351431], [-45.9323178, -22.2347015], [-45.9327282, -22.2341758], [-45.933055, -22.2337416], [-45.9335814, -22.2330761], [-45.9337095, -22.2329096], [-45.9341304, -22.2323808], [-45.9330788, -22.2316992], [-45.9326578, -22.2321532], [-45.9320363, -22.2328636], [-45.9316544, -22.2325676], [-45.9313727, -22.2324243], [-45.9309661, -22.2322602], [-45.930845, -22.2321652], [-45.9306532, -22.2320721], [-45.9302434, -22.2319002], [-45.9300014, -22.2317513], [-45.9298655, -22.2315996], [-45.9297631, -22.2314339], [-45.9296354, -22.231103], [-45.9295306, -22.230737], [-45.9294768, -22.2304559], [-45.9293827, -22.2298703], [-45.9293194, -22.2295831], [-45.9292683, -22.2292298], [-45.9297871, -22.228717], [-45.9300726, -22.2284259], [-45.9301997, -22.228307], [-45.9305104, -22.2280095], [-45.9307856, -22.2282075], [-45.9311096, -22.2279803], [-45.9313284, -22.2277852], [-45.9313792, -22.2277123], [-45.931364, -22.2277852], [-45.9315012, -22.2279331], [-45.932057, -22.2283046], [-45.9323439, -22.2285387], [-45.9325556, -22.2282334], [-45.9326607, -22.2277789], [-45.9328492, -22.2269514], [-45.9329761, -22.2263239], [-45.9329795, -22.2261373], [-45.9330202, -22.2259915], [-45.933084, -22.2257837], [-45.9331112, -22.2255537], [-45.933125, -22.2254366], [-45.9332278, -22.2254594], [-45.9333804, -22.225509], [-45.933499, -22.2256869], [-45.9340664, -22.226176], [-45.9345101, -22.2265261], [-45.9349515, -22.2268579], [-45.9353309, -22.2271248]]]}}, {"type": "Feature", "properties": {"name": "Quadrante Noroeste", "kind": "quadrante", "place": null, "admin_level": "9", "osm_id": "relation/6888978", "label_lon": -45.947889, "label_lat": -22.226248}, "geometry": {"type": "Polygon", "coordinates": [[[-45.933055, -22.2337416], [-45.9327282, -22.2341758], [-45.9323178, -22.2347015], [-45.9330905, -22.2351431], [-45.9329749, -22.2353732], [-45.932943, -22.2354045], [-45.9330489, -22.2355369], [-45.9332349, -22.2357242], [-45.9335375, -22.2360062], [-45.9337781, -22.2362539], [-45.934058, -22.2365081], [-45.9342815, -22.2366421], [-45.9345271, -22.2367432], [-45.9347635, -22.2368427], [-45.9350723, -22.2369693], [-45.9353477, -22.2371201], [-45.9354656, -22.237153], [-45.9357191, -22.2373383], [-45.9360438, -22.2375404], [-45.9361673, -22.2378007], [-45.9362584, -22.2379294], [-45.9366684, -22.2381839], [-45.9370141, -22.2383217], [-45.9371637, -22.2383869], [-45.9374163, -22.238497], [-45.9368862, -22.2392068], [-45.9367888, -22.2401044], [-45.9377475, -22.2406372], [-45.9381621, -22.240881], [-45.9401136, -22.2420284], [-45.9417389, -22.2429271], [-45.9429126, -22.2436859], [-45.9438906, -22.2442317], [-45.9440954, -22.2441859], [-45.9452749, -22.2440229], [-45.9467844, -22.2436233], [-45.9484053, -22.2434497], [-45.9489154, -22.243395], [-45.9506532, -22.2434838], [-45.9531621, -22.2436219], [-45.9540117, -22.2439543], [-45.9554508, -22.2446081], [-45.9568141, -22.2456359], [-45.9577344, -22.2460606], [-45.9583305, -22.2461873], [-45.9586353, -22.2462795], [-45.9599893, -22.2466891], [-45.9631138, -22.2474459], [-45.9648408, -22.2479245], [-45.9651148, -22.2466581], [-45.9651561, -22.2464516], [-45.9653966, -22.2440583], [-45.9658348, -22.2412704], [-45.9658816, -22.2409726], [-45.9668347, -22.2414658], [-45.967884, -22.241889], [-45.9679484, -22.2417301], [-45.9680902, -22.2416211], [-45.9682795, -22.2416166], [-45.9683763, -22.240752], [-45.968405, -22.2403537], [-45.9684265, -22.2398525], [-45.9684918, -22.2394051], [-45.9684643, -22.239179], [-45.9688119, -22.2388915], [-45.969057, -22.2386617], [-45.9693264, -22.238333], [-45.9695369, -22.2380826], [-45.9697835, -22.2378802], [-45.9699111, -22.2377755], [-45.9696374, -22.237716], [-45.969553, -22.2375755], [-45.9693985, -22.2375459], [-45.9692208, -22.2375499], [-45.9689653, -22.2374631], [-45.9687379, -22.2375065], [-45.9685283, -22.2375218], [-45.9682958, -22.2375397], [-45.9681374, -22.2374886], [-45.9679994, -22.2374273], [-45.9678716, -22.2373966], [-45.9675905, -22.2374682], [-45.9672788, -22.2374324], [-45.9667166, -22.2374426], [-45.9665071, -22.2373711], [-45.966226, -22.2373148], [-45.965895, -22.2372199], [-45.9658112, -22.2370612], [-45.9654752, -22.2369606], [-45.9651726, -22.2369091], [-45.9650729, -22.2368645], [-45.9649731, -22.23682], [-45.964709, -22.2366638], [-45.9644347, -22.2366869], [-45.9640754, -22.2366278], [-45.9637431, -22.2365781], [-45.9631438, -22.2364976], [-45.9628422, -22.2365037], [-45.9627508, -22.2364047], [-45.9625374, -22.236298], [-45.9623622, -22.2363247], [-45.9619625, -22.2363591], [-45.9616269, -22.2363247], [-45.9613488, -22.2364618], [-45.9612002, -22.2364618], [-45.9610664, -22.2363827], [-45.9608992, -22.2362142], [-45.960743, -22.236119], [-45.9605298, -22.2360892], [-45.9601943, -22.2360645], [-45.9598823, -22.2360528], [-45.9596509, -22.2360548], [-45.9594496, -22.2360155], [-45.9593172, -22.235937], [-45.9591789, -22.2358205], [-45.959009, -22.2358034], [-45.9587862, -22.2357445], [-45.9585175, -22.23555], [-45.9581723, -22.2354333], [-45.9580585, -22.2353627], [-45.9579501, -22.2352955], [-45.9576807, -22.2350527], [-45.9574046, -22.2349362], [-45.9570026, -22.2349298], [-45.9567386, -22.2349223], [-45.9564439, -22.2349447], [-45.9560668, -22.234948], [-45.9558234, -22.2348915], [-45.955638, -22.2347463], [-45.9554674, -22.2346198], [-45.9551595, -22.2345716], [-45.9548649, -22.2345936], [-45.9545296, -22.2346164], [-45.954221, -22.2346832], [-45.9539641, -22.2347247], [-45.953681, -22.2348291], [-45.9533568, -22.2348737], [-45.9531277, -22.2349254], [-45.9530331, -22.2350127], [-45.9528406, -22.2350518], [-45.9525015, -22.2351208], [-45.9518806, -22.2352163], [-45.9512303, -22.2353279], [-45.9509477, -22.235375], [-45.9503993, -22.2354603], [-45.950037, -22.2355051], [-45.9497323, -22.235529], [-45.949556, -22.2355195], [-45.949382, -22.2355376], [-45.9490982, -22.2355461], [-45.9482536, -22.2355616], [-45.9468656, -22.2355412], [-45.9469173, -22.2350335], [-45.946941, -22.2345614], [-45.9478865, -22.2345564], [-45.9475849, -22.2319174], [-45.9478396, -22.2318461], [-45.9483385, -22.2316729], [-45.9488156, -22.2313258], [-45.9491444, -22.231044], [-45.9493361, -22.230481], [-45.9495531, -22.2299679], [-45.9497961, -22.2298734], [-45.9505423, -22.2301503], [-45.9510723, -22.2303028], [-45.9518791, -22.2304973], [-45.9524006, -22.2306657], [-45.9528155, -22.2304687], [-45.9533043, -22.2300145], [-45.9535954, -22.2297384], [-45.953963, -22.2294521], [-45.9545007, -22.2290045], [-45.954646, -22.2287107], [-45.9547379, -22.2281464], [-45.9548907, -22.2274093], [-45.9549435, -22.2264695], [-45.9549748, -22.2255965], [-45.9550079, -22.2250257], [-45.9549855, -22.2247365], [-45.954777, -22.2241019], [-45.9546889, -22.2238336], [-45.9544264, -22.2231835], [-45.9543228, -22.2222074], [-45.9547823, -22.2202838], [-45.954027, -22.2194098], [-45.9534761, -22.2192774], [-45.952811, -22.2189924], [-45.9525353, -22.2185825], [-45.953167, -22.2167398], [-45.9534691, -22.2153769], [-45.9535918, -22.2147984], [-45.9538005, -22.2130692], [-45.9537517, -22.2123969], [-45.953509, -22.210567], [-45.9531197, -22.2091472], [-45.9528579, -22.2082589], [-45.9518441, -22.2065694], [-45.949986, -22.2036392], [-45.9492326, -22.2036337], [-45.9485505, -22.2037125], [-45.9481331, -22.2037102], [-45.9477975, -22.2037007], [-45.9471442, -22.2037398], [-45.947075, -22.2019926], [-45.9469596, -22.1984734], [-45.945426, -22.1989274], [-45.945202, -22.1990307], [-45.9448638, -22.1992702], [-45.9446837, -22.1994106], [-45.9444673, -22.1996887], [-45.9443809, -22.2000199], [-45.9442064, -22.2003594], [-45.9443332, -22.2008444], [-45.9443114, -22.2012138], [-45.9442886, -22.2013194], [-45.9442245, -22.2016158], [-45.9441159, -22.2019744], [-45.9439638, -22.2024416], [-45.9438986, -22.2028979], [-45.9438986, -22.203213], [-45.9439332, -22.2035478], [-45.9439669, -22.2038795], [-45.9438899, -22.2040719], [-45.9433336, -22.2041691], [-45.9421276, -22.2043538], [-45.9410749, -22.2045057], [-45.9407118, -22.2045632], [-45.9405743, -22.2045795], [-45.9393788, -22.2047884], [-45.9383253, -22.205182], [-45.9361319, -22.2063001], [-45.9377302, -22.2116534], [-45.9376665, -22.2119535], [-45.937546, -22.2125651], [-45.9373709, -22.2131812], [-45.9372341, -22.2133272], [-45.9372634, -22.2135832], [-45.9371665, -22.2138805], [-45.9369298, -22.2143908], [-45.9368343, -22.2146318], [-45.9368432, -22.2150673], [-45.937121, -22.2153703], [-45.9371715, -22.2157086], [-45.9372271, -22.216254], [-45.937255, -22.2167485], [-45.9373322, -22.2172614], [-45.9365551, -22.2173684], [-45.9365886, -22.2174945], [-45.9359656, -22.2175628], [-45.9354655, -22.217609], [-45.9338134, -22.2177758], [-45.9341458, -22.2179795], [-45.9343991, -22.2182014], [-45.93494, -22.2185759], [-45.9350332, -22.2187013], [-45.9355302, -22.2190918], [-45.9357646, -22.2193167], [-45.936949, -22.2203587], [-45.9372565, -22.220601], [-45.9377869, -22.2210478], [-45.9380583, -22.2212582], [-45.9384093, -22.2215383], [-45.93781, -22.2221874], [-45.9371914, -22.2228802], [-45.9368698, -22.2232437], [-45.9370946, -22.2233086], [-45.9374384, -22.2234255], [-45.9379144, -22.2236728], [-45.9381639, -22.2238019], [-45.9369762, -22.2251171], [-45.937108, -22.2252403], [-45.9364794, -22.2258892], [-45.936391, -22.2260152], [-45.9361953, -22.2261897], [-45.9360174, -22.226382], [-45.9357314, -22.2266865], [-45.9353309, -22.2271248], [-45.9356908, -22.227388], [-45.9359663, -22.2275538], [-45.9364376, -22.2277617], [-45.9373371, -22.2282539], [-45.938143, -22.2286206], [-45.9380545, -22.2288109], [-45.938006, -22.2288113], [-45.9379576, -22.2288117], [-45.9376456, -22.2291494], [-45.9379843, -22.2293265], [-45.9390003, -22.2298992], [-45.9391687, -22.2300318], [-45.9396423, -22.2303911], [-45.9397977, -22.2304566], [-45.9404053, -22.2309622], [-45.9397144, -22.231688], [-45.9395598, -22.2318442], [-45.9390354, -22.2324414], [-45.938725, -22.2327969], [-45.9383572, -22.2332495], [-45.9381777, -22.233341], [-45.9363395, -22.235484], [-45.9356473, -22.2349825], [-45.9356261, -22.2350054], [-45.9353451, -22.2353098], [-45.9351988, -22.2352527], [-45.9349751, -22.2351501], [-45.9346997, -22.2350034], [-45.9343444, -22.2347569], [-45.9335704, -22.2342187], [-45.9333988, -22.2340328], [-45.933055, -22.2337416]]]}}, {"type": "Feature", "properties": {"name": "Quadrante Sudeste", "kind": "quadrante", "place": null, "admin_level": "9", "osm_id": "relation/6888975", "label_lon": -45.920859, "label_lat": -22.263875}, "geometry": {"type": "Polygon", "coordinates": [[[-45.936692, -22.2452047], [-45.9368064, -22.2463789], [-45.9369898, -22.2477206], [-45.9371654, -22.2495732], [-45.937418, -22.2502866], [-45.9350951, -22.2499151], [-45.9346327, -22.2499337], [-45.9340846, -22.2500985], [-45.9337597, -22.2502926], [-45.9329409, -22.2508449], [-45.9326208, -22.2510414], [-45.9320577, -22.2514718], [-45.932187, -22.2518076], [-45.9321808, -22.2525045], [-45.9321691, -22.2530446], [-45.9321456, -22.2532753], [-45.9321188, -22.2534906], [-45.9320079, -22.2541106], [-45.9319903, -22.2542091], [-45.9319922, -22.2544093], [-45.9319168, -22.2545978], [-45.9317181, -22.2551394], [-45.9315053, -22.2558519], [-45.9314262, -22.2561538], [-45.9312258, -22.2569604], [-45.9310872, -22.2576853], [-45.9307863, -22.2584525], [-45.9307435, -22.2588378], [-45.9307009, -22.2594185], [-45.9306262, -22.2598554], [-45.9305798, -22.2604403], [-45.9305388, -22.2608056], [-45.9305164, -22.2612479], [-45.9303894, -22.261564], [-45.9298846, -22.2622804], [-45.9295454, -22.2628102], [-45.929287, -22.2632611], [-45.9290091, -22.2637054], [-45.9286397, -22.2643544], [-45.9283185, -22.2649234], [-45.9271973, -22.266853], [-45.9261482, -22.2683914], [-45.9258849, -22.2686945], [-45.9255936, -22.2689975], [-45.9250273, -22.269504], [-45.9238267, -22.2706097], [-45.923746, -22.2706933], [-45.9236338, -22.2708399], [-45.9235127, -22.2710054], [-45.9230541, -22.2716201], [-45.922925, -22.2717983], [-45.9221027, -22.2729332], [-45.9214554, -22.2738267], [-45.9210962, -22.2743528], [-45.9209454, -22.2745824], [-45.9207958, -22.2748302], [-45.9207678, -22.2748184], [-45.9207371, -22.2748156], [-45.9207071, -22.2748221], [-45.920681, -22.2748371], [-45.9206615, -22.2748591], [-45.9206506, -22.2748858], [-45.9206496, -22.2749142], [-45.9206585, -22.2749415], [-45.9206765, -22.2749646], [-45.9207026, -22.2749817], [-45.9207333, -22.2749897], [-45.9207652, -22.2749878], [-45.9207946, -22.2749762], [-45.9208181, -22.2749561], [-45.9209474, -22.2750611], [-45.9211052, -22.2751845], [-45.9213643, -22.275387], [-45.9215322, -22.2757594], [-45.920767, -22.2759246], [-45.9201614, -22.2760533], [-45.9199706, -22.2761198], [-45.9197921, -22.2763569], [-45.9195272, -22.2767173], [-45.9192579, -22.2770778], [-45.9189961, -22.2774349], [-45.9187186, -22.2777996], [-45.9184407, -22.2781655], [-45.9181776, -22.2785244], [-45.9179046, -22.278893], [-45.9176493, -22.2792415], [-45.9173773, -22.2796049], [-45.9181586, -22.2801078], [-45.9176954, -22.280727], [-45.9172985, -22.2812596], [-45.9165673, -22.2807685], [-45.9160685, -22.2814347], [-45.9157345, -22.2818761], [-45.9153915, -22.2823415], [-45.9152889, -22.2824898], [-45.9145354, -22.2830989], [-45.9144719, -22.2832702], [-45.9128959, -22.284626], [-45.9121531, -22.2852137], [-45.9121518, -22.2852147], [-45.9104043, -22.2837283], [-45.9096978, -22.2831356], [-45.9093143, -22.2828138], [-45.9089437, -22.282503], [-45.9070373, -22.2808962], [-45.9064552, -22.2804628], [-45.9045088, -22.2787823], [-45.9022884, -22.2767728], [-45.9034428, -22.274941], [-45.9044435, -22.2741277], [-45.9050911, -22.2739257], [-45.9061224, -22.2742415], [-45.9066808, -22.2744981], [-45.9094575, -22.2765664], [-45.9095616, -22.276644], [-45.9155283, -22.2659672], [-45.9173932, -22.2665964], [-45.9181617, -22.2665297], [-45.9188389, -22.2662646], [-45.9194904, -22.2653206], [-45.9202506, -22.2647792], [-45.9206295, -22.2640144], [-45.9207084, -22.2638551], [-45.9212999, -22.2609664], [-45.9211746, -22.2607967], [-45.9200212, -22.2592343], [-45.9197042, -22.2580981], [-45.9187289, -22.2572184], [-45.9185605, -22.2569806], [-45.9185514, -22.2566601], [-45.9188937, -22.2554975], [-45.9188206, -22.2551783], [-45.9186201, -22.2549115], [-45.9172985, -22.2541011], [-45.9171519, -22.2538083], [-45.9167597, -22.2522297], [-45.916708, -22.2520218], [-45.9167079, -22.2518002], [-45.9167068, -22.2477885], [-45.9180535, -22.247742], [-45.926758, -22.2474414], [-45.9278342, -22.2478865], [-45.9280471, -22.2479848], [-45.9282742, -22.2480614], [-45.928707, -22.2482976], [-45.9300031, -22.2489549], [-45.9304568, -22.2491442], [-45.9304532, -22.24868], [-45.9306115, -22.248047], [-45.9306865, -22.2479028], [-45.9307622, -22.247909], [-45.9308581, -22.2475705], [-45.9308656, -22.2469995], [-45.9309248, -22.2465094], [-45.9309638, -22.2461578], [-45.930987, -22.2459018], [-45.9310256, -22.2454955], [-45.9315178, -22.2455501], [-45.9317472, -22.2456002], [-45.9319835, -22.2457172], [-45.9321591, -22.2457853], [-45.9324806, -22.2457451], [-45.9327221, -22.2457329], [-45.9328299, -22.2456504], [-45.932855, -22.245408], [-45.9329553, -22.2448898], [-45.9337618, -22.2449334], [-45.9354961, -22.2451071], [-45.9359557, -22.245174], [-45.936692, -22.2452047]]]}}, {"type": "Feature", "properties": {"name": "Quadrante Sudoeste", "kind": "quadrante", "place": null, "admin_level": "9", "osm_id": "relation/6888973", "label_lon": -45.930235, "label_lat": -22.274061}, "geometry": {"type": "Polygon", "coordinates": [[[-45.920767, -22.2759246], [-45.9215322, -22.2757594], [-45.9213643, -22.275387], [-45.9211052, -22.2751845], [-45.9209474, -22.2750611], [-45.9208181, -22.2749561], [-45.9207946, -22.2749762], [-45.9207652, -22.2749878], [-45.9207333, -22.2749897], [-45.9207026, -22.2749817], [-45.9206765, -22.2749646], [-45.9206585, -22.2749415], [-45.9206496, -22.2749142], [-45.9206506, -22.2748858], [-45.9206615, -22.2748591], [-45.920681, -22.2748371], [-45.9207071, -22.2748221], [-45.9207371, -22.2748156], [-45.9207678, -22.2748184], [-45.9207958, -22.2748302], [-45.9209454, -22.2745824], [-45.9210962, -22.2743528], [-45.9214554, -22.2738267], [-45.9221027, -22.2729332], [-45.922925, -22.2717983], [-45.9230541, -22.2716201], [-45.9235127, -22.2710054], [-45.9236338, -22.2708399], [-45.923746, -22.2706933], [-45.9238267, -22.2706097], [-45.9250273, -22.269504], [-45.9255936, -22.2689975], [-45.9258849, -22.2686945], [-45.9261482, -22.2683914], [-45.9271973, -22.266853], [-45.9283185, -22.2649234], [-45.9286397, -22.2643544], [-45.9290091, -22.2637054], [-45.929287, -22.2632611], [-45.9295454, -22.2628102], [-45.9298846, -22.2622804], [-45.9303894, -22.261564], [-45.9305164, -22.2612479], [-45.9305388, -22.2608056], [-45.9305798, -22.2604403], [-45.9306262, -22.2598554], [-45.9307009, -22.2594185], [-45.9307435, -22.2588378], [-45.9307863, -22.2584525], [-45.9310872, -22.2576853], [-45.9312258, -22.2569604], [-45.9314262, -22.2561538], [-45.9315053, -22.2558519], [-45.9317181, -22.2551394], [-45.9319168, -22.2545978], [-45.9319922, -22.2544093], [-45.9319903, -22.2542091], [-45.9320079, -22.2541106], [-45.9321188, -22.2534906], [-45.9321456, -22.2532753], [-45.9321691, -22.2530446], [-45.9321808, -22.2525045], [-45.932187, -22.2518076], [-45.9320577, -22.2514718], [-45.9326208, -22.2510414], [-45.9329409, -22.2508449], [-45.9337597, -22.2502926], [-45.9340846, -22.2500985], [-45.9346327, -22.2499337], [-45.9350951, -22.2499151], [-45.937418, -22.2502866], [-45.9382952, -22.2501607], [-45.9389643, -22.2500671], [-45.939154, -22.2501662], [-45.9387778, -22.2525959], [-45.9385766, -22.2554553], [-45.9385419, -22.2587511], [-45.9388686, -22.2591391], [-45.9390974, -22.2595345], [-45.9392822, -22.2598399], [-45.9395111, -22.260274], [-45.939743, -22.260168], [-45.9414933, -22.2573702], [-45.9423841, -22.2590246], [-45.943049, -22.260083], [-45.9434529, -22.2612481], [-45.9436534, -22.261654], [-45.9439892, -22.2623303], [-45.9443695, -22.262774], [-45.9446706, -22.2631147], [-45.9447895, -22.2634316], [-45.944734, -22.2638754], [-45.9446944, -22.2641844], [-45.9445121, -22.2643904], [-45.9442982, -22.2643983], [-45.944108, -22.2642478], [-45.944013, -22.2640259], [-45.9439258, -22.2634633], [-45.9434504, -22.2630909], [-45.9433157, -22.263606], [-45.9432681, -22.2639387], [-45.9432365, -22.2643904], [-45.9432523, -22.2647073], [-45.9432681, -22.2650084], [-45.9432681, -22.2653808], [-45.9495204, -22.2676725], [-45.9504412, -22.2697063], [-45.9511739, -22.2713245], [-45.9512035, -22.2720405], [-45.9509816, -22.2723891], [-45.9505696, -22.2727061], [-45.9501734, -22.2729755], [-45.9497773, -22.273229], [-45.9493692, -22.2736291], [-45.9490919, -22.2734786], [-45.948668, -22.2732924], [-45.9484144, -22.273229], [-45.9481411, -22.2731141], [-45.9478954, -22.2730428], [-45.947527, -22.2729755], [-45.9436322, -22.2738059], [-45.9421623, -22.2739157], [-45.940379, -22.2794955], [-45.9403715, -22.2800165], [-45.9403428, -22.2802219], [-45.9401715, -22.2805201], [-45.9399534, -22.2807229], [-45.9397856, -22.2808838], [-45.9332258, -22.2827908], [-45.9308364, -22.2835974], [-45.9293954, -22.2840741], [-45.9280801, -22.2796539], [-45.9250834, -22.275317], [-45.9249325, -22.2755289], [-45.9247896, -22.2759655], [-45.9247218, -22.2764037], [-45.9245347, -22.2768855], [-45.9245652, -22.2775645], [-45.924663, -22.2776894], [-45.9249227, -22.2778943], [-45.9251665, -22.278382], [-45.9251615, -22.2790877], [-45.9251776, -22.2795459], [-45.9251554, -22.2799228], [-45.9253328, -22.2804992], [-45.9253447, -22.2812633], [-45.9252577, -22.2818129], [-45.9250557, -22.2824834], [-45.9248455, -22.2835213], [-45.9247675, -22.2841572], [-45.924731, -22.2845427], [-45.9248867, -22.2851289], [-45.9246566, -22.2860306], [-45.9247218, -22.2865534], [-45.9247676, -22.2869931], [-45.9248088, -22.2871442], [-45.9249002, -22.2874643], [-45.924967, -22.2877709], [-45.9241259, -22.2878007], [-45.9218069, -22.287917], [-45.9212207, -22.2951332], [-45.9201588, -22.2950934], [-45.9198952, -22.2950836], [-45.9178432, -22.2950068], [-45.9177625, -22.294656], [-45.9175406, -22.2945315], [-45.9167101, -22.29418], [-45.9156067, -22.2937282], [-45.9151332, -22.2935936], [-45.9144204, -22.2936076], [-45.9140335, -22.2940051], [-45.9129476, -22.2951208], [-45.9123992, -22.2957087], [-45.9111472, -22.2970509], [-45.9106331, -22.2974989], [-45.9097962, -22.2963623], [-45.9086912, -22.2939054], [-45.9077306, -22.292888], [-45.9080664, -22.2925762], [-45.9083902, -22.2922982], [-45.9085555, -22.2921455], [-45.9086888, -22.2919683], [-45.908778, -22.2918437], [-45.9088517, -22.2917185], [-45.9089349, -22.2915422], [-45.9089936, -22.2913479], [-45.9090033, -22.2913058], [-45.9090382, -22.2911551], [-45.9090709, -22.2909636], [-45.9091455, -22.2904788], [-45.9092218, -22.290076], [-45.9092769, -22.2898336], [-45.9094298, -22.2892974], [-45.9095585, -22.2888594], [-45.9098061, -22.2880568], [-45.9098912, -22.2878667], [-45.9101218, -22.2873927], [-45.9104035, -22.286946], [-45.9105644, -22.2867238], [-45.9105978, -22.2866847], [-45.9107508, -22.2865054], [-45.9109989, -22.2862261], [-45.9111867, -22.2860152], [-45.9115644, -22.2857019], [-45.9121518, -22.2852147], [-45.9121531, -22.2852137], [-45.9128959, -22.284626], [-45.9144719, -22.2832702], [-45.9145354, -22.2830989], [-45.9152889, -22.2824898], [-45.9153915, -22.2823415], [-45.9157345, -22.2818761], [-45.9160685, -22.2814347], [-45.9165673, -22.2807685], [-45.9172985, -22.2812596], [-45.9176954, -22.280727], [-45.9181586, -22.2801078], [-45.9173773, -22.2796049], [-45.9176493, -22.2792415], [-45.9179046, -22.278893], [-45.9181776, -22.2785244], [-45.9184407, -22.2781655], [-45.9187186, -22.2777996], [-45.9189961, -22.2774349], [-45.9192579, -22.2770778], [-45.9195272, -22.2767173], [-45.9197921, -22.2763569], [-45.9199706, -22.2761198], [-45.9201614, -22.2760533], [-45.920767, -22.2759246]]]}}, {"type": "Feature", "properties": {"name": "São José do Pântano", "kind": "quadrante", "place": null, "admin_level": "9", "osm_id": "relation/5172543", "label_lon": -46.004455, "label_lat": -22.315725}, "geometry": {"type": "Polygon", "coordinates": [[[-46.00923, -22.401516], [-46.009589, -22.401057], [-46.009985, -22.400322], [-46.010518, -22.399106], [-46.010617, -22.398819], [-46.010629, -22.398532], [-46.0120511, -22.3965864], [-46.0127699, -22.3952572], [-46.012846, -22.39363], [-46.013255, -22.392506], [-46.013391, -22.392299], [-46.013553, -22.391254], [-46.013726, -22.390554], [-46.014024, -22.389693], [-46.014074, -22.389199], [-46.014309, -22.388683], [-46.014532, -22.387822], [-46.014768, -22.387236], [-46.014817, -22.386915], [-46.014807, -22.385686], [-46.014672, -22.384939], [-46.014536, -22.384491], [-46.014438, -22.383756], [-46.014416, -22.382206], [-46.01454, -22.381563], [-46.014775, -22.380909], [-46.015295, -22.380186], [-46.015579, -22.379681], [-46.01689, -22.377661], [-46.017361, -22.37672], [-46.017782, -22.37548], [-46.01787, -22.374344], [-46.017871, -22.373195], [-46.017921, -22.372954], [-46.018292, -22.372059], [-46.018675, -22.371703], [-46.018922, -22.371692], [-46.019441, -22.371716], [-46.020527, -22.372004], [-46.021033, -22.372211], [-46.021576, -22.372499], [-46.022551, -22.373143], [-46.023155, -22.373625], [-46.023488, -22.373764], [-46.024254, -22.373707], [-46.025044, -22.373444], [-46.025465, -22.373111], [-46.025625, -22.372904], [-46.0264316, -22.3723669], [-46.027639, -22.371563], [-46.028072, -22.371345], [-46.028825, -22.370852], [-46.030148, -22.369636], [-46.030655, -22.369016], [-46.031891, -22.367858], [-46.032706, -22.367296], [-46.033299, -22.366722], [-46.03346, -22.366493], [-46.033806, -22.366148], [-46.034919, -22.364634], [-46.035389, -22.363463], [-46.036082, -22.362464], [-46.03628, -22.362235], [-46.036749, -22.361833], [-46.037589, -22.361352], [-46.037898, -22.361122], [-46.038453, -22.3606], [-46.038306, -22.360319], [-46.038195, -22.360124], [-46.038109, -22.359917], [-46.037936, -22.359767], [-46.037764, -22.359607], [-46.037765, -22.358768], [-46.037777, -22.358504], [-46.037864, -22.358263], [-46.037951, -22.358045], [-46.038087, -22.357815], [-46.038223, -22.357609], [-46.038309, -22.357379], [-46.038421, -22.357127], [-46.03852, -22.356897], [-46.038631, -22.356691], [-46.038755, -22.356381], [-46.038866, -22.356094], [-46.03899, -22.355795], [-46.039089, -22.355589], [-46.03925, -22.35529], [-46.039386, -22.355061], [-46.039571, -22.354831], [-46.039645, -22.354602], [-46.039745, -22.354303], [-46.039844, -22.354016], [-46.039943, -22.353718], [-46.039992, -22.353488], [-46.040042, -22.353029], [-46.040042, -22.352788], [-46.039969, -22.352305], [-46.03997, -22.351226], [-46.039946, -22.350766], [-46.039934, -22.350491], [-46.039934, -22.349985], [-46.03991, -22.349756], [-46.039898, -22.349515], [-46.039873, -22.349078], [-46.039837, -22.34878], [-46.039825, -22.348493], [-46.039837, -22.348102], [-46.039887, -22.347873], [-46.039863, -22.347631], [-46.039801, -22.347333], [-46.03974, -22.347023], [-46.039666, -22.346701], [-46.039642, -22.346402], [-46.039568, -22.346092], [-46.039482, -22.345863], [-46.039358, -22.345644], [-46.039285, -22.345346], [-46.039223, -22.34507], [-46.039137, -22.344783], [-46.039063, -22.344473], [-46.038916, -22.343875], [-46.038842, -22.343623], [-46.038793, -22.343359], [-46.038769, -22.343071], [-46.03877, -22.341877], [-46.038795, -22.341579], [-46.038844, -22.341349], [-46.038956, -22.341062], [-46.038958, -22.338788], [-46.038934, -22.338352], [-46.038922, -22.338065], [-46.038848, -22.337491], [-46.038812, -22.337215], [-46.038713, -22.336905], [-46.038602, -22.336698], [-46.038516, -22.33648], [-46.038492, -22.336239], [-46.038467, -22.335975], [-46.038455, -22.335699], [-46.038419, -22.335389], [-46.038406, -22.335171], [-46.038394, -22.334872], [-46.038382, -22.334585], [-46.038358, -22.334309], [-46.038297, -22.334045], [-46.038247, -22.33377], [-46.038223, -22.333494], [-46.038223, -22.333115], [-46.038236, -22.332816], [-46.038249, -22.332587], [-46.0382666, -22.3324831], [-46.038286, -22.332369], [-46.03836, -22.332139], [-46.038496, -22.331932], [-46.038595, -22.331726], [-46.038682, -22.331439], [-46.038732, -22.331198], [-46.038781, -22.33098], [-46.03888, -22.330716], [-46.039004, -22.330463], [-46.039115, -22.330245], [-46.039165, -22.330015], [-46.039177, -22.329728], [-46.039252, -22.329487], [-46.039277, -22.329257], [-46.039277, -22.328729], [-46.039265, -22.328488], [-46.039241, -22.32827], [-46.039179, -22.328017], [-46.039118, -22.327753], [-46.039069, -22.327489], [-46.039069, -22.326995], [-46.039082, -22.326742], [-46.039082, -22.326478], [-46.039107, -22.326249], [-46.039157, -22.325939], [-46.039243, -22.325698], [-46.03933, -22.325491], [-46.039466, -22.325261], [-46.039577, -22.325032], [-46.039689, -22.324733], [-46.039825, -22.324435], [-46.039973, -22.324137], [-46.04006, -22.32393], [-46.040134, -22.323712], [-46.040208, -22.323482], [-46.04027, -22.32323], [-46.040283, -22.322988], [-46.040283, -22.322736], [-46.04037, -22.322357], [-46.040432, -22.322127], [-46.040506, -22.321909], [-46.040704, -22.321312], [-46.040754, -22.321002], [-46.040779, -22.320715], [-46.040779, -22.320417], [-46.040767, -22.320118], [-46.040767, -22.31982], [-46.040755, -22.31959], [-46.040706, -22.31936], [-46.040682, -22.319096], [-46.040657, -22.318855], [-46.040633, -22.318556], [-46.040621, -22.318338], [-46.040634, -22.318028], [-46.040597, -22.317775], [-46.04056, -22.317557], [-46.040523, -22.317213], [-46.040474, -22.316948], [-46.040462, -22.316661], [-46.040462, -22.316432], [-46.040475, -22.316213], [-46.040537, -22.315938], [-46.040636, -22.31572], [-46.040772, -22.31549], [-46.040908, -22.315284], [-46.041069, -22.315077], [-46.041266, -22.31494], [-46.041501, -22.314802], [-46.041748, -22.314676], [-46.041982, -22.31455], [-46.042476, -22.31432], [-46.042711, -22.314206], [-46.042958, -22.314045], [-46.043242, -22.313885], [-46.043514, -22.313747], [-46.043872, -22.31361], [-46.044106, -22.313564], [-46.044353, -22.313415], [-46.044612, -22.313266], [-46.044859, -22.313128], [-46.045082, -22.313048], [-46.045378, -22.313037], [-46.045649, -22.312945], [-46.045859, -22.312842], [-46.046082, -22.312739], [-46.046316, -22.312624], [-46.046563, -22.312487], [-46.046798, -22.312315], [-46.047057, -22.312108], [-46.047292, -22.31189], [-46.04749, -22.31173], [-46.047687, -22.311535], [-46.047873, -22.311351], [-46.048169, -22.311087], [-46.048342, -22.310904], [-46.048552, -22.310731], [-46.048737, -22.310571], [-46.048947, -22.31041], [-46.049145, -22.310273], [-46.049367, -22.310124], [-46.049614, -22.309974], [-46.049873, -22.309837], [-46.05012, -22.309722], [-46.050367, -22.309642], [-46.050614, -22.309596], [-46.050861, -22.309493], [-46.05112, -22.309413], [-46.051515, -22.309264], [-46.051762, -22.309161], [-46.051997, -22.309069], [-46.05233, -22.308955], [-46.052589, -22.308863], [-46.052873, -22.30876], [-46.053157, -22.308668], [-46.053429, -22.308588], [-46.053663, -22.308531], [-46.053898, -22.308462], [-46.054182, -22.308359], [-46.054441, -22.308267], [-46.054676, -22.308176], [-46.054923, -22.308084], [-46.055108, -22.307878], [-46.055318, -22.30774], [-46.055528, -22.307625], [-46.055738, -22.307499], [-46.055935, -22.307327], [-46.056071, -22.307132], [-46.056158, -22.306891], [-46.056109, -22.306615], [-46.056121, -22.306328], [-46.056121, -22.306041], [-46.056097, -22.305823], [-46.056073, -22.305559], [-46.056048, -22.305283], [-46.056011, -22.305007], [-46.05595, -22.304743], [-46.055802, -22.304169], [-46.055716, -22.303905], [-46.055667, -22.303629], [-46.055606, -22.303365], [-46.055544, -22.303089], [-46.05547, -22.302814], [-46.055446, -22.302527], [-46.055459, -22.302274], [-46.055446, -22.30201], [-46.055397, -22.301757], [-46.055361, -22.301527], [-46.055311, -22.301275], [-46.055275, -22.301034], [-46.05525, -22.300781], [-46.055238, -22.300517], [-46.055164, -22.300184], [-46.055091, -22.299874], [-46.05498, -22.299621], [-46.054894, -22.299414], [-46.054771, -22.299047], [-46.054672, -22.298805], [-46.054586, -22.298553], [-46.054475, -22.298311], [-46.054364, -22.298036], [-46.054266, -22.297771], [-46.054143, -22.297519], [-46.054044, -22.297289], [-46.053933, -22.296944], [-46.053872, -22.296703], [-46.053798, -22.296485], [-46.053737, -22.296255], [-46.053663, -22.296037], [-46.053626, -22.295796], [-46.053552, -22.295532], [-46.053454, -22.295256], [-46.053355, -22.294934], [-46.053183, -22.294337], [-46.053134, -22.29405], [-46.053097, -22.293786], [-46.053098, -22.293005], [-46.05316, -22.292718], [-46.053259, -22.292488], [-46.053395, -22.292282], [-46.053543, -22.292064], [-46.053691, -22.29188], [-46.05384, -22.291673], [-46.054037, -22.291455], [-46.054161, -22.29126], [-46.054358, -22.291077], [-46.054544, -22.290928], [-46.054704, -22.290698], [-46.05489, -22.290526], [-46.055124, -22.290285], [-46.055334, -22.290124], [-46.055606, -22.289987], [-46.055853, -22.289849], [-46.05605, -22.289712], [-46.056297, -22.289586], [-46.056519, -22.289482], [-46.056791, -22.289345], [-46.057013, -22.289219], [-46.05726, -22.289081], [-46.057519, -22.288932], [-46.057779, -22.28876], [-46.058013, -22.288622], [-46.058235, -22.288439], [-46.058408, -22.28829], [-46.0585533, -22.2881549], [-46.058594, -22.288117], [-46.058841, -22.287877], [-46.059038, -22.287681], [-46.059248, -22.287509], [-46.059446, -22.287349], [-46.059668, -22.287154], [-46.059878, -22.28697], [-46.060063, -22.28681], [-46.060322, -22.286695], [-46.06052, -22.286534], [-46.060742, -22.286362], [-46.060903, -22.286179], [-46.061039, -22.285995], [-46.061162, -22.285742], [-46.061261, -22.285536], [-46.06136, -22.285272], [-46.061447, -22.284985], [-46.061484, -22.284755], [-46.061521, -22.284537], [-46.061571, -22.284238], [-46.06162, -22.284009], [-46.06167, -22.283768], [-46.06172, -22.283538], [-46.061769, -22.283285], [-46.062017, -22.282137], [-46.062054, -22.281908], [-46.062104, -22.281655], [-46.062178, -22.281368], [-46.062252, -22.28115], [-46.062363, -22.280943], [-46.062462, -22.280714], [-46.062561, -22.280496], [-46.062636, -22.280266], [-46.062734, -22.280059], [-46.062833, -22.27983], [-46.062945, -22.279612], [-46.063068, -22.279394], [-46.063229, -22.279164], [-46.063389, -22.278923], [-46.063513, -22.278728], [-46.064, -22.2784054], [-46.0635921, -22.2784141], [-46.0627628, -22.278342], [-46.0622862, -22.2783919], [-46.062062, -22.2785516], [-46.0604897, -22.2786439], [-46.0601436, -22.2786005], [-46.0597579, -22.278667], [-46.0589601, -22.2779341], [-46.0584614, -22.2777387], [-46.0581387, -22.2778038], [-46.057951, -22.2777875], [-46.0577104, -22.2775595], [-46.0575047, -22.2774911], [-46.0571883, -22.2773858], [-46.0565899, -22.2771795], [-46.0562026, -22.276794], [-46.0556218, -22.2764954], [-46.0549584, -22.2757417], [-46.0542666, -22.2757734], [-46.0535215, -22.2756051], [-46.0527823, -22.2755942], [-46.0523775, -22.275692], [-46.0520313, -22.2756757], [-46.0516324, -22.2752848], [-46.0512393, -22.2753173], [-46.051034, -22.2755345], [-46.0502191, -22.2758147], [-46.049755, -22.2759743], [-46.0493912, -22.2762674], [-46.0488808, -22.2765334], [-46.048523, -22.2771415], [-46.0482003, -22.2773424], [-46.046188, -22.2776518], [-46.0459298, -22.2778527], [-46.0456599, -22.2779938], [-46.0444584, -22.2779906], [-46.0439656, -22.2783055], [-46.0428998, -22.2786584], [-46.0426177, -22.2786882], [-46.0424363, -22.2787073], [-46.0422617, -22.278659], [-46.0419846, -22.2785824], [-46.0415974, -22.278653], [-46.0412571, -22.2786638], [-46.0407056, -22.2788158], [-46.0404005, -22.2789407], [-46.0400955, -22.2788158], [-46.0397904, -22.2785498], [-46.0393445, -22.2779255], [-46.038969, -22.2776866], [-46.0389573, -22.2771383], [-46.0386188, -22.2769599], [-46.0383118, -22.2766527], [-46.0380463, -22.2765913], [-46.0377103, -22.2766604], [-46.0373494, -22.2765529], [-46.0369221, -22.2763226], [-46.0361131, -22.2761844], [-46.0355486, -22.2763473], [-46.0353415, -22.2764071], [-46.0347856, -22.276338], [-46.0342878, -22.2759234], [-46.0340057, -22.2758159], [-46.0335328, -22.2757161], [-46.032421, -22.2752861], [-46.0317738, -22.2751709], [-46.0307699, -22.2754166], [-46.030131, -22.2762305], [-46.0299153, -22.2767526], [-46.0295619, -22.2778098], [-46.0293711, -22.277994], [-46.028948, -22.2780862], [-46.0277034, -22.2785929], [-46.0251231, -22.2780554], [-46.0249133, -22.2779457], [-46.0245506, -22.277756], [-46.0240864, -22.2772862], [-46.0222055, -22.2768361], [-46.0190527, -22.2750472], [-46.0186544, -22.2750011], [-46.0180239, -22.2751163], [-46.0177663, -22.2751163], [-46.0176339, -22.2751163], [-46.0171907, -22.2750456], [-46.0166769, -22.2747489], [-46.0163035, -22.2747067], [-46.0159882, -22.274461], [-46.0155485, -22.2743305], [-46.0151502, -22.2743151], [-46.0147935, -22.2744994], [-46.0143462, -22.2744829], [-46.0141712, -22.2744764], [-46.0133498, -22.2745838], [-46.0117561, -22.2732678], [-46.0112744, -22.27287], [-46.0084055, -22.2705008], [-46.0077991, -22.2700001], [-46.0074506, -22.2699847], [-46.0072515, -22.2697621], [-46.0071934, -22.2689482], [-46.0062974, -22.2686411], [-46.0060319, -22.268119], [-46.005086, -22.2675431], [-46.0041236, -22.2657157], [-46.003918, -22.2655139], [-46.0038498, -22.2654469], [-46.0034515, -22.2653394], [-46.0020327, -22.2644257], [-46.0003153, -22.2631588], [-45.9992532, -22.2627441], [-45.9980336, -22.2612545], [-45.9970794, -22.2601795], [-45.9955923, -22.2590118], [-45.9951628, -22.2586745], [-45.993686, -22.2583443], [-45.9922755, -22.2588664], [-45.9912384, -22.2588281], [-45.9880765, -22.2582721], [-45.9878094, -22.2582156], [-45.9876316, -22.2580646], [-45.9876099, -22.2577677], [-45.9875133, -22.2574749], [-45.9875539, -22.2572908], [-45.9876973, -22.2570123], [-45.9876815, -22.2566758], [-45.9877223, -22.2564673], [-45.9877635, -22.2563896], [-45.9877823, -22.2563119], [-45.987735, -22.2562219], [-45.987675, -22.2561377], [-45.9876123, -22.2560618], [-45.9874295, -22.2559899], [-45.9871525, -22.2559048], [-45.9864976, -22.255483], [-45.9863816, -22.2554083], [-45.9861328, -22.2552678], [-45.9859757, -22.255222], [-45.9858441, -22.255253], [-45.9856862, -22.2553455], [-45.9856034, -22.2555134], [-45.9855713, -22.2556892], [-45.9855196, -22.2557523], [-45.9854108, -22.2557877], [-45.98527, -22.2557419], [-45.9851245, -22.255702], [-45.984899, -22.2556206], [-45.9847997, -22.2555032], [-45.9847121, -22.2554719], [-45.984545, -22.2554617], [-45.9844318, -22.2555358], [-45.9842872, -22.2556275], [-45.9841082, -22.2558462], [-45.9839696, -22.2560963], [-45.9837992, -22.2563297], [-45.9836006, -22.2565375], [-45.9833781, -22.2566793], [-45.9829534, -22.2567116], [-45.9826976, -22.2567357], [-45.9824736, -22.2566668], [-45.9822792, -22.256624], [-45.9820848, -22.2566505], [-45.981811, -22.2566056], [-45.9815905, -22.2563295], [-45.9814829, -22.2562547], [-45.9813609, -22.2562209], [-45.9811735, -22.2562783], [-45.9811075, -22.2564339], [-45.9811001, -22.2566074], [-45.9810243, -22.2566966], [-45.9809188, -22.2567224], [-45.9808186, -22.2567234], [-45.9806043, -22.2566227], [-45.9805334, -22.2563914], [-45.9804836, -22.2561518], [-45.9803448, -22.2559577], [-45.9801841, -22.2557654], [-45.9800002, -22.2556145], [-45.9799117, -22.25543], [-45.9798658, -22.2551687], [-45.979902, -22.2549464], [-45.9799515, -22.2547353], [-45.9798995, -22.2545851], [-45.979829, -22.2541708], [-45.9797529, -22.2537774], [-45.9796744, -22.2536116], [-45.9795323, -22.2535274], [-45.9793008, -22.2534511], [-45.9791329, -22.2533458], [-45.9789148, -22.2532292], [-45.9787356, -22.2530744], [-45.9786219, -22.2529942], [-45.9784473, -22.2529092], [-45.9783088, -22.2528325], [-45.9781305, -22.2527216], [-45.977959, -22.252644], [-45.9778277, -22.2526037], [-45.9776581, -22.2525679], [-45.9774455, -22.2525916], [-45.9770985, -22.2526605], [-45.97673, -22.2526947], [-45.9762768, -22.2528146], [-45.9759316, -22.2529111], [-45.9756514, -22.2529858], [-45.9754879, -22.2529782], [-45.9752626, -22.2529433], [-45.9749099, -22.2528224], [-45.9743779, -22.2524871], [-45.9739216, -22.2521893], [-45.9737489, -22.2520963], [-45.9735728, -22.2520625], [-45.973233, -22.2520865], [-45.9729023, -22.2520735], [-45.9726569, -22.2519679], [-45.9723633, -22.25184], [-45.9719978, -22.251762], [-45.9717385, -22.2517649], [-45.9715907, -22.2517812], [-45.9712823, -22.2518555], [-45.9709443, -22.2519992], [-45.9706063, -22.2521623], [-45.9702035, -22.2522821], [-45.9698296, -22.2523387], [-45.9694484, -22.2523727], [-45.9689306, -22.252362], [-45.9682473, -22.2524101], [-45.9679093, -22.2524277], [-45.9677804, -22.252442], [-45.9675714, -22.2524652], [-45.9670248, -22.2525683], [-45.9668558, -22.2526482], [-45.9666832, -22.2527048], [-45.9664606, -22.2527477], [-45.9663049, -22.2527477], [-45.9661574, -22.2527179], [-45.9658395, -22.2527281], [-45.9655137, -22.2527954], [-45.965195, -22.2528465], [-45.9648818, -22.2528627], [-45.9646274, -22.2528504], [-45.9644502, -22.2528419], [-45.9641466, -22.2528265], [-45.9637994, -22.2528678], [-45.9635413, -22.25287], [-45.9634184, -22.2527731], [-45.9634208, -22.2526387], [-45.9633857, -22.2525141], [-45.9632708, -22.2524385], [-45.9631975, -22.252429], [-45.9629113, -22.2523919], [-45.9623863, -22.2523653], [-45.962095, -22.2524186], [-45.9618361, -22.252555], [-45.9614334, -22.2526748], [-45.9609767, -22.252798], [-45.9605632, -22.2529976], [-45.9603738, -22.2531077], [-45.9602012, -22.2531676], [-45.9599351, -22.2532209], [-45.9594964, -22.253374], [-45.9594249, -22.2534049], [-45.959011, -22.2535836], [-45.958601, -22.2537068], [-45.958263, -22.2537201], [-45.957979, -22.2536136], [-45.9577074, -22.2534172], [-45.9576661, -22.2533873], [-45.9573209, -22.253131], [-45.9569256, -22.2527438], [-45.956638, -22.252393], [-45.956391, -22.252428], [-45.95617, -22.252556], [-45.955935, -22.252603], [-45.955922, -22.25235], [-45.955724, -22.252224], [-45.955477, -22.252259], [-45.955243, -22.252295], [-45.9551631, -22.2522719], [-45.955008, -22.252227], [-45.954773, -22.252262], [-45.954429, -22.252631], [-45.954232, -22.252782], [-45.953789, -22.25299], [-45.953592, -22.25314], [-45.953445, -22.253578], [-45.953409, -22.253808], [-45.953411, -22.254061], [-45.953375, -22.254279], [-45.953203, -22.254464], [-45.953204, -22.254694], [-45.953118, -22.254901], [-45.952921, -22.255086], [-45.952762, -22.255259], [-45.952664, -22.255477], [-45.95264, -22.255719], [-45.952616, -22.255949], [-45.95258, -22.256167], [-45.952606, -22.256409], [-45.952706, -22.256627], [-45.952818, -22.256845], [-45.952967, -22.257028], [-45.953276, -22.257096], [-45.953499, -22.257175], [-45.953648, -22.257382], [-45.953748, -22.257611], [-45.953835, -22.257829], [-45.953947, -22.258059], [-45.953998, -22.2583], [-45.95411, -22.258518], [-45.954222, -22.258724], [-45.954309, -22.258965], [-45.954434, -22.25916], [-45.954571, -22.259366], [-45.95472, -22.259584], [-45.954844, -22.259791], [-45.954907, -22.260043], [-45.954982, -22.260284], [-45.955057, -22.260503], [-45.95528, -22.260651], [-45.955528, -22.260754], [-45.955627, -22.260972], [-45.955641, -22.261236], [-45.955667, -22.261466], [-45.95568, -22.261718], [-45.955841, -22.261879], [-45.955978, -22.262085], [-45.95609, -22.262303], [-45.956165, -22.262521], [-45.956265, -22.262728], [-45.9562745, -22.2627625], [-45.956328, -22.262957], [-45.956489, -22.263152], [-45.956663, -22.263312], [-45.956713, -22.263542], [-45.956899, -22.263679], [-45.957159, -22.263782], [-45.957345, -22.263988], [-45.957568, -22.264102], [-45.957766, -22.264251], [-45.957915, -22.264434], [-45.957978, -22.264675], [-45.958139, -22.264847], [-45.95819, -22.265076], [-45.958314, -22.265283], [-45.9584359, -22.265312], [-45.958549, -22.265339], [-45.95876, -22.265454], [-45.958847, -22.265683], [-45.958861, -22.265913], [-45.958862, -22.266143], [-45.959023, -22.266303], [-45.959246, -22.266406], [-45.959382, -22.2666], [-45.959507, -22.266795], [-45.959582, -22.267025], [-45.959608, -22.267243], [-45.959584, -22.267473], [-45.959597, -22.267726], [-45.959759, -22.267898], [-45.959981, -22.267977], [-45.960204, -22.268103], [-45.960427, -22.26832], [-45.960626, -22.268446], [-45.960775, -22.268664], [-45.960985, -22.268824], [-45.961024, -22.269054], [-45.961037, -22.269307], [-45.961198, -22.269467], [-45.961421, -22.269558], [-45.961546, -22.269787], [-45.961633, -22.270005], [-45.961634, -22.270235], [-45.96166, -22.270477], [-45.961809, -22.270648], [-45.96202, -22.270831], [-45.962119, -22.271061], [-45.962133, -22.271291], [-45.962122, -22.271509], [-45.962123, -22.271751], [-45.962111, -22.271969], [-45.962113, -22.272452], [-45.96209, -22.272705], [-45.962092, -22.27321], [-45.962155, -22.273429], [-45.962267, -22.273624], [-45.962416, -22.27383], [-45.962627, -22.273978], [-45.962727, -22.274185], [-45.962765, -22.274403], [-45.962766, -22.274645], [-45.962717, -22.274863], [-45.962632, -22.27507], [-45.962571, -22.275312], [-45.962387, -22.275451], [-45.962548, -22.275611], [-45.962734, -22.275806], [-45.962821, -22.276035], [-45.962884, -22.276253], [-45.962898, -22.276495], [-45.962973, -22.276782], [-45.962999, -22.277], [-45.963049, -22.27723], [-45.963087, -22.277448], [-45.963064, -22.277666], [-45.963003, -22.277896], [-45.962992, -22.278126], [-45.963067, -22.278345], [-45.963092, -22.278574], [-45.963069, -22.278793], [-45.963156, -22.278999], [-45.963231, -22.279252], [-45.963134, -22.279482], [-45.963073, -22.279701], [-45.963049, -22.279919], [-45.963075, -22.280138], [-45.963076, -22.280379], [-45.9632, -22.280597], [-45.963263, -22.280838], [-45.963165, -22.281045], [-45.962969, -22.281207], [-45.962821, -22.281403], [-45.962761, -22.281622], [-45.9627, -22.281863], [-45.962578, -22.2823], [-45.962505, -22.282531], [-45.962457, -22.282749], [-45.962409, -22.282991], [-45.962398, -22.283301], [-45.962386, -22.283543], [-45.962425, -22.283761], [-45.962611, -22.283933], [-45.962747, -22.284116], [-45.962773, -22.284346], [-45.962786, -22.284564], [-45.962775, -22.284794], [-45.962702, -22.285036], [-45.962678, -22.285254], [-45.962642, -22.285484], [-45.962607, -22.28576], [-45.962571, -22.286002], [-45.962572, -22.286243], [-45.962696, -22.286461], [-45.962919, -22.286621], [-45.963216, -22.286643], [-45.963389, -22.286803], [-45.963428, -22.287056], [-45.963392, -22.287274], [-45.96338, -22.287516], [-45.963419, -22.287757], [-45.963629, -22.287859], [-45.963655, -22.288089], [-45.963643, -22.288319], [-45.963595, -22.288549], [-45.963522, -22.288871], [-45.963487, -22.289147], [-45.963475, -22.289389], [-45.963439, -22.289619], [-45.963354, -22.289849], [-45.963343, -22.290102], [-45.963344, -22.290366], [-45.96337, -22.290585], [-45.963322, -22.290861], [-45.963261, -22.291102], [-45.963237, -22.291332], [-45.963263, -22.291551], [-45.9634, -22.291734], [-45.963623, -22.291894], [-45.963833, -22.292054], [-45.964032, -22.292214], [-45.964218, -22.292363], [-45.964318, -22.292592], [-45.964356, -22.292822], [-45.964357, -22.293052], [-45.964606, -22.293442], [-45.964681, -22.293683], [-45.964682, -22.293924], [-45.964671, -22.294143], [-45.964659, -22.294373], [-45.964771, -22.294568], [-45.96492, -22.294751], [-45.964983, -22.294981], [-45.965034, -22.295199], [-45.96522, -22.295382], [-45.965467, -22.295484], [-45.965665, -22.29561], [-45.965888, -22.295759], [-45.966025, -22.295976], [-45.966026, -22.296206], [-45.966064, -22.296436], [-45.966164, -22.296642], [-45.966252, -22.296849], [-45.966487, -22.296894], [-45.966733, -22.29687], [-45.96687, -22.297065], [-45.966982, -22.297283], [-45.967144, -22.297489], [-45.967342, -22.297626], [-45.967553, -22.297729], [-45.967776, -22.297889], [-45.968085, -22.298003], [-45.968259, -22.298151], [-45.968358, -22.298358], [-45.968397, -22.298576], [-45.968435, -22.298806], [-45.968497, -22.299035], [-45.968523, -22.299265], [-45.968525, -22.299736], [-45.968403, -22.299955], [-45.968169, -22.300048], [-45.967984, -22.300233], [-45.967862, -22.30044], [-45.967813, -22.300659], [-45.96779, -22.300877], [-45.967717, -22.301153], [-45.967706, -22.301418], [-45.967657, -22.301648], [-45.967535, -22.301867], [-45.967425, -22.302109], [-45.967352, -22.30235], [-45.967291, -22.30258], [-45.967218, -22.302799], [-45.967157, -22.303041], [-45.967146, -22.303294], [-45.967159, -22.303535], [-45.967123, -22.303765], [-45.966989, -22.303961], [-45.966804, -22.304157], [-45.966756, -22.304433], [-45.966745, -22.304652], [-45.966832, -22.304858], [-45.966821, -22.305088], [-45.966908, -22.305341], [-45.967008, -22.30557], [-45.967059, -22.305811], [-45.967097, -22.306075], [-45.967123, -22.306328], [-45.9671324, -22.3064071], [-45.967149, -22.306547], [-45.967162, -22.306765], [-45.967163, -22.307029], [-45.967177, -22.307294], [-45.967227, -22.307546], [-45.96729, -22.307776], [-45.967316, -22.308017], [-45.967441, -22.308235], [-45.967504, -22.308499], [-45.967566, -22.308729], [-45.96758, -22.309005], [-45.967532, -22.309246], [-45.967397, -22.309442], [-45.967249, -22.309615], [-45.96693, -22.309984], [-45.966782, -22.31018], [-45.966635, -22.310365], [-45.966415, -22.310779], [-45.966267, -22.310998], [-45.966157, -22.311206], [-45.966047, -22.311401], [-45.965912, -22.311586], [-45.965765, -22.31177], [-45.96563, -22.311978], [-45.96552, -22.31222], [-45.965398, -22.312657], [-45.965276, -22.312899], [-45.965178, -22.313129], [-45.96508, -22.313371], [-45.965032, -22.313601], [-45.964971, -22.313842], [-45.964973, -22.31436], [-45.965111, -22.314612], [-45.965296, -22.314749], [-45.965416, -22.3148594], [-45.96547, -22.314909], [-45.965607, -22.315116], [-45.965756, -22.315288], [-45.965917, -22.315448], [-45.966141, -22.315642], [-45.966376, -22.315768], [-45.966611, -22.31579], [-45.966846, -22.315858], [-45.967007, -22.31603], [-45.967144, -22.316213], [-45.967244, -22.31642], [-45.967331, -22.316626], [-45.967406, -22.316856], [-45.967457, -22.317085], [-45.967421, -22.317304], [-45.967446, -22.317522], [-45.967449, -22.318028], [-45.967425, -22.318269], [-45.967426, -22.318522], [-45.967477, -22.318752], [-45.967552, -22.318982], [-45.967652, -22.319211], [-45.967826, -22.31944], [-45.967963, -22.319635], [-45.968013, -22.319888], [-45.968051, -22.320129], [-45.968077, -22.320393], [-45.96814, -22.320611], [-45.968252, -22.320852], [-45.968365, -22.321059], [-45.96839, -22.321277], [-45.968428, -22.321507], [-45.96843, -22.321748], [-45.968443, -22.321966], [-45.968641, -22.322115], [-45.968889, -22.322172], [-45.969062, -22.322343], [-45.969187, -22.322573], [-45.969274, -22.322779], [-45.969325, -22.323009], [-45.969363, -22.323227], [-45.969426, -22.323491], [-45.969489, -22.323721], [-45.969564, -22.32395], [-45.969714, -22.324237], [-45.969801, -22.324513], [-45.96984, -22.324777], [-45.969853, -22.324995], [-45.969854, -22.325237], [-45.969843, -22.325513], [-45.969844, -22.325754], [-45.969882, -22.326007], [-45.969908, -22.326225], [-45.969996, -22.326454], [-45.970095, -22.326661], [-45.970183, -22.326879], [-45.970332, -22.327085], [-45.970444, -22.327326], [-45.970544, -22.327533], [-45.970632, -22.327739], [-45.970756, -22.327957], [-45.970807, -22.328198], [-45.97082, -22.32844], [-45.970859, -22.328704], [-45.970897, -22.328922], [-45.970922, -22.329152], [-45.970985, -22.32937], [-45.971085, -22.329599], [-45.971148, -22.329829], [-45.971198, -22.330082], [-45.971212, -22.330312], [-45.971188, -22.330576], [-45.97114, -22.330829], [-45.971117, -22.331117], [-45.971081, -22.331347], [-45.971032, -22.331577], [-45.970959, -22.331807], [-45.970837, -22.332095], [-45.970764, -22.332325], [-45.970691, -22.332544], [-45.970606, -22.332751], [-45.970508, -22.332958], [-45.970398, -22.333188], [-45.970263, -22.333384], [-45.970103, -22.333592], [-45.96998, -22.333834], [-45.969883, -22.334076], [-45.969797, -22.334306], [-45.969725, -22.334593], [-45.969689, -22.334858], [-45.96969, -22.335099], [-45.969679, -22.335341], [-45.96963, -22.335571], [-45.969569, -22.335789], [-45.969521, -22.336019], [-45.96951, -22.336238], [-45.969474, -22.336537], [-45.969438, -22.336755], [-45.969415, -22.3371], [-45.969379, -22.337353], [-45.969368, -22.337629], [-45.96932, -22.337848], [-45.969271, -22.338078], [-45.969248, -22.338331], [-45.969187, -22.338561], [-45.969089, -22.33878], [-45.969016, -22.33901], [-45.96898, -22.339263], [-45.968932, -22.339493], [-45.968908, -22.339735], [-45.968884, -22.339953], [-45.968762, -22.340172], [-45.968677, -22.340414], [-45.968566, -22.340644], [-45.968518, -22.340874], [-45.968458, -22.341173], [-45.968409, -22.341392], [-45.968275, -22.341668], [-45.968177, -22.341887], [-45.968104, -22.342106], [-45.968068, -22.342336], [-45.968057, -22.3426], [-45.968021, -22.34283], [-45.967935, -22.343072], [-45.967825, -22.343291], [-45.967715, -22.343521], [-45.967592, -22.343728], [-45.967507, -22.343947], [-45.967409, -22.344177], [-45.967311, -22.344396], [-45.967151, -22.344569], [-45.966892, -22.344662], [-45.966745, -22.344847], [-45.966585, -22.34502], [-45.966524, -22.345261], [-45.966464, -22.34548], [-45.966353, -22.345676], [-45.966206, -22.345883], [-45.966195, -22.346113], [-45.966405, -22.346227], [-45.966591, -22.346399], [-45.966679, -22.346605], [-45.966618, -22.346859], [-45.966508, -22.347077], [-45.96641, -22.347331], [-45.966288, -22.347527], [-45.966215, -22.347745], [-45.966154, -22.347987], [-45.966118, -22.348217], [-45.966045, -22.348436], [-45.965996, -22.348654], [-45.965911, -22.348919], [-45.965863, -22.349149], [-45.965591, -22.349173], [-45.965357, -22.349243], [-45.965308, -22.349461], [-45.965396, -22.34968], [-45.965471, -22.349898], [-45.965632, -22.350081], [-45.965671, -22.350345], [-45.965635, -22.350575], [-45.965586, -22.350817], [-45.965587, -22.351047], [-45.9657, -22.351276], [-45.965824, -22.351517], [-45.965936, -22.351723], [-45.965901, -22.351976], [-45.96584, -22.352206], [-45.965903, -22.352436], [-45.966101, -22.352619], [-45.966164, -22.352837], [-45.966177, -22.353067], [-45.966154, -22.353297], [-45.966192, -22.35355], [-45.966131, -22.353768], [-45.965922, -22.353884], [-45.965737, -22.354023], [-45.965639, -22.354242], [-45.96585, -22.354367], [-45.966134, -22.354366], [-45.966345, -22.354492], [-45.966321, -22.35471], [-45.966223, -22.354918], [-45.966261, -22.355147], [-45.966496, -22.355158], [-45.966755, -22.355019], [-45.966977, -22.354869], [-45.967223, -22.354799], [-45.967458, -22.354821], [-45.967693, -22.354854], [-45.968187, -22.354852], [-45.968459, -22.354828], [-45.968768, -22.354804], [-45.969015, -22.354849], [-45.969263, -22.354951], [-45.969498, -22.355008], [-45.969721, -22.355122], [-45.969969, -22.355201], [-45.970216, -22.355269], [-45.970427, -22.355395], [-45.970625, -22.355532], [-45.9707, -22.355796], [-45.970701, -22.356026], [-45.970826, -22.356221], [-45.971035, -22.356105], [-45.971258, -22.356208], [-45.971432, -22.356368], [-45.971655, -22.356516], [-45.971854, -22.356676], [-45.972052, -22.356825], [-45.972288, -22.356974], [-45.972511, -22.357099], [-45.972672, -22.357282], [-45.972858, -22.357488], [-45.973032, -22.357649], [-45.973194, -22.357832], [-45.973417, -22.358026], [-45.973578, -22.358187], [-45.973813, -22.358255], [-45.974061, -22.358265], [-45.974296, -22.358333], [-45.974506, -22.358436], [-45.974741, -22.358481], [-45.974964, -22.358595], [-45.975212, -22.358674], [-45.9752737, -22.3586992], [-45.975435, -22.358765], [-45.975669, -22.358776], [-45.975941, -22.358763], [-45.976188, -22.358693], [-45.976422, -22.358554], [-45.976657, -22.358473], [-45.976903, -22.358415], [-45.977151, -22.358402], [-45.977398, -22.358447], [-45.977682, -22.358469], [-45.9781728, -22.3585582], [-45.9781752, -22.3585587], [-45.978177, -22.358559], [-45.978449, -22.358512], [-45.978683, -22.358488], [-45.978943, -22.358533], [-45.979252, -22.358566], [-45.979512, -22.358599], [-45.979784, -22.35861], [-45.980315, -22.358608], [-45.980587, -22.358618], [-45.980884, -22.358766], [-45.981107, -22.358903], [-45.981318, -22.35904], [-45.981752, -22.359441], [-45.981963, -22.359578], [-45.982149, -22.359727], [-45.982335, -22.359864], [-45.982521, -22.360012], [-45.982695, -22.360184], [-45.982881, -22.360333], [-45.983067, -22.360493], [-45.983204, -22.360688], [-45.983218, -22.360929], [-45.98333, -22.361135], [-45.983479, -22.361353], [-45.983653, -22.361536], [-45.98379, -22.361743], [-45.983914, -22.361949], [-45.984064, -22.362213], [-45.984201, -22.362408], [-45.984338, -22.362591], [-45.98445, -22.36282], [-45.984587, -22.363015], [-45.984711, -22.363245], [-45.984799, -22.363463], [-45.984911, -22.363704], [-45.985024, -22.363899], [-45.985111, -22.364128], [-45.985248, -22.364392], [-45.985373, -22.364587], [-45.985534, -22.364804], [-45.985671, -22.364988], [-45.985919, -22.365102], [-45.98613, -22.365262], [-45.986329, -22.365468], [-45.986614, -22.365628], [-45.986849, -22.365742], [-45.987171, -22.365832], [-45.987406, -22.365877], [-45.98769, -22.365968], [-45.987938, -22.366036], [-45.988173, -22.366104], [-45.988396, -22.366195], [-45.988631, -22.366286], [-45.988854, -22.366377], [-45.989139, -22.366491], [-45.989386, -22.36657], [-45.989621, -22.366661], [-45.989906, -22.366763], [-45.990154, -22.36682], [-45.990426, -22.366865], [-45.99097, -22.366989], [-45.99123, -22.367045], [-45.991489, -22.367079], [-45.991737, -22.367135], [-45.991997, -22.367168], [-45.992219, -22.367248], [-45.992553, -22.367339], [-45.992789, -22.367418], [-45.993036, -22.367474], [-45.993222, -22.367612], [-45.993334, -22.36783], [-45.993582, -22.367955], [-45.993892, -22.368103], [-45.994115, -22.368217], [-45.994338, -22.368308], [-45.994573, -22.368353], [-45.994808, -22.368433], [-45.995031, -22.368547], [-45.995278, -22.368614], [-45.995514, -22.368705], [-45.995737, -22.368796], [-45.99596, -22.368945], [-45.996133, -22.369105], [-45.99632, -22.369265], [-45.996481, -22.369483], [-45.996594, -22.369678], [-45.996817, -22.369838], [-45.996929, -22.370067], [-45.997017, -22.370297], [-45.997104, -22.370538], [-45.997168, -22.370836], [-45.997255, -22.371054], [-45.997318, -22.371319], [-45.997381, -22.37156], [-45.997419, -22.371812], [-45.997458, -22.372042], [-45.997459, -22.372272], [-45.997472, -22.372525], [-45.997486, -22.372801], [-45.99749, -22.373582], [-45.997479, -22.373812], [-45.997455, -22.374042], [-45.997309, -22.374479], [-45.997162, -22.374698], [-45.997089, -22.37494], [-45.997028, -22.375182], [-45.996967, -22.3754], [-45.996894, -22.375642], [-45.996821, -22.375872], [-45.996761, -22.376114], [-45.996749, -22.376355], [-45.9968, -22.376573], [-45.997048, -22.37671], [-45.997246, -22.376882], [-45.997494, -22.377007], [-45.997742, -22.377202], [-45.997941, -22.377362], [-45.998115, -22.377579], [-45.998252, -22.377774], [-45.998426, -22.37798], [-45.998538, -22.378175], [-45.998687, -22.378405], [-45.998861, -22.378588], [-45.999035, -22.378805], [-45.999185, -22.378989], [-45.999334, -22.37916], [-45.999495, -22.379344], [-45.999706, -22.379492], [-45.999917, -22.379618], [-46.000238, -22.379894], [-46.000477, -22.380193], [-46.00065, -22.380423], [-46.000736, -22.380687], [-46.000798, -22.380917], [-46.00081, -22.381146], [-46.000809, -22.381376], [-46.000821, -22.381606], [-46.000821, -22.38187], [-46.000845, -22.382111], [-46.000845, -22.382341], [-46.000721, -22.38257], [-46.000696, -22.382788], [-46.000708, -22.383041], [-46.000708, -22.383271], [-46.000732, -22.383489], [-46.000782, -22.383707], [-46.000831, -22.383994], [-46.000904, -22.38427], [-46.000991, -22.384488], [-46.001114, -22.384695], [-46.001274, -22.384914], [-46.001447, -22.385086], [-46.001582, -22.385281], [-46.001742, -22.385488], [-46.00189, -22.385661], [-46.002051, -22.385891], [-46.002186, -22.386074], [-46.002482, -22.386442], [-46.002667, -22.386615], [-46.00284, -22.386822], [-46.002975, -22.387028], [-46.00316, -22.38727], [-46.003308, -22.387534], [-46.003407, -22.387775], [-46.003505, -22.388005], [-46.003579, -22.388246], [-46.003653, -22.388465], [-46.003689, -22.388786], [-46.003714, -22.389004], [-46.003726, -22.389246], [-46.003688, -22.389464], [-46.003676, -22.389682], [-46.003638, -22.390026], [-46.003613, -22.39029], [-46.003588, -22.390532], [-46.003588, -22.390796], [-46.003563, -22.391083], [-46.00355, -22.39137], [-46.003513, -22.391691], [-46.003475, -22.391932], [-46.00345, -22.392231], [-46.003413, -22.392495], [-46.003376, -22.392713], [-46.003363, -22.392931], [-46.003338, -22.393195], [-46.003325, -22.393425], [-46.003313, -22.393701], [-46.003312, -22.393965], [-46.003423, -22.394172], [-46.003472, -22.394401], [-46.003497, -22.394619], [-46.003533, -22.394838], [-46.003595, -22.395102], [-46.003681, -22.395366], [-46.003742, -22.395619], [-46.003816, -22.395837], [-46.003927, -22.396113], [-46.003988, -22.396343], [-46.004062, -22.396584], [-46.004234, -22.397089], [-46.004333, -22.397308], [-46.004419, -22.397537], [-46.004518, -22.397767], [-46.004665, -22.398204], [-46.004751, -22.398433], [-46.004825, -22.398686], [-46.00485, -22.398939], [-46.004886, -22.399157], [-46.004923, -22.399398], [-46.004972, -22.399708], [-46.005033, -22.399949], [-46.005095, -22.400202], [-46.005181, -22.400547], [-46.005242, -22.400788], [-46.005328, -22.401087], [-46.005402, -22.401339], [-46.005451, -22.401615], [-46.005476, -22.401856], [-46.005488, -22.40212], [-46.005512, -22.402396], [-46.005511, -22.402855], [-46.005486, -22.403108], [-46.005424, -22.403349], [-46.0053, -22.403808], [-46.005214, -22.404015], [-46.005115, -22.404233], [-46.005028, -22.404439], [-46.004966, -22.404681], [-46.004916, -22.404922], [-46.004866, -22.405174], [-46.004841, -22.405392], [-46.004829, -22.405622], [-46.004828, -22.406127], [-46.00484, -22.406391], [-46.00484, -22.406656], [-46.004889, -22.406874], [-46.004926, -22.407092], [-46.004975, -22.40731], [-46.005036, -22.407574], [-46.00511, -22.407804], [-46.005308, -22.407931], [-46.005579, -22.407977], [-46.005802, -22.407874], [-46.006136, -22.407495], [-46.006506, -22.40722], [-46.00731, -22.406222], [-46.007731, -22.40535], [-46.007942, -22.404787], [-46.008215, -22.403524], [-46.008277, -22.403295], [-46.00923, -22.401516]]]}}]}